Date,Open,High,Low,Close,Volume,Dividends,Stock Splits,종목명,Ticker,변화율(%),5일이평,20일이평,60일이평,RSI,Log_Return,EMA_12,EMA_26,MACD,MACD_Signal,MACD_Histogram,Bollinger_Mid,Bollinger_Upper,Bollinger_Lower,Bollinger_Bandwidth,Donchian_High,Donchian_Low,Momentum_10,Cumulative_Return,한국은행 기준금리,콜금리(익일물),예금은행 수신금리,예금은행 대출금리,가계신용,"M2(광의통화, 평잔)",실업률,소비자물가지수,농산물 및 석유류제외 소비자물가지수,UpdatedAt,Target_1D,Target_20D,Return_1D,Return_20D,Return,Predicted_Return_GB_1D,Predicted_Return_GB_20D,Predicted_Return_Dense_LSTM,예측종가_GB_1D,예측종가_GB_20D,예측종가_Dense_LSTM
2025-05-02,54664.7013121547,55161.6531422652,53869.5783839779,53968.96875,22454204,0.0,0.0,삼성전자,005930.KS,-2.1621607458702896,55082.140625,54873.4197265625,55817.34296875,41.647680657398794,-0.021858779336587773,55107.80947871957,55468.617855607445,-360.8083768878714,-325.2251200294275,-35.58325685844392,54873.4197265625,56895.35434975675,52851.48510336824,7.369450029794661,56254.9453125,52676.89453125,-795.12109375,65.21337443242513,3.5,2.783,2.71,4.19,1914605.2,4235818.7,2.9,116.38,116.38,2025-10-12 21:29:11,54267.13671875,57447.62890625,0.005524803894830768,0.06445667272917828,-0.021621607458702896,0.010409861429982447,0.012185469432983369,-0.14113382,54530.77823620655,54626.60596903275,46352.12390439212
2025-05-02,178818.29128024195,185596.2421202957,177821.53380376345,185396.890625,3886874,0.0,0.0,SK하이닉스,000660.KS,4.788741026801335,181549.4,176959.32890625,192959.55755208334,51.85834448708348,0.04677614717714871,180121.2658229066,182969.8454329485,-2848.5796100418956,-4344.072809803467,1495.4931997615713,176959.32890625,188771.0718535578,165147.58595894222,13.349669689994641,185396.890625,164265.625,10964.34375,228.5320133797859,3.5,2.783,2.71,4.19,1914605.2,4235818.7,2.9,116.38,116.38,2025-10-12 21:29:11,190181.328125,217186.296875,0.02580646031263503,0.17146677132951513,0.04788741026801335,0.0020810925707568763,0.027080906788408438,-0.038475707,185782.7187167211,190417.60653887637,178263.61691309232
2025-05-02,325000.0,327500.0,320500.0,320500.0,202479,0.0,0.0,LG에너지솔루션,373220.KS,-1.2326656394452962,336900.0,336000.0,342541.6666666667,41.64572408963912,-0.012403259783419912,336272.79690639,337450.29888843436,-1177.5019820443704,-140.57264696524186,-1036.9293350791286,336000.0,358412.40258146223,313587.59741853777,13.340715822298947,350000.0,314000.0,-22000.0,-36.53465346534654,3.5,2.783,2.71,4.19,1914605.2,4235818.7,2.9,116.38,116.38,2025-10-12 21:29:11,322500.0,288500.0,0.0062402496099844,-0.0998439937597504,-0.012326656394452962,0.10302391776790645,0.1136126557883932,-0.05044013,353519.165644614,356912.85618018004,304333.9374959469
2025-05-02,1043000.0,1086000.0,1042000.0,1085000.0,73970,0.0,0.0,삼성바이오로직스,207940.KS,3.136882129277563,1052400.0,1043050.0,1088616.6666666667,56.689387407314506,0.03088687267690472,1054325.7383862182,1055357.7373237242,-1031.9989375059959,-5575.104944965404,4543.106007459408,1043050.0,1092995.1277851413,993104.8722148587,9.576746615242097,1085000.0,992000.0,26000.0,193.1864383708089,3.5,2.783,2.71,4.19,1914605.2,4235818.7,2.9,116.38,116.38,2025-10-12 21:29:11,1041000.0,1034000.0,-0.04055299539170507,-0.047004608294930875,0.03136882129277563,-0.09958378592813735,-0.010195475242998724,-3.0040193,976951.592267971,1073937.9093613464,-2174360.897541046
2025-05-02,185509.86658526928,185802.46889849525,183559.1844970961,184729.59375,464020,0.0,0.0,현대차,005380.KS,-0.6295891608391613,185431.846875,181018.4296875,190172.503125,48.77798634290113,-0.006315794314794756,184180.74129161052,185534.66330340423,-1353.9220117937075,-2517.3487558406327,1163.4267440469253,181018.4296875,190697.94747795214,171338.91189704786,10.6945108375565,188045.765625,173123.03125,7510.109375,106.72706547505703,3.5,2.783,2.71,4.19,1914605.2,4235818.7,2.9,116.38,116.38,2025-10-12 21:29:11,182974.0,183886.359375,-0.009503586915131187,-0.004564695660735193,-0.006295891608391613,0.006447077974956115,-0.022612930519662674,-0.038151138,185920.55984518823,180552.31628160574,177681.94823649153
2025-05-02,38150.0,38650.0,37950.0,38050.0,1350989,0.0,0.0,카카오,035720.KS,-0.5228758169934622,38150.0,39005.0,41113.25533854167,41.207130953231136,-0.005242475964849983,38675.892646032735,39469.49447883343,-793.6018328006976,-793.6204460229427,0.018613222245107863,39005.0,40965.638993609435,37044.361006390565,10.053270060809817,41850.0,37750.0,-150.0,87.53230166309585,3.5,2.783,2.71,4.19,1914605.2,4235818.7,2.9,116.38,116.38,2025-10-12 21:29:11,38350.0,41600.0,0.00788436268068331,0.09329829172141918,-0.005228758169934622,0.00816592310813121,-0.00967225193677276,-0.13311803,38360.71337426439,37681.9708138058,32984.858828783035
2025-05-02,91000.0,91000.0,88600.0,89400.0,768903,0.0,0.0,기아,000270.KS,-1.106194690265483,89460.0,86965.0,90035.35143229166,50.8832308635946,-0.011123585218662316,88721.0801943977,89007.82429218388,-286.7440977861843,-896.0911219182785,609.3470241320942,86965.0,92230.68833907007,81699.31166092993,12.10990246437088,90600.0,82000.0,4400.0,248.9159189229075,3.5,2.783,2.71,4.19,1914605.2,4235818.7,2.9,116.38,116.38,2025-10-12 21:29:11,88100.0,89600.0,-0.0145413870246085,0.0022371364653243847,-0.011061946902654829,0.004648683369980383,0.006879371140402703,0.14758429,89815.59229327625,90015.01577995201,102594.03812885284
2025-05-02,216000.0,217500.0,207000.0,210000.0,377264,0.0,0.0,LG화학,051910.KS,-2.777777777777779,219400.0,219650.0,233792.34635416666,39.27870039092342,-0.028170876966696335,220073.94234662715,225079.81936765317,-5005.877021026012,-5046.694991435907,40.81797040989477,219650.0,232403.12139291794,206896.87860708206,11.612220708325003,229500.0,203500.0,-11000.0,-33.50161120054529,3.5,2.783,2.71,4.19,1914605.2,4235818.7,2.9,116.38,116.38,2025-10-12 21:29:11,208000.0,198700.0,-0.009523809523809525,-0.05380952380952381,-0.02777777777777779,0.009011922469423114,0.1261646366458531,-0.034899283,211892.50371857887,236494.57369562914,202671.1481809616
2025-05-02,199800.0,200500.0,197300.0,197400.0,280801,0.0,0.0,NAVER,035420.KS,-1.5461346633416473,196680.0,189205.0,205391.61067708334,54.040984601078314,-0.015582119747242681,193721.13161327576,194365.30450251236,-644.1728892365936,-2897.877034274942,2253.7041450383485,189205.0,202714.05739049404,175695.94260950596,14.279810142960322,200500.0,176900.0,13800.0,70.70680380844696,3.5,2.783,2.71,4.19,1914605.2,4235818.7,2.9,116.38,116.38,2025-10-12 21:29:11,199100.0,185500.0,0.008611955420466059,-0.06028368794326241,-0.015461346633416473,0.0034433325047607743,0.009414407865550421,-0.04167242,198079.71383643977,199258.40411265966,189173.86654615402
2025-05-02,253243.1723336595,254715.51635885518,250789.265625,250789.265625,173041,0.0,0.0,POSCO홀딩스,005490.KS,-1.9193854446787117,255402.60625,252187.9890625,267878.47421875,41.63293488115311,-0.019380447962140158,254296.91916562288,259504.74483167415,-5207.825666051271,-6626.599491662506,1418.7738256112352,252187.9890625,262885.023536389,241490.95458861103,8.48338139627889,267966.59375,244899.890625,1472.34375,35.6054933930553,3.5,2.783,2.71,4.19,1914605.2,4235818.7,2.9,116.38,116.38,2025-10-12 21:29:11,256678.640625,243494.28125,0.02348336155984547,-0.029088104535973398,-0.019193854446787117,0.011318351493747911,0.022975742085420428,-0.0036971178,253627.78668420264,256551.33510979198,249862.07330781687
2025-05-07,54167.74635845925,54664.698159913,53968.96563787774,54267.13671875,17136991,0.0,0.0,삼성전자,005930.KS,0.5524803894830788,54863.48125,54798.876953125,55832.565104166664,43.5064279526503,0.005509598145937021,54978.47520795502,55379.61925287726,-401.1440449222355,-340.4089050079891,-60.73513991424636,54798.876953125,56793.23854957993,52804.51535667007,7.278841127203793,56254.9453125,52676.89453125,-695.734375,66.12614592696752,3.5,2.783,2.71,4.19,1914605.2,4235818.7,2.9,116.38,116.38,2025-10-12 21:29:11,54267.13671875,58739.703125,0.0,0.08241758597712545,0.005524803894830788,0.003455247571734942,0.011651969322942476,-0.1427107,54454.64311112247,54899.4557310408,46522.636425014585
2025-05-07,187091.3799217112,190879.0583644523,185297.21644883385,190181.328125,3830097,0.0,0.0,SK하이닉스,000660.KS,2.5806460312635116,182825.253125,177387.93515625,192770.29375,55.47727275170977,0.025479093781855578,181668.96771553636,183504.02933606342,-1835.0616205270635,-3842.2705719481864,2007.208951421123,177387.93515625,190464.49438615463,164311.37592634535,14.7434595463173,190181.328125,164265.625,15748.78125,237.0102617445014,3.5,2.783,2.71,4.19,1914605.2,4235818.7,2.9,116.38,116.38,2025-10-12 21:29:11,189682.9375,224176.203125,-0.002620607553399901,0.1787498033332498,0.025806460312635116,-0.00283656099416768,0.027695208648059997,-0.033261243,189641.86718782163,195448.43968838704,183855.66141635645
2025-05-07,322000.0,324500.0,319000.0,322500.0,217160,0.0,0.0,LG에너지솔루션,373220.KS,0.6240249609984483,332700.0,335675.0,342216.6666666667,42.76706913955424,0.0062208598751025326,334153.9050746377,336342.86934114294,-2188.964266505267,-550.2509708732468,-1638.7132956320202,335675.0,358695.0713337378,312654.9286662622,13.715690077448611,350000.0,314000.0,-15500.0,-36.13861386138614,3.5,2.783,2.71,4.19,1914605.2,4235818.7,2.9,116.38,116.38,2025-10-12 21:29:11,327500.0,291000.0,0.015503875968992248,-0.09767441860465116,0.006240249609984483,0.07141437588022788,0.11153831557988537,-0.043721862,345531.1362213735,358471.1067745131,308399.7018635273
2025-05-07,1070000.0,1070000.0,1034000.0,1041000.0,119871,0.0,0.0,삼성바이오로직스,207940.KS,-4.055299539170509,1053600.0,1041650.0,1087816.6666666667,47.2120456494064,-0.04139819735959107,1052275.6247883386,1054294.2012256705,-2018.576437331969,-4863.799243438717,2845.222806106748,1041650.0,1090079.1126015005,993220.8873984994,9.298538396102439,1085000.0,992000.0,-8000.0,181.29685008664705,3.5,2.783,2.71,4.19,1914605.2,4235818.7,2.9,116.38,116.38,2025-10-12 21:29:11,1036000.0,1019000.0,-0.004803073967339097,-0.021133525456292025,-0.04055299539170509,-0.09739713938194948,-0.006213423434250994,-3.1758678,939609.5779033906,1034531.8262049446,-2265078.3755779266
2025-05-07,186680.2963752665,186680.2963752665,181901.12473347547,182974.0,666181,0.0,0.0,현대차,005380.KS,-0.9503586915131201,185197.765625,180813.60859375,190010.85833333334,46.66241866182997,-0.009549034167737284,183995.0887852089,185344.98454018912,-1349.8957549802144,-2283.858155668549,933.9624006883346,180813.60859375,190120.0938177345,171507.12336976547,10.294009722348088,188045.765625,173123.03125,390.140625,104.76241684060481,3.5,2.783,2.71,4.19,1914605.2,4235818.7,2.9,116.38,116.38,2025-10-12 21:29:11,182486.3125,187445.453125,-0.0026653376982522107,0.024437642096691334,-0.009503586915131201,0.01116942169517953,-0.020712177919481944,-0.035786558,185017.71376525375,179184.2099573607,176425.98830211163
2025-05-07,38350.0,38550.0,37800.0,38350.0,1891623,0.0,0.0,카카오,035720.KS,0.7884362680683266,38230.0,38830.0,40998.5603515625,43.25233959647564,0.007853443505570304,38625.75531587385,39386.568961882804,-760.8136460089518,-787.0590860201446,26.24544001119284,38830.0,40279.64605484049,37380.35394515951,7.466629177648657,40650.0,37750.0,-650.0,89.01087434375101,3.5,2.783,2.71,4.19,1914605.2,4235818.7,2.9,116.38,116.38,2025-10-12 21:29:11,37000.0,44300.0,-0.035202086049543675,0.15514993481095177,0.007884362680683266,0.0008370424089940608,-0.018308122338185823,-0.1335694,38382.100576384924,37647.883508330575,33227.6127666235
2025-05-07,90200.0,90400.0,87500.0,88100.0,1093539,0.0,0.0,기아,000270.KS,-1.4541387024608499,89440.0,86885.0,89965.35143229166,47.74983428140389,-0.01464814923733463,88625.5293952596,88940.5780483184,-315.0486530588096,-779.8826281463848,464.83397508757525,86885.0,92022.79596407145,81747.20403592855,11.826658143687528,90600.0,82000.0,800.0,243.8421975068026,3.5,2.783,2.71,4.19,1914605.2,4235818.7,2.9,116.38,116.38,2025-10-12 21:29:11,87800.0,93100.0,-0.00340522133938706,0.056753688989784334,-0.014541387024608499,0.011652475023497295,0.006924074709464605,0.11108989,89126.58304957011,88710.01098190383,97887.02414035797
2025-05-07,212500.0,213000.0,206500.0,208000.0,369484,0.0,0.0,LG화학,051910.KS,-0.952380952380949,216100.0,218575.0,233572.76770833333,38.214255002399135,-0.009569451016150672,218216.41275483835,223814.64756264183,-5598.23480780347,-5157.002954709419,-441.2318530940511,218575.0,231456.13675922508,205693.86324077492,11.786468497518083,225500.0,203500.0,-12500.0,-34.13492918911152,3.5,2.783,2.71,4.19,1914605.2,4235818.7,2.9,116.38,116.38,2025-10-12 21:29:11,209000.0,201500.0,0.004807692307692308,-0.03125,-0.00952380952380949,-0.006050337819125838,0.12097653303558585,-0.03497565,206741.52973362184,233163.11887140185,200725.06523132324
2025-05-07,200000.0,202000.0,198200.0,199100.0,622014,0.0,0.0,NAVER,035420.KS,0.8611955420466,197800.0,189270.0,204862.15130208334,56.147583528620636,0.00857508407076934,194548.64982661797,194716.02268751143,-167.37286089346162,-2351.776199598646,2184.4033387051845,189270.0,202964.42452820158,175575.57547179842,14.470781981509564,200500.0,176900.0,11600.0,72.17692319281555,3.5,2.783,2.71,4.19,1914605.2,4235818.7,2.9,116.38,116.38,2025-10-12 21:29:11,188700.0,191200.0,-0.052235057759919636,-0.03967855349070819,0.008611955420466,-0.0013052770709833593,0.007662289185772418,-0.04379269,198840.1193351672,200625.5617768873,190380.8803975582
2025-05-07,254224.73392686422,261095.67268164436,254224.73392686422,256678.640625,282409,0.0,0.0,POSCO홀딩스,005490.KS,2.348336155984554,255697.078125,251623.59140625,268224.47213541664,47.368830178232834,0.023211869572654538,254663.33785168087,259295.4037793279,-4632.065927647025,-6227.69277885941,1595.6268512123852,251623.59140625,259680.71362108484,243566.46919141515,6.404107158479035,257660.203125,244899.890625,8343.28125,38.78996622390565,3.5,2.783,2.71,4.19,1914605.2,4235818.7,2.9,116.38,116.38,2025-10-12 21:29:11,256678.640625,254900.328125,0.0,-0.006928167048375726,0.02348336155984554,0.006904423358240837,0.0027209574085109095,-0.0066591077,258450.8586268928,257377.05227381512,254969.39432279672
2025-05-08,54764.08852020375,55161.649961366755,54167.74635845925,54267.13671875,16320532,0.0,0.0,삼성전자,005930.KS,0.0,54624.94375,54868.4501953125,55852.72740885417,43.5064279526503,0.0,54869.038517308094,55297.2131392382,-428.1746219301058,-357.9620483924125,-70.21257353769329,54868.4501953125,56667.87949235299,53069.02089827201,6.559067335181343,56254.9453125,52676.89453125,-795.125,66.12614592696752,3.5,2.783,2.71,4.19,1914605.2,4235818.7,2.9,116.38,116.38,2025-10-12 21:29:11,54465.91796875,59435.4375,0.00366301341878829,0.09523813294288447,0.0,0.003022621323333045,0.010199163291637003,-0.14022124,54431.16572335233,54820.61610751412,46657.73161793547
2025-05-08,195364.4548081976,195364.4548081976,188785.8558197583,189682.9375,5125330,0.0,0.0,SK하이닉스,000660.KS,-0.26206075533998785,184479.86875,178658.80078125,192580.97630208332,55.01334466559067,-0.002624047356270838,182901.88614391538,183961.72623709575,-1059.8400931803626,-3285.7844761946217,2225.944383014259,178658.80078125,191298.77893081988,166018.82263168012,14.149852225915572,190181.328125,164464.96875,13655.578125,236.1270901070005,3.5,2.783,2.71,4.19,1914605.2,4235818.7,2.9,116.38,116.38,2025-10-12 21:29:11,189483.578125,228669.703125,-0.0010510137476123808,0.2055364923110177,-0.0026206075533998785,-0.0012077495019936048,0.03302577580122811,-0.0475999,189453.84802669767,195947.36366719333,180654.04642594606
2025-05-08,322000.0,329000.0,319500.0,327500.0,384939,0.0,0.0,LG에너지솔루션,373220.KS,1.5503875968992276,329000.0,335900.0,342075.0,45.582407525282676,0.015384918839479456,333130.22737084725,335687.8419825398,-2557.614611692552,-951.723699037108,-1605.890912655444,335900.0,358482.24733583204,313317.75266416796,13.445815621215862,350000.0,314000.0,-5000.0,-35.148514851485146,3.5,2.783,2.71,4.19,1914605.2,4235818.7,2.9,116.38,116.38,2025-10-12 21:29:11,318000.0,285000.0,-0.02900763358778626,-0.1297709923664122,0.015503875968992276,0.029977824068005365,0.10054497895518491,-0.039767057,337317.73738227173,360428.48060782306,314476.2986898422
2025-05-08,1047000.0,1055000.0,1036000.0,1036000.0,67903,0.0,0.0,삼성바이오로직스,207940.KS,-0.4803073967339144,1053400.0,1043050.0,1085750.0,46.2654946916847,-0.004814645795540563,1049771.6825132095,1052939.0752089543,-3167.3926957447547,-4524.517933899925,1357.1252381551703,1043050.0,1088935.3261718291,997164.6738281709,8.79829848460364,1085000.0,992000.0,-36000.0,179.9457605089014,3.5,2.783,2.71,4.19,1914605.2,4235818.7,2.9,116.38,116.38,2025-10-12 21:29:11,1040000.0,1033000.0,0.003861003861003861,-0.0028957528957528956,-0.004803073967339144,-0.09781245249029065,-0.0012022728634072833,-2.836525,934666.2992200588,1034754.4453135101,-1902639.8620605469
2025-05-08,182973.983030465,184241.92640967396,182486.3125,182486.3125,543972,0.0,0.0,현대차,005380.KS,-0.2665337698252168,184827.134375,181203.7453125,189888.42526041667,46.064731562065454,-0.0026688960349607067,183762.96935671524,185133.23105573066,-1370.2616990154202,-2101.138864337923,730.8771653225031,181203.7453125,190072.10659159938,172335.3840334006,9.788275914281146,188045.765625,173123.03125,-195.078125,104.21665585181432,3.5,2.783,2.71,4.19,1914605.2,4235818.7,2.9,116.38,116.38,2025-10-12 21:29:11,185217.265625,195552.28125,0.014965249106011718,0.07159971929401554,-0.002665337698252168,0.010375246672650171,-0.018529707290831858,-0.032779556,184379.6530065698,179104.89454479175,176504.48884347826
2025-05-08,38200.0,38250.0,36900.0,37000.0,4639380,0.0,0.0,카카오,035720.KS,-3.520208604954367,38020.0,38647.5,40874.67858072917,37.01268248814534,-0.03583661516904074,38375.639113431724,39209.78607581741,-834.1469623856829,-796.4766612932523,-37.67030109243058,38647.5,40050.68247307176,37244.31752692824,7.261439798547195,40000.0,37000.0,-1900.0,82.35729728080281,3.5,2.783,2.71,4.19,1914605.2,4235818.7,2.9,116.38,116.38,2025-10-12 21:29:11,36950.0,51400.0,-0.0013513513513513514,0.3891891891891892,-0.03520208604954367,0.00937420098470707,-0.010470633697425492,-0.13333711,37346.84543643416,36612.58655319526,32066.52581691742
2025-05-08,88100.0,88700.0,87800.0,87800.0,1161546,0.0,0.0,기아,000270.KS,-0.34052213393870323,89260.0,87045.0,89926.16276041667,47.030088598314954,-0.003411032301062821,88498.52487291196,88856.09078548002,-357.56591256805405,-695.4192850307187,337.85337246266465,87045.0,92081.4879158322,82008.5120841678,11.572147546285715,90600.0,82000.0,-200.0,242.67133871847065,3.5,2.783,2.71,4.19,1914605.2,4235818.7,2.9,116.38,116.38,2025-10-12 21:29:11,89300.0,95300.0,0.017084282460136675,0.08542141230068337,-0.0034052213393870323,0.010571715548389609,-0.003931493449652585,0.04710253,88728.1966251486,87454.8148751205,91935.60569286346
2025-05-08,208000.0,211500.0,207500.0,209000.0,371941,0.0,0.0,LG화학,051910.KS,0.48076923076922906,213700.0,218350.0,233452.87916666668,39.10287836776365,0.0047961722634930135,216798.50310024785,222717.2662617054,-5918.763161457551,-5309.354996059045,-609.4081653985058,218350.0,231751.09971918506,204948.90028081494,12.27487952295403,225500.0,203500.0,-8500.0,-33.8182701948284,3.5,2.783,2.71,4.19,1914605.2,4235818.7,2.9,116.38,116.38,2025-10-12 21:29:11,205500.0,201500.0,-0.01674641148325359,-0.03588516746411483,0.004807692307692291,-0.010022702283915878,0.11842362921313998,-0.03279435,206905.25522266157,233750.53850554625,202145.97952365875
2025-05-08,195100.0,196600.0,188500.0,188700.0,1199556,0.0,0.0,NAVER,035420.KS,-5.223505775991965,196440.0,189115.0,204267.16328125,43.12471901258709,-0.053648758695646094,193648.8575455998,194270.3913773254,-621.5338317255955,-2005.727726024036,1384.1938942984405,189115.0,202758.93445341685,175471.06554658315,14.429246176577054,200500.0,176900.0,1200.0,63.183251664913584,3.5,2.783,2.71,4.19,1914605.2,4235818.7,2.9,116.38,116.38,2025-10-12 21:29:11,191000.0,198500.0,0.012188659247482777,0.051934287228404874,-0.052235057759919656,0.026528134066011184,0.021543757444864003,-0.041942198,193705.85889825632,192765.30702984583,180785.5107843876
2025-05-08,258641.7659835086,259623.32866276288,255206.29660611853,256678.640625,298053,0.0,0.0,POSCO홀딩스,005490.KS,0.0,255500.765625,251942.59921875,268627.2203125,47.368830178232834,0.0,254973.3844321915,259101.56947159988,-4128.185039408389,-5807.7912309692065,1679.606191560818,251942.59921875,260279.19048981424,243606.00794768575,6.617849698236995,257660.203125,244899.890625,10306.40625,38.78996622390565,3.5,2.783,2.71,4.19,1914605.2,4235818.7,2.9,116.38,116.38,2025-10-12 21:29:11,253733.953125,255892.15625,-0.011472273239525616,-0.003064081892770465,0.0,0.006904423358240837,0.0055831534646205855,-0.0030172085,258450.8586268928,258111.7168666996,255904.1931369044
2025-05-09,54366.52760749315,54664.698691263686,54068.35652372263,54465.91796875,7814322,0.0,0.0,삼성전자,005930.KS,0.36630134187882746,54426.1625,54933.05390625,55844.91497395833,44.86436124014757,0.0036563209232900033,54807.01997137608,55235.63571920204,-428.6157478259556,-372.0927882791211,-56.5229595468345,54933.05390625,56560.910807116314,53305.19700538369,5.9266936210917684,56254.9453125,52676.89453125,-198.78125,66.7346682287096,3.5,2.783,2.71,4.19,1914605.2,4235818.7,2.9,116.38,116.38,2025-10-12 21:29:11,57248.84765625,58839.09375,0.0510948826584859,0.08029196870892957,0.0036630134187882746,0.003022621323333045,0.011003771048200058,-0.13888897,54630.54781379725,55065.24846000817,46901.20353262173
2025-05-09,191377.41714886902,192174.82305365597,186194.27876775383,189483.578125,2539822,0.0,0.0,SK하이닉스,000660.KS,-0.1051013747612406,186333.834375,179685.46015625,192469.21536458333,54.815878169145925,-0.0010515664498602858,183914.45414100532,184370.75230286643,-456.2981618611084,-2719.887213327919,2263.589051466811,179685.46015625,192340.76870360778,167030.1516088922,14.086068551515583,190181.328125,164464.96875,16247.140625,235.77381591435307,3.5,2.783,2.71,4.19,1914605.2,4235818.7,2.9,116.38,116.38,2025-10-12 21:29:11,194367.703125,230167.546875,0.02577598042178622,0.21470973449298747,-0.001051013747612406,-0.00283656099416768,-0.012811060783749722,-0.05530269,188946.09639825532,187056.09248811824,179004.62852610182
2025-05-09,327500.0,327500.0,317500.0,318000.0,252119,0.0,0.0,LG에너지솔루션,373220.KS,-2.900763358778624,322600.0,335900.0,341600.0,41.414000806053515,-0.029436672295129755,330802.5000830246,334377.63146531465,-3575.131382290041,-1476.4052356876946,-2098.7261466023465,335900.0,358482.24733583204,313317.75266416796,13.445815621215862,350000.0,314000.0,-14000.0,-37.02970297029703,3.5,2.783,2.71,4.19,1914605.2,4235818.7,2.9,116.38,116.38,2025-10-12 21:29:11,321500.0,288500.0,0.0110062893081761,-0.09276729559748427,-0.02900763358778624,0.12133227296854139,0.11883315256196546,-0.034890544,356583.6628039961,355788.942514705,306904.81066703796
2025-05-09,1042000.0,1043000.0,1032000.0,1040000.0,37554,0.0,0.0,삼성바이오로직스,207940.KS,0.38610038610038533,1050800.0,1044850.0,1084250.0,47.17788701190766,0.0038535693159899723,1048268.3467419465,1051980.6251934762,-3712.2784515296808,-4362.070037425877,649.791585896196,1044850.0,1086954.0065602013,1002745.9934397987,8.05933991677299,1085000.0,992000.0,-35000.0,181.0266321710979,3.5,2.783,2.71,4.19,1914605.2,4235818.7,2.9,116.38,116.38,2025-10-12 21:29:11,991000.0,1040000.0,-0.047115384615384615,0.0,0.0038610038610038533,-0.09817216550675104,-0.019716048050712923,-2.6407442,937900.947872979,1019495.3100272586,-1706373.9776611328
2025-05-09,186485.2089915745,188630.95930423908,184827.12920451554,185217.265625,514047,0.0,0.0,현대차,005380.KS,1.4965249106011713,184261.434375,181725.55234375,189828.86588541666,49.932164221549634,0.01485437457366115,183986.70724414365,185139.45583863952,-1152.7485944958753,-1911.4608103695139,758.7122158736386,181725.55234375,190223.10422652386,173228.00046097612,9.35207159717418,188045.765625,173123.03125,4193.953125,107.27280897823337,3.5,2.783,2.71,4.19,1914605.2,4235818.7,2.9,116.38,116.38,2025-10-12 21:29:11,190971.78125,194761.359375,0.03106900215582966,0.05152917962477344,0.014965249106011713,-0.00023885249509879726,-0.026476925871392623,-0.03041402,185173.0260189701,180313.28181294483,179584.0593999857
2025-05-09,37150.0,37200.0,36850.0,36950.0,1076784,0.0,0.0,카카오,035720.KS,-0.13513513513513375,37720.0,38542.5,40783.24654947917,36.800928879597826,-0.0013522652500136498,38156.310019057615,39042.39451464575,-886.084495588133,-814.3982281522285,-71.68626743590448,38542.5,40122.065230021784,36962.934769978216,8.19648559393804,40000.0,36950.0,-2250.0,82.1108685006936,3.5,2.783,2.71,4.19,1914605.2,4235818.7,2.9,116.38,116.38,2025-10-12 21:29:11,38100.0,50000.0,0.03112313937753721,0.3531799729364005,-0.0013513513513513375,0.007945749100447921,-0.010776063156060445,-0.13709283,37243.59542926155,36551.824466383565,31884.419977664948
2025-05-09,89400.0,90700.0,89200.0,89300.0,967229,0.0,0.0,기아,000270.KS,1.7084282460136713,89000.0,87295.0,89941.557421875,51.00657658376026,0.016939987241382425,88621.82873861783,88888.97294951853,-267.1442109007039,-609.7642702047158,342.6200593040119,87295.0,92253.55454320133,82336.44545679867,11.360454878747538,90600.0,82000.0,2500.0,248.52563266013016,3.5,2.783,2.71,4.19,1914605.2,4235818.7,2.9,116.38,116.38,2025-10-12 21:29:11,92400.0,94500.0,0.03471444568868981,0.05823068309070549,0.017084282460136713,-9.992620576375447e-05,-0.001198462624242364,0.029603077,89291.0765898253,89192.97728765516,91943.55894327164
2025-05-09,210000.0,210000.0,205000.0,205500.0,253846,0.0,0.0,LG화학,051910.KS,-1.674641148325362,209700.0,218050.0,233208.23854166668,37.09210269665715,-0.01688821802852174,215060.27185405587,221441.91320528276,-6381.641351226892,-5523.812267092615,-857.8290841342769,218050.0,232336.17292494507,203763.82707505493,13.103575257917976,225500.0,203500.0,-10000.0,-34.92657667481932,3.5,2.783,2.71,4.19,1914605.2,4235818.7,2.9,116.38,116.38,2025-10-12 21:29:11,210500.0,206500.0,0.024330900243309004,0.004866180048661801,-0.01674641148325362,0.04503747009411093,0.12177913950833479,-0.029056024,214755.2001043398,230525.6131689628,199528.98940443993
2025-05-09,190000.0,192100.0,189500.0,191000.0,558440,0.0,0.0,NAVER,035420.KS,1.2188659247482692,195340.0,189685.0,203677.33776041667,46.102048455499315,0.012114975672125257,193241.3410001229,194028.14016419018,-786.7991640672844,-1761.9420136326858,975.1428495654013,189685.0,202587.59459834086,176782.40540165914,13.604232910710767,200500.0,176900.0,-2700.0,65.17223671435343,3.5,2.783,2.71,4.19,1914605.2,4235818.7,2.9,116.38,116.38,2025-10-12 21:29:11,190200.0,200000.0,-0.004188481675392671,0.04712041884816754,0.012188659247482692,0.007101897533005156,0.012591751911292148,-0.03558892,192356.46242880396,193405.02461505678,184202.5162577629
2025-05-09,257660.2038503385,260114.11055367507,253243.1717843327,253733.953125,216958,0.0,0.0,POSCO홀딩스,005490.KS,-1.1472273239525599,254715.515625,252286.14609375,269013.3190104167,44.81497710017175,-0.011538587437097037,254782.70269262357,258703.96826074063,-3921.265568117058,-5430.486098398777,1509.2205302817192,252286.14609375,260301.46526622187,244270.82692127812,6.354149283721168,257660.203125,244899.890625,6380.15625,37.19772980848046,3.5,2.783,2.71,4.19,1914605.2,4235818.7,2.9,116.38,116.38,2025-10-12 21:29:11,258150.984375,259859.46875,0.017408120575112724,0.024141489735834895,-0.011472273239525599,0.009849068934468626,0.0033583057292941405,-0.006931968,256232.99632034334,254586.06931349612,251975.07936343644
2025-05-12,54863.47900390625,57248.84765625,54664.6982828776,57248.84765625,15414702,0.0,0.0,삼성전자,005930.KS,5.109488265848583,54843.6015625,55161.6515625,55881.83802083333,59.53057306463732,0.04983236627712956,55182.68576904899,55384.76252935374,-202.07676030474977,-338.08958268424686,136.0128223794971,55161.6515625,56738.765430454434,53584.53769454557,5.71815318534293,57248.84765625,53968.96875,1888.4140625,75.25395653695708,3.5,2.783,2.71,4.19,1914605.2,4235818.7,2.9,116.38,116.38,2025-10-12 21:29:11,56553.1171875,59534.828125,-0.01215274188447434,0.039930593581134446,0.05109488265848583,0.022451862428313818,-0.016316340429083427,-0.1378823,58534.19090800762,56314.75596871789,49355.245311552426
2025-05-12,192972.24269230771,194567.05461538464,192872.56694711538,194367.703125,1624884,0.0,0.0,SK하이닉스,000660.KS,2.5775980421786304,189822.4875,181180.596875,192412.446875,58.72473720102699,0.02544938023952272,185522.6462923891,185111.26717858002,411.3791138090892,-2093.633947900518,2505.013061709607,181180.596875,193319.62646707948,169041.5672829205,13.399922289089755,194367.703125,173236.4375,13954.609375,244.42871521950988,3.5,2.783,2.71,4.19,1914605.2,4235818.7,2.9,116.38,116.38,2025-10-12 21:29:11,197856.34375,239653.84375,0.017948664150012707,0.23299210669725304,0.025775980421786304,-0.00283656099416768,-0.02929802990964135,-0.05630214,193816.36727978967,188673.11234537547,183424.3873926429
2025-05-12,320500.0,322000.0,318000.0,321500.0,133817,0.0,0.0,LG에너지솔루션,373220.KS,1.1006289308176154,322000.0,336275.0,341241.6666666667,43.4652454548361,0.010946160897497295,329371.3462240977,333423.7328382543,-4052.386614156596,-1991.601511381475,-2060.7851027751212,336275.0,357536.4674940337,315013.5325059663,12.64528584880451,350000.0,318000.0,-27500.0,-36.336633663366335,3.5,2.783,2.71,4.19,1914605.2,4235818.7,2.9,116.38,116.38,2025-10-12 21:29:11,312000.0,292500.0,-0.029548989113530325,-0.09020217729393468,0.011006289308176154,0.06885919156838767,0.11291699478889303,-0.03896287,343638.23008923663,357802.8138246291,308973.4466075897
2025-05-12,1041000.0,1042000.0,989000.0,991000.0,144757,0.0,0.0,삼성바이오로직스,207940.KS,-4.711538461538467,1038600.0,1044800.0,1081200.0,38.54400714874232,-0.04826145780543042,1039457.8318585702,1047463.5418458113,-8005.709987241076,-5090.798027388917,-2914.9119598521593,1044800.0,1087169.800565974,1002430.1994340259,8.110605008800553,1085000.0,991000.0,-75000.0,167.7859543091904,3.5,2.783,2.71,4.19,1914605.2,4235818.7,2.9,116.38,116.38,2025-10-12 21:29:11,1000000.0,1043000.0,0.009081735620585268,0.05247225025227043,-0.04711538461538467,-0.06965974068718177,0.016457372876734096,-2.6255496,921967.1969790029,1007309.2565208435,-1610919.6088314056
2025-05-12,187167.95108209908,190971.78125,186680.2805477528,190971.78125,569602,0.0,0.0,현대차,005380.KS,3.106900215582975,185275.790625,182593.60625,189865.21510416668,56.938879269894926,0.030596130201520366,185061.33401427537,185571.47994318474,-510.1459289093618,-1631.1978340774835,1121.0519051681217,182593.60625,191147.6014687657,174039.61103123432,9.3694356494103,190971.78125,173123.03125,5656.96875,113.71256832722301,3.5,2.783,2.71,4.19,1914605.2,4235818.7,2.9,116.38,116.38,2025-10-12 21:29:11,191849.578125,198715.90625,0.004596474250040541,0.040551148181742165,0.03106900215582975,-0.000494528104183118,-0.026690431050907498,-0.03205437,190877.34033706595,185874.66208987788,184850.30212998576
2025-05-12,37100.0,38100.0,37050.0,38100.0,1737798,0.0,0.0,카카오,035720.KS,3.11231393775373,37690.0,38495.0,40705.15670572917,44.64512830273762,0.030648634738444584,38147.6469392026,38972.58751356087,-824.9405743582756,-816.506697393438,-8.433876964837623,38495.0,40067.42688729677,36922.57311270323,8.169512338208978,40000.0,36950.0,-1300.0,87.77873044320505,3.5,2.783,2.71,4.19,1914605.2,4235818.7,2.9,116.38,116.38,2025-10-12 21:29:11,37550.0,51400.0,-0.014435695538057743,0.34908136482939633,0.0311231393775373,0.003686324855028119,-0.01702944987422888,-0.134749,38240.44897697657,37451.17795979188,32966.0632789135
2025-05-12,90200.0,92400.0,89800.0,92400.0,813230,0.0,0.0,기아,000270.KS,3.4714445688689866,89400.0,87725.0,90021.075,58.020524745687034,0.03412549076518517,89203.08585575354,89149.04902733197,54.03682842156559,-477.0040504794595,531.040878901025,87725.0,92894.49554700787,82555.50445299213,11.785683777732393,92400.0,82000.0,2400.0,260.6245068062265,3.5,2.783,2.71,4.19,1914605.2,4235818.7,2.9,116.38,116.38,2025-10-12 21:29:11,93700.0,96900.0,0.01406926406926407,0.048701298701298704,0.034714445688689866,0.00491141346367781,-0.004892139314915153,0.0150071345,92853.81460404383,91947.96632730184,93786.65957450867
2025-05-12,207000.0,210500.0,206000.0,210500.0,139178,0.0,0.0,LG화학,051910.KS,2.4330900243308973,208600.0,218400.0,233038.62890625,41.70400656197836,0.02403961918614678,214358.6915688165,220631.40111600255,-6272.709547186067,-5673.591723111306,-599.1178240747604,218400.0,231477.09930814634,205322.90069185366,11.975365666800677,225500.0,205500.0,-13500.0,-33.343281703403726,3.5,2.783,2.71,4.19,1914605.2,4235818.7,2.9,116.38,116.38,2025-10-12 21:29:11,203000.0,208500.0,-0.035629453681710214,-0.009501187648456057,0.024330900243308973,0.0007147102880787705,0.12036701112347528,-0.029601302,210650.44651564056,235837.25584149157,204268.9314186573
2025-05-12,192800.0,194300.0,189700.0,190200.0,437578,0.0,0.0,NAVER,035420.KS,-0.41884816753926524,193280.0,190350.0,203057.59375,45.21542986091092,-0.004197277935339924,192773.44238471938,193744.574226102,-971.131841382623,-1603.7799791826733,632.6481378000503,190350.0,201763.10419514054,178936.89580485946,11.991703908737101,200500.0,182700.0,-2700.0,64.48041582759174,3.5,2.783,2.71,4.19,1914605.2,4235818.7,2.9,116.38,116.38,2025-10-12 21:29:11,188200.0,201000.0,-0.010515247108307046,0.056782334384858045,-0.004188481675392652,0.012106182717833605,0.01241485177491275,-0.025851157,192502.59595293197,192561.3048075884,185283.1149816513
2025-05-12,255697.07767942015,258150.984375,253243.1709838403,258150.984375,175917,0.0,0.0,POSCO홀딩스,005490.KS,1.740812057511265,255206.296875,252948.70078125,269505.4635416667,49.2361148332357,0.017258335068317303,255300.89987452765,258663.0064914265,-3362.1066168988473,-5016.810202098792,1654.7035851999444,252948.70078125,260574.49296803077,245322.90859446922,6.029516785994927,258150.984375,246372.234375,2944.703125,39.58608443161824,3.5,2.783,2.71,4.19,1914605.2,4235818.7,2.9,116.38,116.38,2025-10-12 21:29:11,252752.390625,264322.71875,-0.020912543731221245,0.023907460163059856,0.01740812057511265,0.0007434273735829855,-0.009010472044784225,-0.008978899,258342.90088330174,255824.92214695553,255833.07165114675
2025-05-13,57348.24010050527,57845.19192113356,56453.72682337434,56553.1171875,16842801,0.0,0.0,삼성전자,005930.KS,-1.215274188447435,55360.43125,55186.49921875,55905.518815104166,55.5521592020654,-0.012227190234687912,55393.52137188761,55471.307318846055,-77.78594695844367,-286.02885553908624,208.24290858064256,55186.49921875,56836.908710318094,53536.08972718191,5.981207414611117,57248.84765625,53968.96875,1192.68359375,73.12414043893054,3.5,2.783,2.71,4.19,1914605.2,4235818.7,2.9,116.38,116.38,2025-10-12 21:29:11,57050.0703125,59137.265625,0.008787369285982385,0.045694182142645486,-0.01215274188447435,0.007181271098767773,-0.00386259883319665,-0.13474676,56959.24045350382,56334.67518303793,48932.766185821965
2025-05-13,199849.85854848867,200846.615947733,196660.2348709068,197856.34375,3385009,0.0,0.0,SK하이닉스,000660.KS,1.7948664150012617,192314.378125,181943.11640625,192427.02708333332,61.300042921660015,0.017789488713383355,187420.13820894464,186055.3469246111,1364.7912843335362,-1401.948901453707,2766.7401857872433,181943.11640625,196191.7459618949,167694.48685060508,15.662730019233026,197856.34375,173236.4375,20134.5,250.61075055260525,3.5,2.783,2.71,4.19,1914605.2,4235818.7,2.9,116.38,116.38,2025-10-12 21:29:11,205332.03125,235160.328125,0.03778341072271028,0.18854075471108062,0.017948664150012617,-0.0009043705242870677,-0.02644869388416857,-0.055101626,197677.40830466928,192623.30188111542,186954.1360957399
2025-05-13,323500.0,323500.0,310500.0,312000.0,286158,0.0,0.0,LG에너지솔루션,373220.KS,-2.954898911353032,320300.0,334400.0,340800.0,39.42982565201058,-0.029994355868191717,326698.83142039034,331836.7896650503,-5137.958244659938,-2620.872858037168,-2517.08538662277,334400.0,357301.62025984545,311498.37974015455,13.69714130373532,350000.0,312000.0,-29500.0,-38.21782178217822,3.5,2.783,2.71,4.19,1914605.2,4235818.7,2.9,116.38,116.38,2025-10-12 21:29:11,313500.0,304000.0,0.004807692307692308,-0.02564102564102564,-0.029548989113530322,0.1217674384128359,0.11830802549568757,-0.037262615,349991.4407848048,348912.10395465454,300374.06301498413
2025-05-13,999000.0,1013000.0,995000.0,1000000.0,92269,0.0,0.0,삼성바이오로직스,207940.KS,0.908173562058523,1021600.0,1043850.0,1078583.3333333333,40.690945761478936,0.009040744652149024,1033387.3961880209,1043947.7239313067,-10560.327743285801,-6184.703970568295,-4375.623772717507,1043850.0,1089388.9942796326,998311.0057203673,8.72519888482687,1085000.0,991000.0,-46000.0,170.2179155491326,3.5,2.783,2.71,4.19,1914605.2,4235818.7,2.9,116.38,116.38,2025-10-12 21:29:11,1005000.0,1029000.0,0.005,0.029,0.00908173562058523,-0.0779175662792115,0.026301098918239004,-2.1014423,922082.4337207885,1026301.0989182391,-1101442.3370361328
2025-05-13,192532.3168371886,193117.52144763598,190289.03249714032,191849.578125,462830,0.0,0.0,현대차,005380.KS,0.45964742500406164,186699.7875,183066.64609375,189936.70807291666,57.90657721380075,0.004585942721875777,186105.67926207915,186036.52425294882,69.15500913033611,-1291.1272654359198,1360.2822745662559,183066.64609375,192566.97507040657,173566.31711709342,10.379093274906422,191849.578125,173123.03125,7607.640625,114.6948926444491,3.5,2.783,2.71,4.19,1914605.2,4235818.7,2.9,116.38,116.38,2025-10-12 21:29:11,192239.71875,199210.234375,0.00203357562113482,0.038366809674213354,0.004596474250040616,-0.0002176677989996051,-0.024068644124332215,-0.0400927,191807.81864959054,187232.0189037061,184157.8092624955
2025-05-13,38150.0,38300.0,37400.0,37550.0,1270052,0.0,0.0,카카오,035720.KS,-1.4435695538057791,37590.0,38372.5,40632.04544270833,41.962567837162624,-0.014540903922511578,38055.70125624835,38867.21066070451,-811.5094044561629,-815.5072388059831,3.9978343498202094,38372.5,39828.69366847423,36916.30633152577,7.589777410771944,39450.0,36950.0,-1900.0,85.06801386200394,3.5,2.783,2.71,4.19,1914605.2,4235818.7,2.9,116.38,116.38,2025-10-12 21:29:11,37950.0,50500.0,0.010652463382157125,0.3448735019973369,-0.014435695538057791,0.005957282143940958,-0.011498850822218224,-0.13057809,37773.69594450498,37118.218151625704,32646.792319417
2025-05-13,94000.0,94800.0,92700.0,93700.0,1369914,0.0,0.0,기아,000270.KS,1.406926406926412,90260.0,88000.0,90154.95651041667,60.5698185055342,0.013971210596738079,89894.91880102223,89486.15650678887,408.7622942333546,-299.8507815368967,708.6130757702513,88000.0,93820.11032631977,82179.88967368023,13.227523468908576,93700.0,82000.0,4900.0,265.69822822233147,3.5,2.783,2.71,4.19,1914605.2,4235818.7,2.9,116.38,116.38,2025-10-12 21:29:11,92400.0,98400.0,-0.013874066168623266,0.05016008537886873,0.01406926406926412,0.004103302095237396,-0.008780444287150264,0.053452257,94084.47940632375,92877.27237029401,98708.47613811493
2025-05-13,211000.0,211000.0,202000.0,203000.0,460327,0.0,0.0,LG화학,051910.KS,-3.562945368171022,207200.0,217275.0,232768.92630208333,37.28808728653659,-0.036279674080648784,212611.20055822935,219325.37140370609,-6714.170845476736,-5881.707547584393,-832.4632978923428,217275.0,231592.72916423462,202957.27083576538,13.179361789653319,225500.0,203000.0,-20000.0,-35.718224160527114,3.5,2.783,2.71,4.19,1914605.2,4235818.7,2.9,116.38,116.38,2025-10-12 21:29:11,203500.0,210500.0,0.0024630541871921183,0.03694581280788178,-0.03562945368171022,0.04678958598535333,0.13995974585735868,-0.026208343,212498.28595502672,231411.8284090438,197679.70675230026
2025-05-13,190000.0,191000.0,187600.0,188200.0,680047,0.0,0.0,NAVER,035420.KS,-1.051524710830709,191440.0,190565.0,202462.56484375,42.98953789822401,-0.010570922960010717,192069.83586399333,193333.8650241685,-1264.0291601751815,-1535.829815381175,271.8006552059935,190565.0,201622.9859211473,179507.0140788527,11.605474164875302,200500.0,182700.0,-3300.0,62.75086361068753,3.5,2.783,2.71,4.19,1914605.2,4235818.7,2.9,116.38,116.38,2025-10-12 21:29:11,191200.0,198900.0,0.015940488841657812,0.056854410201912856,-0.01051524710830709,0.00824060143256399,0.007663034311658524,-0.025455208,189750.88118960854,189642.18305745415,183409.32450294495
2025-05-13,260114.11074029125,261095.6734223301,251280.04660194172,252752.390625,259035,0.0,0.0,POSCO홀딩스,005490.KS,-2.09125437312212,255598.921875,252776.92734375,269980.59609375,44.53942106454551,-0.021134308195570523,254908.82152844645,258225.18309391342,-3316.36156546697,-4676.720474772428,1360.358909305458,252776.92734375,260248.72164338408,245305.1330441159,5.911769225261001,258150.984375,246372.234375,490.78125,36.66698433667208,3.5,2.783,2.71,4.19,1914605.2,4235818.7,2.9,116.38,116.38,2025-10-12 21:29:11,247353.796875,263330.875,-0.021359219339728057,0.04185315260062142,-0.0209125437312212,0.005549193956814716,-0.004641795953681024,-0.009063765,254154.9626636267,251579.1656009137,250461.4984841114
2025-05-14,57149.46067889808,57547.02214449042,56652.508846907665,57050.0703125,12468089,0.0,0.0,삼성전자,005930.KS,0.8787369285982338,55917.01796875,55295.8287109375,55937.482161458334,57.725403045789484,0.008748985056865811,55648.37505505874,55588.252725783386,60.122329275356606,-216.79861857619767,276.9209478515543,55295.8287109375,57135.03860584212,53456.61881603288,6.652255469464821,57248.84765625,53968.96875,1689.63671875,74.64544619328571,3.5,2.783,2.71,4.19,1914605.2,4235818.7,2.9,116.38,116.38,2025-10-12 21:29:11,56950.6796875,57944.58203125,-0.0017421648116395562,0.015679414834200604,0.008787369285982338,0.0027979732581055504,-0.015360260145248062,-0.14320135,57209.69488360742,56173.766391195306,48880.42315964773
2025-05-14,206328.7886832524,206328.7886832524,203338.51638349515,205332.03125,3333511,0.0,0.0,SK하이닉스,000660.KS,3.7783410722710187,195344.51875,183199.03046875,192407.7453125,66.1709352050209,0.03708710278106341,190175.8140614147,187483.2494672325,2692.564594182215,-583.0462023265228,3275.6107965087376,183199.03046875,200831.92787385432,165566.13306364566,19.24998987165726,205332.03125,173236.4375,21529.96875,263.85802054453205,3.5,2.783,2.71,4.19,1914605.2,4235818.7,2.9,116.38,116.38,2025-10-12 21:29:11,199849.859375,235160.328125,-0.02669905830876058,0.14526860077998668,0.03778341072271019,0.0027591785348594438,-0.032436761192353884,-0.06263678,205898.5789831441,198671.72518720283,192470.6913821865
2025-05-14,313000.0,315000.0,306000.0,313500.0,223695,0.0,0.0,LG에너지솔루션,373220.KS,0.48076923076922906,318500.0,333300.0,340058.3333333333,40.37118427572731,0.0047961722634930135,324668.2419710995,330478.50894912065,-5810.266978021129,-3258.7516820339606,-2551.5152959871684,333300.0,358020.3304355333,308579.6695644667,14.833681629482934,350000.0,312000.0,-30000.0,-37.92079207920792,3.5,2.783,2.71,4.19,1914605.2,4235818.7,2.9,116.38,116.38,2025-10-12 21:29:11,307000.0,296000.0,-0.02073365231259968,-0.05582137161084529,0.004807692307692291,0.1117633861437357,0.10685907567729074,-0.040747605,348537.82155606116,347000.32022483065,300725.6327569485
2025-05-14,996000.0,1014000.0,989000.0,1005000.0,67922,0.0,0.0,삼성바이오로직스,207940.KS,0.49999999999998934,1014400.0,1041850.0,1075683.3333333333,41.90518685066299,0.004987541511038968,1029020.104466787,1041062.7073438026,-12042.602877015597,-7356.283751857755,-4686.319125157842,1041850.0,1090578.139498115,993121.8605018848,9.354156452102531,1085000.0,991000.0,-30000.0,171.5690051268783,3.5,2.783,2.71,4.19,1914605.2,4235818.7,2.9,116.38,116.38,2025-10-12 21:29:11,998000.0,1019000.0,-0.006965174129353234,0.013930348258706468,0.004999999999999893,-0.0881449452376169,0.03115291407284055,-2.2057176,916414.3300361951,1036308.6786432049,-1211746.1514472961
2025-05-14,192337.25285388128,193410.12799657535,189508.76384132422,192239.71875,557318,0.0,0.0,현대차,005380.KS,0.2033575621134709,188552.93125,184022.48046875,189850.59244791666,58.354531881179554,0.0020315107051991836,187049.3776448362,186496.02014161926,553.3575032169465,-922.2303117053465,1475.587814922293,184022.48046875,193149.8204214149,174895.1405160851,9.919809720437778,192239.71875,174878.65625,8095.3125,115.13149094411301,3.5,2.783,2.71,4.19,1914605.2,4235818.7,2.9,116.38,116.38,2025-10-12 21:29:11,188143.296875,196738.640625,-0.021308925656134733,0.02340266571473019,0.002033575621134709,-0.0002176677989996051,-0.027402945552358424,-0.04907261,192197.8743535394,186971.78420409304,182806.01145754382
2025-05-14,37700.0,38200.0,37300.0,37950.0,1623377,0.0,0.0,카카오,035720.KS,1.0652463382157196,37510.0,38320.0,40595.5556640625,44.57108562334949,0.010596125631495253,38039.43952451783,38799.26913028196,-759.8296057641273,-804.3717121976119,44.542106433484605,38320.0,39756.516253814385,36883.483746185615,7.497475228676331,39450.0,36950.0,0.0,87.03944410287747,3.5,2.783,2.71,4.19,1914605.2,4235818.7,2.9,116.38,116.38,2025-10-12 21:29:11,37650.0,51500.0,-0.007905138339920948,0.3570487483530962,0.010652463382157196,0.0024950339960074777,-0.016168986070401282,-0.13327652,38044.68654014848,37336.386978628274,32892.155984044075
2025-05-14,93600.0,94000.0,91800.0,92400.0,878937,0.0,0.0,기아,000270.KS,-1.38740661686233,91120.0,88520.0,90226.68893229167,56.85179812591074,-0.013971210596738063,90280.31590855727,89701.99676554525,578.3191430120205,-124.21679662711325,702.5359396391337,88520.0,93926.66255651374,83113.33744348626,12.215685848426878,93700.0,83000.0,4200.0,260.6245068062265,3.5,2.783,2.71,4.19,1914605.2,4235818.7,2.9,116.38,116.38,2025-10-12 21:29:11,91200.0,97200.0,-0.012987012987012988,0.05194805194805195,-0.0138740661686233,0.006849392785339093,-0.0023999976386232646,0.19294806,93032.88389336533,92178.2402181912,110228.404712677
2025-05-14,204000.0,205000.0,199900.0,203500.0,247404,0.0,0.0,LG화학,051910.KS,0.24630541871921707,206300.0,216375.0,232349.81223958332,37.76123607100511,0.002460025840862399,211209.47739542482,218153.12167009822,-6943.644274673396,-6094.094893002194,-849.5493816712014,216375.0,231794.9972694157,200955.0027305843,14.253030405005852,225500.0,203000.0,-21000.0,-35.55989466338555,3.5,2.783,2.71,4.19,1914605.2,4235818.7,2.9,116.38,116.38,2025-10-12 21:29:11,202500.0,208500.0,-0.004914004914004914,0.02457002457002457,0.0024630541871921707,0.04084855831385511,0.12474770002591046,-0.03306688,211812.68161686952,228886.1569552728,196770.89220285416
2025-05-14,189900.0,191400.0,188900.0,191200.0,363846,0.0,0.0,NAVER,035420.KS,1.5940488841657885,189860.0,190975.0,202000.4625,47.189215738685476,0.015814773466021725,191936.01496184053,193175.80094830415,-1239.7859864636266,-1476.6210495976654,236.83506313403882,190975.0,201444.378908873,180505.621091127,10.964135524412107,200500.0,182700.0,-2300.0,65.34519193604386,3.5,2.783,2.71,4.19,1914605.2,4235818.7,2.9,116.38,116.38,2025-10-12 21:29:11,189200.0,200500.0,-0.010460251046025104,0.04864016736401674,0.015940488841657885,0.004413346418889302,0.007009521249830004,-0.022967823,192043.83183529164,192540.2204629675,186808.5536956787
2025-05-14,247353.796875,248826.14090401787,242445.98344494047,247353.796875,419327,0.0,0.0,POSCO홀딩스,005490.KS,-2.1359219339728064,253733.953125,252629.69296875,270106.3223958333,40.3901776335572,-0.021590628544669033,253746.51004330083,257419.89522584577,-3673.3851825449383,-4476.05341632693,802.6682337819921,252629.69296875,260416.53379933775,244842.85213816224,6.16462834521275,258150.984375,246372.234375,-7852.484375,33.74788424172592,3.5,2.783,2.71,4.19,1914605.2,4235818.7,2.9,116.38,116.38,2025-10-12 21:29:11,245390.671875,261843.140625,-0.007936506432492982,0.058577405857740586,-0.021359219339728064,0.034644735293477814,-0.008936068796302328,-0.013935996,255923.30369157105,245143.4263290984,243906.67852199357
2025-05-15,57050.07005344677,58242.75444480802,56751.898955606455,56950.6796875,13139736,0.0,0.0,삼성전자,005930.KS,-0.17421648116395794,56453.7265625,55350.4935546875,55964.49557291667,57.12382805674829,-0.0017436841456316089,55848.72961389586,55689.173241466095,159.5563724297681,-141.52762037500455,301.0839928047726,55350.4935546875,57320.330083892324,53380.65702548267,7.117683701441918,57248.84765625,53968.96875,1490.85546875,74.34118504241466,3.5,2.783,2.71,4.19,1914605.2,4235818.7,2.9,116.38,116.38,2025-10-12 21:29:11,56453.7265625,56851.2890625,-0.008726026234048183,-0.0017452052468096366,-0.0017421648116395794,0.0068630252528100125,-0.018912356522487322,-0.14667994,57341.53364036,55873.60812905202,48597.157531019766
2025-05-15,206827.1611985661,207325.5399002494,198853.1019716334,199849.859375,3178957,0.0,0.0,SK하이닉스,000660.KS,-2.6699058308760626,197377.903125,184210.7390625,192272.33515625,60.188252524725165,-0.027061952026023434,191664.12872504324,188399.29464558564,3264.8340794575925,186.52985403030027,3078.3042254272923,184210.7390625,203244.2511018929,165177.22702310712,20.664932062332262,205332.03125,173236.4375,18440.0,254.1433540379034,3.5,2.783,2.71,4.19,1914605.2,4235818.7,2.9,116.38,116.38,2025-10-12 21:29:11,203836.890625,247642.3125,0.019950132877095,0.2391417901141568,-0.026699058308760626,0.012023949593287717,-0.02095285103116794,-0.06608301,202252.84401035064,195662.43504291575,186643.17831774894
2025-05-15,313500.0,321000.0,306500.0,307000.0,316371,0.0,0.0,LG에너지솔루션,373220.KS,-2.0733652312599715,314400.0,331500.0,339291.6666666667,37.64116262224082,-0.020951612485778266,321950.05089862266,328739.36013807467,-6789.309239452006,-3964.86319351757,-2824.4460459344364,331500.0,358393.55234799936,304606.44765200064,16.22537094901922,350000.0,307000.0,-39000.0,-39.20792079207921,3.5,2.783,2.71,4.19,1914605.2,4235818.7,2.9,116.38,116.38,2025-10-12 21:29:11,290500.0,293000.0,-0.05374592833876222,-0.04560260586319218,-0.020733652312599715,0.12727308201942836,0.11224231954912145,-0.036151327,346072.8361799645,341458.39210158034,295901.5356898308
2025-05-15,996000.0,1006000.0,995000.0,998000.0,38117,0.0,0.0,삼성바이오로직스,207940.KS,-0.6965174129353269,1006800.0,1039850.0,1072650.0,40.650423795346846,-0.006989544181712186,1024247.7807026659,1037872.8771701875,-13625.096467521624,-8610.04629499053,-5015.050172531093,1039850.0,1092378.789099035,987321.2109009648,10.103147396073501,1085000.0,991000.0,-39000.0,169.67747971803436,3.5,2.783,2.71,4.19,1914605.2,4235818.7,2.9,116.38,116.38,2025-10-12 21:29:11,1002000.0,1015000.0,0.004008016032064128,0.017034068136272545,-0.006965174129353269,-0.07332054262223159,0.03591204695631893,-2.2883496,924826.0984630128,1033840.2228624064,-1285772.9291915894
2025-05-15,190386.5813893209,192044.66124773197,187460.5581097719,188143.296875,469355,0.0,0.0,현대차,005380.KS,-2.1308925656134736,189684.328125,184685.7125,189735.65286458333,52.08673203392114,-0.021539238502172337,187217.67291101525,186618.0406403882,599.6322706270439,-617.8577952388684,1217.4900658659124,184685.7125,192897.24048614985,176474.18451385014,8.892434476922363,192239.71875,177219.484375,3803.828125,110.5472699972915,3.5,2.783,2.71,4.19,1914605.2,4235818.7,2.9,116.38,116.38,2025-10-12 21:29:11,189021.09375,199210.234375,0.004665576130427846,0.058821853788140706,-0.021308925656134736,0.006460085754064386,-0.029705021317834663,-0.051652435,189358.7187068649,182554.49623052042,178425.23812323064
2025-05-15,37750.0,37850.0,37250.0,37650.0,1346122,0.0,0.0,카카오,035720.KS,-0.7905138339920903,37640.0,38252.5,40578.19609375,43.00974233476288,-0.007936549595736303,37979.52575151509,38714.13808359441,-734.6123320793195,-790.4198361739535,55.807504094634055,38252.5,39681.32911213465,36823.67088786535,7.470513624650145,39450.0,36950.0,-400.0,85.5608714222223,3.5,2.783,2.71,4.19,1914605.2,4235818.7,2.9,116.38,116.38,2025-10-12 21:29:11,37400.0,53200.0,-0.006640106241699867,0.41301460823373176,-0.007905138339920903,0.005220340249656282,-0.012497340546765259,-0.13310571,37846.545810399555,37179.47512841429,32638.570573925972
2025-05-15,91900.0,92500.0,90900.0,91200.0,761239,0.0,0.0,기아,000270.KS,-1.2987012987012991,91800.0,88930.0,90267.522265625,53.58216994280011,-0.013072081567352775,90421.80576877923,89812.95996809745,608.8458006817818,22.39572283466576,586.4500778471161,88930.0,93790.19276204331,84069.80723795669,10.930378414580709,93700.0,84700.0,2500.0,255.94107165289893,3.5,2.783,2.71,4.19,1914605.2,4235818.7,2.9,116.38,116.38,2025-10-12 21:29:11,92000.0,97500.0,0.008771929824561403,0.06907894736842106,-0.012987012987012991,0.006849392785339093,-0.002320821769476127,0.21477222,91824.66462202292,90988.34105462377,110787.22686767578
2025-05-15,202500.0,204500.0,201000.0,202500.0,133796,0.0,0.0,LG화학,051910.KS,-0.49140049140049546,205000.0,215275.0,231947.24114583334,37.157415561419434,-0.004926118336055889,209869.5577961287,216993.63117601688,-7124.07337988817,-6300.09059037939,-823.9827895087801,215275.0,231378.2033426285,199171.7966573715,14.960588403324577,225500.0,202500.0,-18500.0,-35.876553657668666,3.5,2.783,2.71,4.19,1914605.2,4235818.7,2.9,116.38,116.38,2025-10-12 21:29:11,193600.0,205500.0,-0.04395061728395062,0.014814814814814815,-0.004914004914004955,0.1005465960239154,0.13389371665120156,-0.028772425,222860.68569484286,229613.4776218683,196673.58621954918
2025-05-15,189800.0,190300.0,188200.0,189200.0,355097,0.0,0.0,NAVER,035420.KS,-1.0460251046025104,189960.0,191300.0,201488.44166666668,44.81884902834445,-0.010515343999523008,191515.08958309583,192881.29717435568,-1366.207591259852,-1454.5383579301028,88.3307666702508,191300.0,201067.8311981986,181532.1688018014,10.212055617562577,200500.0,183600.0,-6300.0,63.61563971913964,3.5,2.783,2.71,4.19,1914605.2,4235818.7,2.9,116.38,116.38,2025-10-12 21:29:11,187800.0,209500.0,-0.007399577167019027,0.10729386892177589,-0.010460251046025104,0.006192248558198212,0.007337406850572816,-0.02240327,190371.57342721111,190588.23737612835,184961.30695343018
2025-05-15,245881.45321875,248826.14128125,245390.671875,245390.671875,132121,0.0,0.0,POSCO홀딩스,005490.KS,-0.7936506432492996,251476.359375,252408.8421875,270191.22291666665,38.96853507263484,-0.007968168133129814,252460.99647894685,256528.84164430166,-4067.845165354811,-4394.411766132507,326.5666007776963,252408.8421875,260762.59883696577,244055.08553803424,6.619226630151285,258150.984375,245390.671875,-12269.53125,32.68639329810914,3.5,2.783,2.71,4.19,1914605.2,4235818.7,2.9,116.38,116.38,2025-10-12 21:29:11,242936.765625,256883.984375,-0.00999999808978069,0.046836794618886735,-0.007936506432492996,0.031352421654291196,-0.009685996790960187,-0.015241874,253084.2636896548,243013.8186146872,241650.46127932146
2025-05-16,57050.06874449824,57149.459108164614,56354.336198833626,56453.7265625,10385352,0.0,0.0,삼성전자,005930.KS,-0.8726026234048168,56851.28828125,55360.4326171875,55983.22643229167,54.088653613909635,-0.008764320937443407,55941.80606752727,55745.80682080194,195.99924672533234,-74.02224695493717,270.0214936802695,55360.4326171875,57351.37686071939,53369.48837365561,7.192661434924457,57248.84765625,53968.96875,993.90234375,72.81987928805952,3.5,2.783,2.71,4.19,1914605.2,4235818.7,2.9,116.38,116.38,2025-10-12 21:29:11,55459.82421875,57745.80078125,-0.017605610900631143,0.022887314928971832,-0.008726026234048168,0.007181271098767773,-0.0048164259877237865,-0.1508442,56859.13607748102,56181.821366780525,47938.00841932651
2025-05-16,205332.0267420538,206079.59480058067,202840.13321363082,203836.890625,2419507,0.0,0.0,SK하이닉스,000660.KS,1.9950132877095017,200248.565625,185401.8640625,192170.36380208333,62.820993609399544,0.01975373676487581,193536.86132503656,189542.82027369042,3994.0410513461393,948.0320934934681,3046.0089578526713,185401.8640625,206226.97626798777,164576.75185701225,22.46483584271569,205332.03125,173236.4375,23623.140625,261.20856100849966,3.5,2.783,2.71,4.19,1914605.2,4235818.7,2.9,116.38,116.38,2025-10-12 21:29:11,198753.4375,248640.859375,-0.024938827851098164,0.21980304258283717,0.019950132877095017,0.0006814783953555437,-0.031085287559562618,-0.07585622,203975.80106213738,197500.56226467475,188374.59688834846
2025-05-16,305000.0,307000.0,290000.0,290500.0,583328,0.0,0.0,LG에너지솔루션,373220.KS,-5.374592833876224,308900.0,328775.0,338241.6666666667,31.76836840312356,-0.05524417129523126,317111.5815296038,325906.81494266173,-8795.233413057926,-4930.937237425642,-3864.296175632284,328775.0,360516.5135778111,297033.4864221889,19.30895814937944,350000.0,290500.0,-59500.0,-42.47524752475248,3.5,2.783,2.71,4.19,1914605.2,4235818.7,2.9,116.38,116.38,2025-10-12 21:29:11,291500.0,294000.0,0.0034423407917383822,0.012048192771084338,-0.05374592833876224,0.15548993749479734,0.14119872018644533,-0.03817436,335669.8268422386,331518.22821416234,279410.33947467804
2025-05-16,1000000.0,1007000.0,997000.0,1002000.0,31403,0.0,0.0,삼성바이오로직스,207940.KS,0.4008016032064132,999200.0,1038250.0,1069600.0,41.724236525372405,0.004000005333346137,1020825.0452099481,1035215.6270094329,-14390.58179948479,-9766.153395889381,-4624.428403595408,1038250.0,1093412.4395475988,983087.5604524013,10.626041810276671,1085000.0,991000.0,-51000.0,170.75835138023086,3.5,2.783,2.71,4.19,1914605.2,4235818.7,2.9,116.38,116.38,2025-10-12 21:29:11,1028000.0,1010000.0,0.02594810379241517,0.007984031936127744,0.004008016032064132,-0.0777038404628938,0.025838569462846992,-2.2547717,924140.7518561804,1027890.2466017726,-1257281.252861023
2025-05-16,188533.42322948916,189898.90068691951,188240.82091718266,189021.09375,311743,0.0,0.0,현대차,005380.KS,0.4665576130427951,190445.09375,185017.328125,189733.17864583334,53.24560806443881,0.00465472606489616,187495.12227085908,186796.04457443353,699.0776964255492,-354.47069690598494,1053.548393331534,185017.328125,193372.70988049806,176661.94636950194,9.031999153996066,192239.71875,177219.484375,975.328125,111.5295943145176,3.5,2.783,2.71,4.19,1914605.2,4235818.7,2.9,116.38,116.38,2025-10-12 21:29:11,186290.140625,202670.453125,-0.01444787494781915,0.07221077343385121,0.004665576130427951,0.0008130921079431039,-0.030959543647352844,-0.048340917,189174.78530956287,183169.0869477765,179883.64081503823
2025-05-16,37650.0,37800.0,37300.0,37400.0,912660,0.0,0.0,카카오,035720.KS,-0.6640106241699861,37730.0,38180.0,40551.677408854164,41.69883337889986,-0.0066622498254163285,37890.36794358969,38616.79452184668,-726.4265782569855,-777.62118459056,51.194606333574484,38180.0,39628.19306654857,36731.80693345143,7.586134450228238,39450.0,36950.0,-1050.0,84.32872752167636,3.5,2.783,2.71,4.19,1914605.2,4235818.7,2.9,116.38,116.38,2025-10-12 21:29:11,36450.0,51800.0,-0.02540106951871658,0.3850267379679144,-0.006640106241699861,0.005957282143940958,-0.012497340546765259,-0.13546783,37622.80235218339,36932.59946355098,32333.503258228302
2025-05-16,91300.0,92300.0,91300.0,92000.0,500754,0.0,0.0,기아,000270.KS,0.8771929824561431,92340.0,89240.0,90332.58802083334,55.422775023674646,0.008733679968754631,90664.60488127473,89974.96293342357,689.6419478511671,155.844967837966,533.796980013201,89240.0,94050.25220916711,84429.74779083289,10.780484556627327,93700.0,84700.0,1400.0,259.06336175511734,3.5,2.783,2.71,4.19,1914605.2,4235818.7,2.9,116.38,116.38,2025-10-12 21:29:11,91500.0,99600.0,-0.005434782608695652,0.08260869565217391,0.00877192982456143,0.0024660949446768696,-0.009649351749420387,0.14177197,92226.88073491027,91112.25963905333,105043.0269241333
2025-05-16,203500.0,204000.0,193500.0,193600.0,529240,0.0,0.0,LG화학,051910.KS,-4.395061728395067,202620.0,213705.0,231230.28958333333,32.21938676170167,-0.04494571170411724,207366.5489044166,215260.76960742302,-7894.220703006431,-6618.916612904799,-1275.304090101632,213705.0,231813.84924703726,195596.15075296274,16.947520410881598,225500.0,193600.0,-31900.0,-38.69481870678841,3.5,2.783,2.71,4.19,1914605.2,4235818.7,2.9,116.38,116.38,2025-10-12 21:29:11,195800.0,207000.0,0.011363636363636364,0.06921487603305786,-0.043950617283950666,0.1274380044322745,0.15420836186910364,-0.02811249,218271.99765808834,223454.73885785847,188157.42559432983
2025-05-16,189100.0,189700.0,187500.0,187800.0,285272,0.0,0.0,NAVER,035420.KS,-0.7399577167019,189320.0,191495.0,200953.0875,43.183634654657446,-0.007427089843615341,190943.5373395426,192504.9047910701,-1561.367451527476,-1475.9041766495775,-85.46327487789858,191495.0,200784.830319717,182205.169680283,9.702425984717097,200500.0,183600.0,-8700.0,62.40495316730667,3.5,2.783,2.71,4.19,1914605.2,4235818.7,2.9,116.38,116.38,2025-10-12 21:29:11,185400.0,206500.0,-0.012779552715654952,0.09957401490947816,-0.007399577167019,0.006192248558198212,0.010416378777306815,-0.023543967,188962.90427922964,189756.19593437822,183378.44545841217
2025-05-16,245390.67234848486,246863.01638257576,240482.85890151517,242936.765625,213669,0.0,0.0,POSCO홀딩스,005490.KS,-0.9999998089780693,249316.921875,251918.0609375,270186.58177083335,37.20567230005328,-0.010050333923986991,250995.73019372427,255522.02119842745,-4526.291004703176,-4420.787613846641,-105.50339085653559,251918.0609375,261279.40162446487,242556.72025053515,7.432052034798232,258150.984375,242936.765625,-14723.4375,31.359529618588166,3.5,2.783,2.71,4.19,1914605.2,4235818.7,2.9,116.38,116.38,2025-10-12 21:29:11,240973.640625,255396.234375,-0.008080806521604485,0.05128688001565222,-0.009999998089780693,0.009259832787414237,-0.008846317763691599,-0.013724231,245186.31945260274,240787.6697997978,239602.65095232613
2025-05-19,56056.166414650535,56056.166414650535,55161.65312079973,55459.82421875,9802105,0.0,0.0,삼성전자,005930.KS,-1.7605610900631175,56493.48359375,55415.0974609375,55970.57174479167,48.534362308800475,-0.01776243302722152,55867.655013869226,55724.62292435365,143.03208951557463,-30.611379660834817,173.64346917640944,55415.0974609375,57350.39813139518,53479.79679047981,6.984741556475258,57248.84765625,53968.96875,298.171875,69.77727973741989,3.5,2.783,2.71,4.19,1914605.2,4235818.7,2.9,116.38,116.38,2025-10-12 21:29:11,55559.21484375,59435.4375,0.0017921193656866615,0.07168456332585912,-0.017605610900631175,0.008906155459881333,0.002865394851686839,-0.15359142,55953.75803501988,55618.73851354186,46941.67248245794
2025-05-19,202341.7643555667,202341.7643555667,196859.59832622868,198753.4375,2482673,0.0,0.0,SK하이닉스,000660.KS,-2.4938827851098133,201125.7125,186667.746875,192016.67994791668,57.59161557087747,-0.025255069286862736,194339.41150580018,190225.08821638,4114.323289420165,1581.2903326788075,2533.0329567413573,186667.746875,207508.15982547333,165827.3339245267,22.328884662039517,205332.03125,173236.4375,21829.0,252.20044288716582,3.5,2.783,2.71,4.19,1914605.2,4235818.7,2.9,116.38,116.38,2025-10-12 21:29:11,201345.0,246144.46875,0.013039082657375422,0.23844131626654255,-0.024938827851098133,0.010662033861306824,-0.02222019156835198,-0.06625159,200872.55338067614,194337.09804388153,185585.70904077962
2025-05-19,291500.0,297000.0,290500.0,291500.0,158255,0.0,0.0,LG에너지솔루션,373220.KS,0.344234079173833,302900.0,326200.0,337258.3333333333,32.45617783430812,0.0034364294985810974,313171.3382173571,323358.16198394605,-10186.823766588932,-5982.1145432583,-4204.709223330632,326200.0,361264.451934595,291135.548065405,21.498744288531583,350000.0,290500.0,-33000.0,-42.27722772277228,3.5,2.783,2.71,4.19,1914605.2,4235818.7,2.9,116.38,116.38,2025-10-12 21:29:11,279500.0,292000.0,-0.0411663807890223,0.0017152658662092624,0.0034423407917383297,0.11124983071387291,0.1408060395842057,-0.04394891,323929.325653094,332544.960538796,278688.8989210129
2025-05-19,1002000.0,1042000.0,1002000.0,1028000.0,78071,0.0,0.0,삼성바이오로직스,207940.KS,2.594810379241519,1006600.0,1038500.0,1067150.0,48.27523491947488,0.025617164370300326,1021928.8844084176,1034681.1361198453,-12752.2517114277,-10363.373058997046,-2388.8786524306543,1038500.0,1093416.2041084832,983583.7958915167,10.576062418581264,1085000.0,991000.0,-24000.0,177.78401718450834,3.5,2.783,2.71,4.19,1914605.2,4235818.7,2.9,116.38,116.38,2025-10-12 21:29:11,1027000.0,1004000.0,-0.0009727626459143969,-0.023346303501945526,0.02594810379241519,-0.08021696515666236,0.023321214999328783,-2.1667223,945536.9598189511,1051974.2090193098,-1199390.5220031738
2025-05-19,188240.82272578534,188240.82272578534,185314.79957460734,186290.140625,378893,0.0,0.0,현대차,005380.KS,-1.4447874947819184,189508.765625,185470.8609375,189674.14270833333,49.25417258350595,-0.014553261802116437,187309.74047918845,186758.57020780884,551.1702713796112,-173.34250324886574,724.512774628477,185470.8609375,192986.58150877384,177955.14036622614,8.10447585489615,192239.71875,177219.484375,390.140625,108.47344118809855,3.5,2.783,2.71,4.19,1914605.2,4235818.7,2.9,116.38,116.38,2025-10-12 21:29:11,184827.125,203659.09375,-0.007853424878480468,0.0932360299193907,-0.014447874947819184,0.006693428834346282,-0.02817309604757447,-0.04357698,187537.06042381382,181041.77060045573,178172.18340188637
2025-05-19,37150.0,37200.0,36350.0,36450.0,1389926,0.0,0.0,카카오,035720.KS,-2.540106951871657,37400.0,38115.0,40510.989518229166,37.07449870716448,-0.025729245965819086,37668.77287534512,38456.29122393211,-787.5183485869857,-779.6006173898452,-7.917731197140483,38115.0,39749.20671246083,36480.79328753917,8.575136888158621,39450.0,36450.0,-1800.0,79.64658069960169,3.5,2.783,2.71,4.19,1914605.2,4235818.7,2.9,116.38,116.38,2025-10-12 21:29:11,36550.0,55200.0,0.0027434842249657062,0.51440329218107,-0.025401069518716568,0.014621019682132521,-0.010967471120850716,-0.13653769,36982.93616741373,36050.23567764499,31473.201888799667
2025-05-19,91300.0,91900.0,90800.0,91500.0,555859,0.0,0.0,기아,000270.KS,-0.5434782608695676,92160.0,89580.0,90395.54856770833,53.98202170520859,-0.005449604767564703,90793.12720723246,90087.92864205886,705.1985651736031,265.7156873050934,439.4828778685097,89580.0,93983.15676233447,85176.84323766553,9.83066926174252,93700.0,85000.0,1100.0,257.1119304412308,3.5,2.783,2.71,4.19,1914605.2,4235818.7,2.9,116.38,116.38,2025-10-12 21:29:11,91200.0,98900.0,-0.003278688524590164,0.08087431693989071,-0.005434782608695676,0.006849392785339093,-0.002320821769476127,0.107034855,92126.71943985853,91287.64480809294,101293.68442296982
2025-05-19,193000.0,200500.0,193000.0,195800.0,333557,0.0,0.0,LG화학,051910.KS,1.1363636363636465,199680.0,212495.0,230525.09765625,34.535353426831335,0.011299555253933466,205587.07984219867,213819.23111798428,-8232.15127578561,-6941.563545480962,-1290.587730304649,212495.0,232012.0613620444,192977.9386379556,18.36943115089239,225500.0,193600.0,-20200.0,-37.99816891936556,3.5,2.783,2.71,4.19,1914605.2,4235818.7,2.9,116.38,116.38,2025-10-12 21:29:11,189700.0,207500.0,-0.03115423901940756,0.05975485188968335,0.011363636363636465,0.1341286199294327,0.1406621472471533,-0.032916076,222062.38378218294,223341.64843099265,189355.03368377686
2025-05-19,187600.0,188200.0,184500.0,185400.0,262018,0.0,0.0,NAVER,035420.KS,-1.2779552715655007,188360.0,191545.0,200352.85520833332,40.458478267850275,-0.01286191364240781,190090.68544115147,191978.61554728713,-1887.9301061356673,-1558.3093625467955,-329.62074358887185,191545.0,200683.5764180249,182406.4235819751,9.541962899605727,200500.0,183600.0,-15100.0,60.32949050702161,3.5,2.783,2.71,4.19,1914605.2,4235818.7,2.9,116.38,116.38,2025-10-12 21:29:11,185000.0,243500.0,-0.002157497303128371,0.3133764832793959,-0.012779552715655007,0.0038673813688478334,0.011142734884281089,-0.020892784,186117.0125057844,187465.86304754575,181526.47508382797
2025-05-19,239010.51524312628,241955.20331593687,239010.51524312628,240973.640625,155028,0.0,0.0,POSCO홀딩스,005490.KS,-0.8080806521604478,245881.453125,251525.4359375,270173.54375,35.810000126809115,-0.008113633202263852,249453.87026007439,254444.36337817358,-4990.493118099199,-4534.728714697153,-455.7644034020459,251525.4359375,262022.57438835586,241028.29748664415,8.34678084284424,258150.984375,240973.640625,-14723.4375,30.298038674971362,3.5,2.783,2.71,4.19,1914605.2,4235818.7,2.9,116.38,116.38,2025-10-12 21:29:11,236556.59375,256883.984375,-0.018330000175719428,0.06602524537013352,-0.008080806521604478,0.0023842111503635747,-0.006844023012827601,-0.013105489,241548.17266592183,239324.41148307765,237815.5577667486
2025-05-20,55857.38594309034,56354.33777532424,55360.43411085644,55559.21484375,9080577,0.0,0.0,삼성전자,005930.KS,0.1792119365686684,56294.703125,55454.8537109375,55929.93255208333,49.097286364408035,0.0017905154357795697,55820.20268000473,55712.370473938565,107.83220606616669,-2.922662515434517,110.75486858160122,55454.8537109375,57366.36697028897,53543.34045158604,6.8939439253247965,57248.84765625,53968.96875,1590.24609375,70.08154088829093,3.5,2.783,2.71,4.19,1914605.2,4235818.7,2.9,116.38,116.38,2025-10-12 21:29:11,55360.43359375,58839.09375,-0.003577826838608779,0.059033931913437795,0.001792119365686684,0.0030128263355331426,0.00029571828987615286,-0.15343522,55726.60510941279,55575.64471975046,47034.47392140515
2025-05-20,201843.3787128713,207325.54455445547,200846.6212871287,201345.0,2820546,0.0,0.0,SK하이닉스,000660.KS,1.3039082657375412,201823.44375,188013.36953125,191765.88854166667,59.44504766913333,0.012954805625350658,195417.19435106168,191048.78538553705,4368.408965524635,2138.714059247973,2229.694906276662,188013.36953125,209002.29388040846,167024.44518209156,22.327055146649926,205332.03125,173236.4375,15948.109375,256.79281357393575,3.5,2.783,2.71,4.19,1914605.2,4235818.7,2.9,116.38,116.38,2025-10-12 21:29:11,199849.859375,245645.1875,-0.007425764856341106,0.22002129429586034,0.013039082657375412,-0.0008747210714533411,-0.026495275392985976,-0.07082984,201168.87928586823,196010.30877599923,187083.76016378403
2025-05-20,292000.0,293000.0,278000.0,279500.0,445299,0.0,0.0,LG에너지솔루션,373220.KS,-4.116638078902235,296400.0,323050.0,335816.6666666667,28.71539044651911,-0.042037713195393275,307991.13233776373,320109.4092443945,-12118.276906630781,-7209.347015932796,-4908.929890697985,323050.0,362936.54963900865,283163.45036099135,24.693731397002722,350000.0,279500.0,-41000.0,-44.653465346534645,3.5,2.783,2.71,4.19,1914605.2,4235818.7,2.9,116.38,116.38,2025-10-12 21:29:11,277500.0,291000.0,-0.007155635062611807,0.04114490161001789,-0.04116638078902235,0.1286273639837638,0.15677428909210234,-0.029107489,315451.348233462,323318.4138012426,271364.45066332817
2025-05-20,1033000.0,1037000.0,1021000.0,1027000.0,55686,0.0,0.0,삼성바이오로직스,207940.KS,-0.09727626459143934,1012000.0,1036900.0,1065000.0,48.05149793153248,-0.0009732360865521835,1022709.0560378918,1034112.1630739308,-11403.107036039,-10571.319854405438,-831.7871816335628,1036900.0,1091162.13179897,982637.8682010301,10.466222740663515,1085000.0,991000.0,-58000.0,177.51379926895922,3.5,2.783,2.71,4.19,1914605.2,4235818.7,2.9,116.38,116.38,2025-10-12 21:29:11,1100000.0,999000.0,0.07108081791626096,-0.027263875365141188,-0.0009727626459143934,-0.09771388335670639,0.024333714498335858,-2.4144192,926647.8417926625,1051990.7247897908,-1452608.491897583
2025-05-20,188045.75039577836,189313.69373350925,184827.125,184827.125,422756,0.0,0.0,현대차,005380.KS,-0.7853424878480508,188104.275,185851.24296875,189535.49348958334,47.2123394568348,-0.007884425433329956,186927.7996362364,186615.50019241558,312.2994438208116,-76.21411383493029,388.51355765574186,185851.24296875,192303.4010832363,179399.08485426372,6.943357506165494,192239.71875,181023.3125,97.53125,106.83621067856946,3.5,2.783,2.71,4.19,1914605.2,4235818.7,2.9,116.38,116.38,2025-10-12 21:29:11,183364.125,204647.734375,-0.0079155048264696,0.10723863921488797,-0.007853424878480508,0.010358804259702904,-0.023594045816884693,-0.041485537,186741.71300975865,180466.3053445469,177159.47043052316
2025-05-20,36600.0,36850.0,36300.0,36550.0,1680015,0.0,0.0,카카오,035720.KS,0.274348422496562,37200.0,38032.5,40466.14375,37.855744017560724,0.0027397277411202693,37496.65397144587,38315.0844666038,-818.4304951579325,-787.3665929434627,-31.06390221446975,38032.5,39809.03565893656,36255.96434106344,9.342197641157231,39450.0,36450.0,-1500.0,80.13943825982007,3.5,2.783,2.71,4.19,1914605.2,4235818.7,2.9,116.38,116.38,2025-10-12 21:29:11,37450.0,60400.0,0.024623803009575923,0.652530779753762,0.00274348422496562,0.0030735854813825365,-0.012504950497734991,-0.13802618,36662.339549344535,36092.94405930778,31505.143198370934
2025-05-20,92300.0,92800.0,90900.0,91200.0,710012,0.0,0.0,기아,000270.KS,-0.3278688524590123,91660.0,89890.0,90436.38190104166,53.090253277650454,-0.0032840752011898846,90855.7230215044,90170.30429820265,685.4187233017437,349.6562945044235,335.76242879732024,89890.0,93778.39027714245,86001.60972285755,8.651441266308705,93700.0,86800.0,1800.0,255.94107165289893,3.5,2.783,2.71,4.19,1914605.2,4235818.7,2.9,116.38,116.38,2025-10-12 21:29:11,91200.0,98200.0,0.0,0.07675438596491228,-0.003278688524590123,0.006223377790703814,-0.014720904450588462,0.10377633,91767.5720545122,89857.45351410632,100664.40181732178
2025-05-20,197000.0,197300.0,189000.0,189700.0,403320,0.0,0.0,LG화학,051910.KS,-3.1154239019407504,197020.0,210930.0,229610.30833333332,31.33800481374405,-0.03164985315544143,203142.91371262964,212032.621405541,-8889.707692911354,-7331.19237496704,-1558.5153179443132,210930.0,232488.44931439578,189371.55068560422,20.441330597255753,225500.0,189700.0,-20300.0,-39.92978878449257,3.5,2.783,2.71,4.19,1914605.2,4235818.7,2.9,116.38,116.38,2025-10-12 21:29:11,188000.0,206000.0,-0.008961518186610437,0.08592514496573538,-0.031154239019407504,0.14289719687955643,0.1460626917548907,-0.02307487,216807.59824805186,217408.09262590276,185322.69804477692
2025-05-20,185800.0,186500.0,184000.0,185000.0,293512,0.0,0.0,NAVER,035420.KS,-0.21574973031284195,187720.0,191615.0,199754.24895833334,40.00534732969678,-0.0021598280534300086,189307.5030655897,191461.6810623029,-2154.1779967132024,-1677.483089380077,-476.69490733312546,191615.0,200515.68595822976,182714.31404177024,9.290176612717962,200500.0,185000.0,-12400.0,59.98358006364077,3.5,2.783,2.71,4.19,1914605.2,4235818.7,2.9,116.38,116.38,2025-10-12 21:29:11,184800.0,252000.0,-0.001081081081081081,0.3621621621621622,-0.0021574973031284195,0.0012732636522478046,0.006625403360321144,-0.017837105,185235.55377566587,186225.69962165944,181700.13517141342
2025-05-20,242445.96952800828,243918.31347251037,236065.81243516595,236556.59375,221250,0.0,0.0,POSCO홀딩스,005490.KS,-1.8330000175719396,242642.29375,250887.41953125,269924.7447916667,32.8262385183164,-0.018500076163586586,247469.6738739091,253119.34340571627,-5649.669531807158,-4757.716878119154,-891.9526536880039,250887.41953125,263322.0867140241,238452.7523484759,9.912547393573282,258150.984375,236556.59375,-14232.671875,27.909675603163244,3.5,2.783,2.71,4.19,1914605.2,4235818.7,2.9,116.38,116.38,2025-10-12 21:29:11,236065.828125,257875.8125,-0.0020746224707591777,0.09012312196433966,-0.018330000175719396,0.0010734505900038217,0.013181854416255105,-0.011441711,236810.52556513023,239674.84833001773,233849.98237083852
2025-05-21,55857.38542134201,56254.94688341562,55360.43359375,55360.43359375,7794181,0.0,0.0,삼성전자,005930.KS,-0.3577826838608744,55956.77578125,55474.7318359375,55890.9205078125,47.967251194531066,-0.0035842425685374216,55749.46897442708,55686.30107540608,63.16789902099845,10.295449791852077,52.87244922914637,55474.7318359375,57372.925405682894,53576.5382661921,6.843452890801403,57248.84765625,53968.96875,1093.296875,69.47301858654886,3.5,2.783,2.71,4.19,1914605.2,4235818.7,2.9,116.38,116.38,2025-10-12 21:29:11,54366.52734375,59137.265625,-0.017953368235761227,0.06822258761492778,-0.003577826838608744,0.008220995508601317,0.008038145903864561,-0.15032066,55815.55146967844,55805.428836277766,47038.61727887625
2025-05-21,203836.88898846635,204335.26769014963,199251.80493298007,199849.859375,1721760,0.0,0.0,SK하이닉스,000660.KS,-0.7425764856341055,200727.009375,189284.23515625,191597.46666666667,57.873562780491156,-0.007453473103363645,196099.14281628295,191700.71679216396,4398.426024118991,2590.656452222177,1807.7695718968143,189284.23515625,209885.2200555692,168683.25025693083,21.76724847931844,205332.03125,173236.4375,9668.53125,254.1433540379034,3.5,2.783,2.71,4.19,1914605.2,4235818.7,2.9,116.38,116.38,2025-10-12 21:29:11,196261.546875,256629.328125,-0.01795504140569276,0.2841106264851481,-0.007425764856341055,0.0034978975012190674,-0.025086488311536436,-0.060589414,200548.91369872677,194836.32821372684,187741.0697670225
2025-05-21,278500.0,285000.0,277500.0,277500.0,179424,0.0,0.0,LG에너지솔루션,373220.KS,-0.7155635062611854,289200.0,320025.0,334166.6666666667,28.133392845461103,-0.007181359408664697,303300.1889011847,316953.1567077727,-13652.967806587985,-8498.071174063834,-5154.896632524151,320025.0,364094.89066423615,275955.10933576385,27.541529983117663,350000.0,277500.0,-45000.0,-45.04950495049505,3.5,2.783,2.71,4.19,1914605.2,4235818.7,2.9,116.38,116.38,2025-10-12 21:29:11,274500.0,305000.0,-0.010810810810810811,0.0990990990990991,-0.007155635062611854,0.15503589349156194,0.12236570608679727,-0.03178988,320522.4604439084,311456.48343908624,268678.3030629158
2025-05-21,1033000.0,1119000.0,1032000.0,1100000.0,214102,0.0,0.0,삼성바이오로직스,207940.KS,7.108081791626097,1031000.0,1039450.0,1064183.3333333333,61.924408661811874,0.0686682488579037,1034599.9704936007,1038992.7435869729,-4392.773093372234,-9335.610502198797,4942.837408826563,1039450.0,1100477.9487310215,978422.0512689786,11.742353885424297,1100000.0,991000.0,59000.0,197.2397071040459,3.5,2.783,2.71,4.19,1914605.2,4235818.7,2.9,116.38,116.38,2025-10-12 21:29:11,1080000.0,1016000.0,-0.01818181818181818,-0.07636363636363637,0.07108081791626097,-0.11858063318679969,-0.013909564698307102,-2.3295457,969561.3034945204,1084699.4788318623,-1462500.3099441528
2025-05-21,184827.1366356383,185656.1765625,182778.9203457447,183364.125,558502,0.0,0.0,현대차,005380.KS,-0.7915504826469633,186329.15625,185890.25625,189388.24088541666,45.19469462602256,-0.007946998738363577,186379.54199989233,186374.65758556998,4.884414322354132,-59.99440820347341,64.87882252582754,185890.25625,192268.2390214703,179512.2734785297,6.862094765088365,192239.71875,181023.3125,390.125,105.19899765465456,3.5,2.783,2.71,4.19,1914605.2,4235818.7,2.9,116.38,116.38,2025-10-12 21:29:11,177902.21875,207613.640625,-0.029787213011269242,0.1322478735957756,-0.007915504826469633,0.005475439150530862,-0.025579849506718516,-0.035462435,184368.12410882785,178673.69827756888,176861.58589135855
2025-05-21,36700.0,37950.0,36700.0,37450.0,1327371,0.0,0.0,카카오,035720.KS,2.4623803009576006,37100.0,37955.0,40428.809309895834,44.53059315022776,0.024325523767441057,37489.47643737728,38251.00413574426,-761.5276983669828,-782.1988140281668,20.67111566118399,37955.0,39688.53912411622,36221.46087588378,9.134707543755614,39450.0,36450.0,-900.0,84.57515630178554,3.5,2.783,2.71,4.19,1914605.2,4235818.7,2.9,116.38,116.38,2025-10-12 21:29:11,37250.0,66600.0,-0.0053404539385847796,0.7783711615487316,0.024623803009576006,0.005163756549298901,-0.015087117397194478,-0.13487616,37643.38268277124,36884.98745347506,32398.88885617256
2025-05-21,92700.0,92700.0,90900.0,91200.0,748573,0.0,0.0,기아,000270.KS,0.0,91420.0,90085.0,90485.00026041667,53.090253277650454,0.0,90908.68871050372,90246.57805389134,662.1106566123781,412.1471669260144,249.9634896863637,90085.0,93814.41366917067,86355.58633082933,8.279766152346486,93700.0,86800.0,3100.0,255.94107165289893,3.5,2.783,2.71,4.19,1914605.2,4235818.7,2.9,116.38,116.38,2025-10-12 21:29:11,89200.0,98700.0,-0.021929824561403508,0.08223684210526316,0.0,0.002189234639493357,-0.014656061458887537,0.09349243,91399.6581991218,89863.36719494946,99726.5058517456
2025-05-21,189600.0,192000.0,187600.0,188000.0,379736,0.0,0.0,LG화학,051910.KS,-0.8961518186610395,193920.0,209305.0,228650.58098958334,30.490780525538085,-0.009001914111019273,200813.2346799174,210252.42722735277,-9439.192547435377,-7752.792409460708,-1686.4001379746696,209305.0,232651.49528525674,185958.50471474326,22.30858821839587,225500.0,188000.0,-20000.0,-40.46810907477387,3.5,2.783,2.71,4.19,1914605.2,4235818.7,2.9,116.38,116.38,2025-10-12 21:29:11,186700.0,211500.0,-0.006914893617021276,0.125,-0.008961518186610395,0.12633629328179324,0.1330995054904893,-0.025100669,211751.22313697715,213022.707032212,183281.07810020447
2025-05-21,185900.0,186500.0,184600.0,184800.0,382117,0.0,0.0,NAVER,035420.KS,-0.108108108108107,186440.0,191480.0,199160.60208333333,39.76553270533143,-0.0010816658707410232,188614.041055499,190968.223205836,-2354.182150337001,-1812.822901571462,-541.3592487655392,191480.0,200718.9564232215,182241.0435767785,9.65004848884636,200500.0,184800.0,-14300.0,59.81062484195034,3.5,2.783,2.71,4.19,1914605.2,4235818.7,2.9,116.38,116.38,2025-10-12 21:29:11,183200.0,269500.0,-0.008658008658008658,0.4583333333333333,-0.00108108108108107,-0.002514928037273145,0.009648656579788405,-0.014799909,184335.24129871192,186583.0717359449,182064.97979164124
2025-05-21,235575.04677754678,239501.29755717254,235575.04677754678,236065.828125,155222,0.0,0.0,POSCO홀딩스,005490.KS,-0.20746224707591798,240384.7,250273.94296875,269505.6229166667,32.50219798272056,-0.002076777481028287,245715.23606638465,251856.12005158913,-6140.883985204477,-5034.350299536219,-1106.533685668258,250273.94296875,264342.1152860818,236205.77065141816,11.242218946531253,258150.984375,236065.828125,-20612.8125,27.644311315929414,3.5,2.783,2.71,4.19,1914605.2,4235818.7,2.9,116.38,116.38,2025-10-12 21:29:11,233611.921875,260355.390625,-0.010395008330899227,0.10289317472556152,-0.00207462247075918,-0.00015476209192725982,0.013165981243160228,-0.009742746,236029.29408360683,239173.86639024483,233765.90089023113
2025-05-22,54962.86950839808,55161.650229947445,54167.74662220064,54366.52734375,15254278,0.0,0.0,삼성전자,005930.KS,-1.7953368235761213,55439.9453125,55439.9451171875,55838.63684895833,42.67801056441503,-0.018116485233492248,55536.70872355368,55588.54005824637,-51.83133469268796,-2.1299071050559295,-49.70142758763203,55439.9451171875,57394.6260154666,53485.26421890839,7.051525372715833,57248.84765625,53968.96875,99.390625,66.43040707783857,3.5,2.783,2.71,4.19,1914605.2,4235818.7,2.9,116.38,116.38,2025-10-12 21:29:11,53869.578125,57646.41015625,-0.009140720274588763,0.060329084323555875,-0.017953368235761213,0.008570150198053085,0.012240528870335023,-0.14953355,54832.4566488325,55032.002391281036,46236.90643171524
2025-05-22,199251.81930072373,200846.63126110972,195862.8438849035,196261.546875,1988587,0.0,0.0,SK하이닉스,000660.KS,-1.7955041405692707,200009.346875,190295.94453125,191410.50416666668,54.172182062055995,-0.018118188993072205,196124.12805608555,192038.5560575592,4085.571998526342,2889.6395614830103,1195.932437043332,190295.94453125,210128.7708847918,170463.11817770818,20.84419234723618,205332.03125,173236.4375,6578.609375,247.7846954526019,3.5,2.783,2.71,4.19,1914605.2,4235818.7,2.9,116.38,116.38,2025-10-12 21:29:11,199351.484375,259125.71875,0.01574397812103253,0.320308144289918,-0.017955041405692707,0.0034978975012190674,-0.023804508992912834,-0.062667996,196948.04964939944,191589.6371174511,183962.23495011963
2025-05-22,277000.0,284000.0,268000.0,274500.0,331567,0.0,0.0,LG에너지솔루션,373220.KS,-1.0810810810810811,282700.0,317125.0,332433.3333333333,27.241498511593946,-0.010869672236903879,298869.39060869475,313808.47843312286,-14939.087824428105,-9786.274504136689,-5152.813320291416,317125.0,365190.6075752588,269059.3924247412,30.31335124967052,350000.0,274500.0,-53000.0,-45.64356435643564,3.5,2.783,2.71,4.19,1914605.2,4235818.7,2.9,116.38,116.38,2025-10-12 21:29:11,268000.0,294000.0,-0.023679417122040074,0.07103825136612021,-0.010810810810810811,0.1375136727480813,0.11513136683933518,-0.026410658,312247.5031693483,306103.56019739754,267250.2795159817
2025-05-22,1161000.0,1190000.0,1073000.0,1080000.0,238303,0.0,0.0,삼성바이오로직스,207940.KS,-1.8181818181818188,1047400.0,1039850.0,1062900.0,57.40157910840718,-0.01834913866819654,1041584.590417662,1042030.3181360861,-445.727718424052,-7557.633945443848,7111.906227019796,1039850.0,1101873.000826946,977826.9991730541,11.929220719708791,1100000.0,991000.0,44000.0,191.83534879306325,3.5,2.783,2.71,4.19,1914605.2,4235818.7,2.9,116.38,116.38,2025-10-12 21:29:11,1016000.0,992000.0,-0.05925925925925926,-0.08148148148148149,-0.018181818181818188,-0.09898366235420539,0.011372589412856222,-3.119642,973097.6446574582,1092282.3965658848,-2289213.3808135986
2025-05-22,182388.78786321272,182388.78786321272,177414.548194216,177902.21875,982354,0.0,0.0,현대차,005380.KS,-2.97872130112693,184280.940625,185651.29765625,189102.61666666667,38.5679484677833,-0.03023986351273722,185075.33842298583,185747.06952367592,-671.7311006900854,-182.34174670079582,-489.3893539892896,185651.29765625,192841.84050112806,178460.75481137197,7.746288806655127,192239.71875,177902.21875,-4584.09375,99.08669140181645,3.5,2.783,2.71,4.19,1914605.2,4235818.7,2.9,116.38,116.38,2025-10-12 21:29:11,175463.859375,199210.234375,-0.013706177427874265,0.11977374860593187,-0.029787213011269298,0.007405446468975044,-0.018007674591118822,-0.031664398,179219.664107665,174698.61348571195,172269.05680651963
2025-05-22,37250.0,37650.0,36950.0,37250.0,884129,0.0,0.0,카카오,035720.KS,-0.5340453938584733,37020.0,37872.5,40385.6453125,43.41463280388327,-0.005354765137659916,37452.63390855001,38176.85568124469,-724.2217726946838,-770.6034057614702,46.381633066786435,37872.5,39573.42080328634,36171.57919671366,8.982352911935251,39450.0,36450.0,250.0,83.58944118134876,3.5,2.783,2.71,4.19,1914605.2,4235818.7,2.9,116.38,116.38,2025-10-12 21:29:11,37400.0,67600.0,0.004026845637583893,0.8147651006711409,-0.005340453938584733,0.009357304613547595,-0.009269953999234347,-0.13151701,37598.55959685465,36904.69421352852,32350.992009043694
2025-05-22,90500.0,91100.0,88400.0,89200.0,1103198,0.0,0.0,기아,000270.KS,-2.1929824561403466,91020.0,90145.0,90498.72825520833,47.07724140858932,-0.022173857494321967,90645.81352427238,90169.05375360309,476.75977066929045,425.06968767466964,51.69008299462081,90145.0,93770.33483027243,86519.66516972757,8.043340906922033,93700.0,86800.0,1400.0,248.1353463973529,3.5,2.783,2.71,4.19,1914605.2,4235818.7,2.9,116.38,116.38,2025-10-12 21:29:11,87100.0,95900.0,-0.023542600896860985,0.07511210762331838,-0.021929824561403466,0.009791932927699368,-0.005725575503736939,0.08960749,90073.44041715079,88689.27866506667,97192.98696517944
2025-05-22,187200.0,190000.0,182600.0,186700.0,351583,0.0,0.0,LG화학,051910.KS,-0.6914893617021245,190760.0,207765.0,227594.46588541666,29.826714014731508,-0.006938912282272244,198641.96780608397,208507.80298828962,-9865.835182205657,-8175.400964009697,-1690.43421819596,207765.0,232835.11431123092,182694.88568876908,24.13314495822773,225500.0,186700.0,-22300.0,-40.87976576734192,3.5,2.783,2.71,4.19,1914605.2,4235818.7,2.9,116.38,116.38,2025-10-12 21:29:11,182400.0,202500.0,-0.023031601499732192,0.08462774504552759,-0.006914893617021245,0.12633629328179324,0.11934887286964173,-0.020071652,210286.9859557108,208982.4345647621,182952.62748003006
2025-05-22,183200.0,184500.0,181100.0,183200.0,469433,0.0,0.0,NAVER,035420.KS,-0.8658008658008698,185240.0,191265.0,198457.36197916666,37.81267888657654,-0.008695706967553932,187781.1116623453,190392.79926466296,-2611.687602317659,-1972.5958417207016,-639.0917605969576,191265.0,201076.3307215193,181453.6692784807,10.259410473969943,200500.0,183200.0,-5500.0,58.42698306842698,3.5,2.783,2.71,4.19,1914605.2,4235818.7,2.9,116.38,116.38,2025-10-12 21:29:11,183100.0,290000.0,-0.0005458515283842794,0.5829694323144105,-0.008658008658008698,0.001475798408496257,0.008784124355449386,-0.012985483,183470.3662684365,184809.25158191833,180821.06227874756
2025-05-22,234593.48457195377,235575.04726890757,230667.23378413866,233611.921875,196315,0.0,0.0,POSCO홀딩스,005490.KS,-1.0395008330899236,238028.95,249635.92734375,268826.7091145833,30.86173271181559,-0.01044941378854818,243853.18772924854,250504.6979644344,-6651.510235185851,-5357.782286666145,-1293.727948519706,249635.92734375,265492.8357295298,233779.0189579702,12.704027464720452,258150.984375,233611.921875,-23066.71875,26.31744763640842,3.5,2.783,2.71,4.19,1914605.2,4235818.7,2.9,116.38,116.38,2025-10-12 21:29:11,229194.875,251428.921875,-0.018907626115774404,0.07626751176480386,-0.010395008330899236,0.0005287954891124144,0.024993460711832567,-0.00689615,233735.4548054904,239450.6922661985,232000.90177863277
2025-05-23,54664.70104935425,54863.48178044281,53770.18775945572,53869.578125,11247115,0.0,0.0,삼성전자,005930.KS,-0.9140720274588787,54923.115625,55400.1890625,55792.89114583333,40.2860477128654,-0.009182752993775386,55280.227093006964,55461.209544672565,-180.98245166560082,-37.90041601716491,-143.08203564843592,55400.1890625,57451.22875399322,53349.14937100678,7.404450151530457,57248.84765625,53869.578125,-596.33984375,64.90911328155408,3.5,2.783,2.71,4.19,1914605.2,4235818.7,2.9,116.38,116.38,2025-10-12 21:29:11,54366.52734375,60131.171875,0.009225043819665145,0.116236175740424,-0.009140720274588787,0.007838545412397164,0.015323013088004406,-0.1468716,54291.83725947949,54695.022375654655,45957.66878440976
2025-05-23,199251.80863281252,200846.6205078125,198055.6997265625,199351.484375,1538701,0.0,0.0,SK하이닉스,000660.KS,1.5743978121032454,199112.265625,191601.696875,191349.31744791666,56.738046936724174,0.015621327363111838,196620.64441284162,192580.2544514437,4040.3899613979156,3119.7896414659917,920.6003199319239,191601.696875,210099.1845769876,173104.20917301238,19.30827127700783,205332.03125,176924.4375,9867.90625,253.26021008863765,3.5,2.783,2.71,4.19,1914605.2,4235818.7,2.9,116.38,116.38,2025-10-12 21:29:11,202341.75,278098.3125,0.014999966688861029,0.39501500764784564,0.015743978121032454,0.0006902899662864526,-0.02264868944480758,-0.059049774,199489.09470442837,194836.43451502922,187579.82205587905
2025-05-23,276500.0,277000.0,266000.0,268000.0,213740,0.0,0.0,LG에너지솔루션,373220.KS,-2.3679417122040025,278200.0,313925.0,330475.0,25.36518215275379,-0.023964280438728596,294120.25359197246,310415.2578084471,-16295.004216474656,-11088.020446604283,-5206.983769870372,313925.0,366161.58226105163,261688.41773894834,33.279657409286706,350000.0,268000.0,-50000.0,-46.930693069306926,3.5,2.783,2.71,4.19,1914605.2,4235818.7,2.9,116.38,116.38,2025-10-12 21:29:11,278000.0,300500.0,0.03731343283582089,0.12126865671641791,-0.023679417122040025,0.1554711946622896,0.10166966525166937,-0.02529861,309666.2801694936,295247.4702874474,261219.9764251709
2025-05-23,1080000.0,1084000.0,1016000.0,1016000.0,108587,0.0,0.0,삼성바이오로직스,207940.KS,-5.925925925925924,1050200.0,1036900.0,1060650.0,45.85889944865044,-0.06108769197983815,1037648.4995841756,1040102.1464223019,-2453.6468381262384,-6536.836523980326,4083.1896858540877,1036900.0,1097479.3086092877,976320.6913907123,11.684696423818636,1100000.0,991000.0,-24000.0,174.54140219791876,3.5,2.783,2.71,4.19,1914605.2,4235818.7,2.9,116.38,116.38,2025-10-12 21:29:11,1043000.0,1004000.0,0.0265748031496063,-0.011811023622047244,-0.059259259259259234,-0.06598542801506276,0.022805377031673263,-2.8492286,948958.8051366962,1039170.2630641799,-1878816.2784576416
2025-05-23,177902.2120622568,177999.7461697471,174878.65473005836,175463.859375,829741,0.0,0.0,현대차,005380.KS,-1.3706177427874278,181569.49375,185373.325,188760.5734375,36.02818419819091,-0.013800974275985926,183596.64933868032,184985.35025340362,-1388.7009147233039,-423.61358030529743,-965.0873344180064,185373.325,193662.99938373262,177083.6506162674,8.943761874835667,192239.71875,175463.859375,-9753.40625,96.3579738859347,3.5,2.783,2.71,4.19,1914605.2,4235818.7,2.9,116.38,116.38,2025-10-12 21:29:11,177414.53125,203659.09375,0.011117228823920026,0.16068969687222806,-0.013706177427874278,0.000927581768478141,-0.014587019935753242,-0.025056317,175626.61645198308,172904.36456029266,171067.38382835593
2025-05-23,37250.0,37650.0,37000.0,37400.0,1081143,0.0,0.0,카카오,035720.KS,0.402684563758382,37020.0,37782.5,40350.805859375,44.53726504656833,0.004018759594917655,37444.5363841577,38119.31081596731,-674.7744318096084,-751.4376109710979,76.66317916148955,37782.5,39374.676596956015,36190.323403043985,8.428116704590828,39450.0,36450.0,450.0,84.32872752167636,3.5,2.783,2.71,4.19,1914605.2,4235818.7,2.9,116.38,116.38,2025-10-12 21:29:11,39000.0,70400.0,0.0427807486631016,0.8823529411764706,0.00402684563758382,0.004974006772885378,-0.011284260708934131,-0.13307768,37586.02785330592,36977.96864948586,32422.894728183746
2025-05-23,89200.0,89500.0,86900.0,87100.0,879529,0.0,0.0,기아,000270.KS,-2.3542600896861,90040.0,90160.0,90472.78528645834,41.73251144937278,-0.023824155727506593,90100.3037513074,89941.71643852138,158.58731278601044,371.77321269693783,-213.1858999109274,90160.0,93729.1072155088,86590.8927844912,7.917274213639761,93700.0,87100.0,-2200.0,239.93933487902956,3.5,2.783,2.71,4.19,1914605.2,4235818.7,2.9,116.38,116.38,2025-10-12 21:29:11,88100.0,96900.0,0.011481056257175661,0.11251435132032148,-0.023542600896861,0.010168332278029242,0.00021489965134678375,0.09212997,87985.66174141635,87118.7177596323,95124.51827526093
2025-05-23,187100.0,189700.0,182300.0,182400.0,220685,0.0,0.0,LG화학,051910.KS,-2.3031601499732157,188520.0,206110.0,226391.96276041667,27.679336050181632,-0.023300972907445882,196143.2035282249,206573.89165582374,-10430.688127598842,-8626.458396727527,-1804.229730871315,206110.0,233309.8374608004,178910.1625391996,26.393515560429282,225500.0,182400.0,-23100.0,-42.24139944275933,3.5,2.783,2.71,4.19,1914605.2,4235818.7,2.9,116.38,116.38,2025-10-12 21:29:11,187700.0,211000.0,0.02905701754385965,0.15679824561403508,-0.023031601499732157,0.1550739694074513,0.12307691781235044,-0.01832837,210685.4920199191,204849.22980897274,179056.9055557251
2025-05-23,184100.0,185300.0,182800.0,183100.0,257074,0.0,0.0,NAVER,035420.KS,-0.05458515283842669,184300.0,190735.0,197727.57734375,37.688103593863005,-0.0005460005595648527,187060.94063736912,189852.59191172494,-2791.651274355827,-2136.4069282477267,-655.2443461081002,190735.0,201120.8760368755,180349.1239631245,10.890372545023727,200500.0,183100.0,-7900.0,58.340505457581756,3.5,2.783,2.71,4.19,1914605.2,4235818.7,2.9,116.38,116.38,2025-10-12 21:29:11,188000.0,290500.0,0.026761332605133806,0.5865647187329328,-0.0005458515283842669,-0.003272811167247879,0.009579709357327819,-0.01153042,182500.7482752769,184854.0447833267,180988.78388404846
2025-05-23,233121.12553533193,234593.4694860814,228704.0936830835,229194.875,180700,0.0,0.0,POSCO홀딩스,005490.KS,-1.8907626115774456,235280.571875,248727.98125,268090.3919270833,28.111340730414156,-0.019088660868967246,241598.06269397953,248926.1925596615,-7328.129865681956,-5751.8518024693085,-1576.2780632126478,248727.98125,267026.60651413404,230429.355985866,14.71376495090982,258150.984375,229194.875,-24539.078125,23.929084564600302,3.5,2.783,2.71,4.19,1914605.2,4235818.7,2.9,116.38,116.38,2025-10-12 21:29:11,237047.375,260851.296875,0.03426123729860888,0.13812011230617613,-0.018907626115774456,-6.15923118031156e-05,0.0365557351162794,-0.0065327245,229180.7583577953,237573.26214050874,227697.60706860572
2025-05-26,53571.40445755256,54664.69842607404,53372.6237360032,54366.52734375,10901337,0.0,0.0,삼성전자,005930.KS,0.9225043819665046,54704.45625,55350.49375,55757.07467447917,43.685103094655744,0.009182752993775262,55139.65790081359,55380.12197423386,-240.46407342026941,-78.41314749778581,-162.0509259224836,55350.49375,57453.10424255726,53247.88325744274,7.5974407818440035,57248.84765625,53869.578125,-2882.3203125,66.43040707783857,3.5,2.783,2.71,4.19,1914605.2,4235818.7,2.9,116.38,116.38,2025-10-12 21:29:11,53571.40625,60926.29296875,-0.014625195549507678,0.12065816864711175,0.009225043819665046,0.010985436669095634,0.011752002834445744,-0.14278081,54963.76738680342,55005.44292719272,46604.03212064691
2025-05-26,199351.47783251232,202840.1286945813,196261.52992610837,202341.75,1459997,0.0,0.0,SK하이닉스,000660.KS,1.4999966688860944,199829.928125,192698.1296875,191412.24505208334,59.12325186614952,0.014888579674893904,197500.81450317366,193303.3281957812,4197.48630739245,3335.3289746512837,862.1573327411661,192698.1296875,211001.80545637326,174394.45391862676,18.997253163335266,205332.03125,176924.4375,7974.046875,258.55910147246726,3.5,2.783,2.71,4.19,1914605.2,4235818.7,2.9,116.38,116.38,2025-10-12 21:29:11,201843.390625,285587.5,-0.002462958707236643,0.41141163403005065,0.014999966688860944,0.00014255518615319572,-0.024576781412020292,-0.051388506,202370.5948658378,197368.84103972436,191943.71055096388
2025-05-26,268500.0,280000.0,268500.0,278000.0,205921,0.0,0.0,LG에너지솔루션,373220.KS,3.731343283582089,275500.0,310375.0,328883.3333333333,33.00982989856797,0.036634133179780384,291640.21457782283,308014.127600414,-16373.91302259115,-12145.198961801658,-4228.714060789493,310375.0,362223.8440717705,258526.1559282295,33.4104512746004,350000.0,268000.0,-43500.0,-44.950495049504944,3.5,2.783,2.71,4.19,1914605.2,4235818.7,2.9,116.38,116.38,2025-10-12 21:29:11,272500.0,298000.0,-0.019784172661870502,0.07194244604316546,0.03731343283582089,0.05181927218603611,0.09900860242620282,-0.022420296,292405.75766771805,305524.3914744844,271767.16017723083
2025-05-26,1030000.0,1043000.0,1013000.0,1043000.0,95760,0.0,0.0,삼성바이오로직스,207940.KS,2.657480314960625,1053200.0,1035750.0,1058400.0,50.39111677836921,0.026227826862345198,1038471.8073404563,1040316.8022428721,-1844.9949024157831,-5598.468199667418,3753.473297251635,1035750.0,1094858.7312100634,976641.2687899367,11.413706243796936,1100000.0,991000.0,52000.0,181.83728591774533,3.5,2.783,2.71,4.19,1914605.2,4235818.7,2.9,116.38,116.38,2025-10-12 21:29:11,1026000.0,1004000.0,-0.016299137104506232,-0.037392138063279005,0.026574803149606252,-0.09628306087164526,0.0026718003620912452,-2.495061,942576.767510874,1045786.687777661,-1559348.5403060913
2025-05-26,175658.91741684993,178487.4063702584,175268.78100948324,177414.53125,623947,0.0,0.0,현대차,005380.KS,1.1117228823920078,179794.371875,184978.3109375,188522.05104166668,39.462667004062816,0.011055886653476545,182645.55424811412,184424.5488457441,-1778.9945976299932,-694.6897837702365,-1084.3048138597567,184978.3109375,194000.2967574776,175956.3251175224,9.75464180016858,192239.71875,175463.859375,-13557.25,98.54093041302593,3.5,2.783,2.71,4.19,1914605.2,4235818.7,2.9,116.38,116.38,2025-10-12 21:29:11,177414.53125,214534.09375,0.0,0.209225040578518,0.011117228823920078,-0.004172294909530104,-0.003686869980759227,-0.015455091,176674.30550438896,176760.42694058391,174672.57775477134
2025-05-26,37400.0,39000.0,37100.0,39000.0,2676578,0.0,0.0,카카오,035720.KS,4.278074866310155,37530.0,37762.5,40339.30475260417,54.8312755330033,0.04189094170916013,37683.83847890267,38184.54705182158,-500.708572918913,-701.2918033606609,200.5832304417479,37762.5,39277.295452614926,36247.704547385074,8.022749831790406,39450.0,36450.0,900.0,92.21444848517054,3.5,2.783,2.71,4.19,1914605.2,4235818.7,2.9,116.38,116.38,2025-10-12 21:29:11,40950.0,69400.0,0.05,0.7794871794871795,0.04278074866310155,0.011068435317086164,-0.018343255272797804,-0.1341061,39431.66897736636,38284.613044360885,33769.86211538315
2025-05-26,87000.0,88400.0,86200.0,88100.0,760388,0.0,0.0,기아,000270.KS,1.148105625717566,89360.0,90065.0,90489.97825520833,44.93826436952482,0.011415649083676711,89792.56471264471,89805.29299863092,-12.728285986202536,294.87291296030975,-307.6011989465123,90065.0,93751.26183494838,86378.73816505162,8.185781013597694,93700.0,87100.0,-4300.0,243.8421975068026,3.5,2.783,2.71,4.19,1914605.2,4235818.7,2.9,116.38,116.38,2025-10-12 21:29:11,88200.0,101100.0,0.0011350737797956867,0.14755959137343927,0.01148105625717566,0.007627199713659195,-0.0033626181318471724,0.07131365,88771.95629477338,87803.75334258427,94382.72988796234
2025-05-26,181500.0,188500.0,181500.0,187700.0,224084,0.0,0.0,LG화학,051910.KS,2.9057017543859587,186900.0,204295.0,225394.02604166666,33.98774379304638,0.02864286595223206,194844.2491392672,205175.82560724422,-10331.576467977022,-8967.482010977426,-1364.0944569995954,204295.0,231312.30244821188,177277.69755178812,26.449303652279184,225500.0,182400.0,-22800.0,-40.56310677305881,3.5,2.783,2.71,4.19,1914605.2,4235818.7,2.9,116.38,116.38,2025-10-12 21:29:11,182900.0,212500.0,-0.02557272242940863,0.1321257325519446,0.029057017543859587,0.0835349215010249,0.10262136844877442,-0.017348593,203379.50476574237,206962.03085783496,184443.67012381554
2025-05-26,183100.0,188000.0,181800.0,188000.0,472314,0.0,0.0,NAVER,035420.KS,2.6761332605133914,184820.0,190490.0,197071.16666666666,46.91665462205869,0.026409511149484283,187205.41130854312,189715.3628812268,-2509.951572683698,-2211.115857134921,-298.835715548777,190490.0,200892.00385556743,180087.99614443257,10.92131225320744,200500.0,183100.0,-2200.0,62.5779083889971,3.5,2.783,2.71,4.19,1914605.2,4235818.7,2.9,116.38,116.38,2025-10-12 21:29:11,183800.0,283500.0,-0.022340425531914895,0.5079787234042553,0.026761332605133914,0.0010932317713107504,0.006833560747864591,-0.008365849,188205.52757300643,189284.70942059855,186427.2165298462
2025-05-26,226250.18607660456,239010.50025879918,225759.40476190476,237047.375,203755,0.0,0.0,POSCO홀딩스,005490.KS,3.426123729860886,234495.31875,247820.0359375,267590.34296875,38.58934636774554,0.0336873914670094,240897.95689490577,248046.2801478347,-7148.323252928938,-6031.146092561235,-1117.1771603677034,247820.0359375,266561.87996750796,229078.19190749203,15.125366243377226,258150.984375,229194.875,-21103.609375,28.175048339067455,3.5,2.783,2.71,4.19,1914605.2,4235818.7,2.9,116.38,116.38,2025-10-12 21:29:11,235063.71875,267298.1875,-0.008368184840688492,0.12761504952332842,0.03426123729860886,-0.0005392244005423048,0.01689687989829435,-0.0048133256,236919.5532713155,241052.73602558093,235906.3916735202
2025-05-27,53869.57734230055,54167.74843460111,53472.01588589981,53571.40625,13439520,0.0,0.0,삼성전자,005930.KS,-1.4625195549507697,54306.89453125,55261.0423828125,55717.8865234375,39.78310505602127,-0.014733198053950678,54898.38841607304,55246.14303169802,-347.75461562498094,-132.28144112322485,-215.4731745017561,55261.0423828125,57509.06534048388,53013.019425141116,8.13601358475486,57248.84765625,53571.40625,-2981.7109375,63.996329828940986,3.5,2.783,2.71,4.19,1914605.2,4235818.7,2.9,116.38,116.38,2025-10-12 21:29:11,55559.21484375,59833.0,0.03710577587740661,0.11688313203463835,-0.014625195549507697,0.01586392941374157,0.01542035213157798,-0.14140639,54421.25925734487,54397.49619855881,45996.06564426795
2025-05-27,199849.8756558642,202840.1481095679,199351.49691358025,201843.390625,1424916,0.0,0.0,SK하이닉스,000660.KS,-0.24629587072366732,199929.60625,193904.20703125,191425.60182291668,58.543931220745606,-0.002465996779489661,198168.9031373008,193935.92541276038,4232.977724540426,3514.858724629112,718.1189999113135,193904.20703125,211204.16628005065,176604.24778244935,17.843820424187648,205332.03125,176924.4375,3987.046875,257.6759852114367,3.5,2.783,2.71,4.19,1914605.2,4235818.7,2.9,116.38,116.38,2025-10-12 21:29:11,207325.546875,292577.40625,0.027160444704306255,0.44952681058342187,-0.002462958707236673,0.0025041629742160155,-0.02779860700119331,-0.05497033,202348.83937039334,196232.42553322727,190747.9940371206
2025-05-27,275500.0,276500.0,268500.0,272500.0,149335,0.0,0.0,LG에너지솔루션,373220.KS,-1.9784172661870492,274100.0,306925.0,327191.6666666667,31.12172124520403,-0.01998249958733829,288695.5661812347,305383.4514818648,-16687.885300630063,-13053.736229567341,-3634.149071062722,306925.0,359234.0763986904,254615.9236013096,34.085901375704424,350000.0,268000.0,-39500.0,-46.039603960396036,3.5,2.783,2.71,4.19,1914605.2,4235818.7,2.9,116.38,116.38,2025-10-12 21:29:11,289000.0,297000.0,0.060550458715596334,0.08990825688073395,-0.01978417266187049,0.13669397626306304,0.10279106358139473,-0.011766827,309749.1085316847,300510.56482593005,269293.53311657906
2025-05-27,1033000.0,1042000.0,1023000.0,1026000.0,63210,0.0,0.0,삼성바이오로직스,207940.KS,-1.6299137104506256,1053000.0,1034750.0,1056033.3333333333,47.68447669610183,-0.01643342927005763,1036553.0677496169,1039256.2983730297,-2703.230623412761,-5019.420684416486,2316.1900610037255,1034750.0,1093805.2818619115,975694.7181380884,11.414405771811856,1100000.0,991000.0,26000.0,177.24358135341006,3.5,2.783,2.71,4.19,1914605.2,4235818.7,2.9,116.38,116.38,2025-10-12 21:29:11,1028000.0,999000.0,0.001949317738791423,-0.02631578947368421,-0.016299137104506256,-0.08614638853841122,0.008631540444822592,-2.8252554,937613.80535959,1034855.9604963879,-1872712.0342254639
2025-05-27,176244.12202789995,177414.53125,175853.98562053326,177414.53125,502985,0.0,0.0,현대차,005380.KS,0.0,178311.853125,184636.940625,188244.07864583333,39.462667004062816,0.0,181840.78147917349,183905.2882830964,-2064.506803922908,-968.6531878007709,-1095.8536161221373,184636.940625,194272.07290947545,175001.80834052453,10.436841351313916,192239.71875,175463.859375,-14435.046875,98.54093041302593,3.5,2.783,2.71,4.19,1914605.2,4235818.7,2.9,116.38,116.38,2025-10-12 21:29:11,181315.90625,207119.328125,0.02199016603945738,0.16743158897814353,0.0,-0.002519869868487212,-0.00933518344363191,-0.012657171,176967.46971847134,175758.33405521527,175168.96616101265
2025-05-27,38700.0,41000.0,38550.0,40950.0,3448700,0.0,0.0,카카오,035720.KS,5.000000000000004,38410.0,37837.5,40321.196028645834,63.67914489195361,0.04879016416943205,38186.324866763796,38389.39541835332,-203.07055158952426,-601.6475530064336,398.5770014169093,37837.5,39789.52324190749,35885.47675809251,10.317929260165123,40950.0,36450.0,3400.0,101.82517090942906,3.5,2.783,2.71,4.19,1914605.2,4235818.7,2.9,116.38,116.38,2025-10-12 21:29:11,41700.0,63100.0,0.018315018315018316,0.5409035409035409,0.050000000000000044,0.009109552839319631,-0.015433646382537778,-0.13339502,41323.036188770144,40317.992180635076,35487.474086880684
2025-05-27,87300.0,88500.0,87100.0,88200.0,607447,0.0,0.0,기아,000270.KS,0.11350737797957144,88760.0,90035.0,90494.82473958333,45.26258361814025,0.0011344300706118218,89547.55475685322,89686.38240613973,-138.8276492865116,208.1328005109455,-346.96044979745704,90035.0,93773.99789558184,86296.00210441816,8.305654235756844,93700.0,87100.0,-5500.0,244.23248376957986,3.5,2.783,2.71,4.19,1914605.2,4235818.7,2.9,116.38,116.38,2025-10-12 21:29:11,89000.0,99100.0,0.009070294784580499,0.1235827664399093,0.0011350737797957144,0.0058137729609994025,-0.004076070775792389,0.03428497,88712.77477516016,87840.4905575751,91223.93252849579
2025-05-27,185800.0,186700.0,182000.0,182900.0,223128,0.0,0.0,LG화학,051910.KS,-2.5572722429408667,185540.0,202290.0,224257.97291666668,31.322913515947448,-0.02590538819564316,193006.6723486107,203525.76445115206,-10519.092102541355,-9277.804029290213,-1241.2880732511421,202290.0,229414.11240360502,175165.88759639498,26.817057099812168,225500.0,182400.0,-20100.0,-42.08306994561778,3.5,2.783,2.71,4.19,1914605.2,4235818.7,2.9,116.38,116.38,2025-10-12 21:29:11,193900.0,216000.0,0.06014215418261345,0.18097320940404593,-0.025572722429408667,0.16897302258584312,0.10002428793254275,-0.0121610155,213805.16583095072,201194.44226286208,180675.7500886917
2025-05-27,186200.0,186900.0,183000.0,183800.0,668670,0.0,0.0,NAVER,035420.KS,-2.2340425531914843,184580.0,190105.0,196295.0,41.27407390529801,-0.022593752908362477,186681.50187645957,189277.1878529878,-2595.6859765282134,-2288.0298810135796,-307.65609551463376,190105.0,200911.71818340104,179298.28181659896,11.369209840247274,200500.0,183100.0,-4400.0,58.94584873349824,3.5,2.783,2.71,4.19,1914605.2,4235818.7,2.9,116.38,116.38,2025-10-12 21:29:11,187700.0,261000.0,0.021218715995647442,0.4200217627856366,-0.022340425531914843,0.007491802802570725,0.018938624888250256,-0.0131218955,185176.9933551125,187280.91925446037,181388.19423913956
2025-05-27,237047.37882383965,240518.78395305906,233575.97369462025,235063.71875,163682,2500.0,0.0,POSCO홀딩스,005490.KS,-0.8368184840688464,234196.74375,246960.14140625,266935.62578125,37.11757290751977,-0.00840339466525954,240000.3817956895,247084.60893318028,-7084.227137490787,-6241.762301547145,-842.4648359436414,246960.14140625,266408.73540389235,227511.54740860767,15.750391044398826,258150.984375,229194.875,-17688.671875,27.10245584260196,3.5,2.783,2.71,4.19,1914605.2,4235818.7,2.9,116.38,116.38,2025-10-12 21:29:11,247461.59375,265314.53125,0.0527426140704668,0.12869196769652483,-0.008368184840688464,0.0015260285537401512,0.019768667841563673,-2.5628833e-05,235422.43269676084,239710.6153275715,235057.69406753406
2025-05-28,53968.96898060152,55757.99557664356,53869.57861415474,55559.21484375,17516283,0.0,0.0,삼성전자,005930.KS,3.710577587740671,54346.65078125,55270.9814453125,55716.76868489583,51.45679384035836,0.036433925855980466,55000.05402033103,55269.33353629446,-269.27951596343337,-159.68105609126656,-109.59845987216681,55270.9814453125,57522.609478111786,53019.353412513214,8.147595624033361,57248.84765625,53571.40625,-1490.85546875,70.08154088829093,3.5,2.783,2.71,4.19,1914605.2,4235818.7,2.9,116.38,116.38,2025-10-12 21:29:11,55757.9921875,60800.0,0.0035777565307397604,0.09432791969772679,0.03710577587740671,0.008804495231098506,0.009204263852806599,-0.13940895,56048.38568588538,56070.59651662665,47813.76325972332
2025-05-28,205830.41071965144,208820.68303034856,205332.03200120194,207325.546875,3161188,0.0,0.0,SK하이닉스,000660.KS,2.716044470430634,201424.74375,195080.38125,191571.79296875,62.85561876636135,0.02679814533079047,199577.6175584853,194927.74922477812,4649.868333707185,3741.860646444727,908.0076872624581,195080.38125,212684.4006819511,177476.3618180489,18.04796496618607,207325.546875,176924.4375,1993.515625,267.3906240298302,3.5,2.783,2.71,4.19,1914605.2,4235818.7,2.9,116.38,116.38,2025-10-12 21:29:11,211694.234375,283590.375,0.021071631382860667,0.36785060632678,0.02716044470430634,-0.009440384763284525,-0.03684461241401054,-0.05812529,205368.31394124162,199686.71745686786,195274.68372064177
2025-05-28,276500.0,290000.0,272500.0,289000.0,395192,0.0,0.0,LG에너지솔루션,373220.KS,6.055045871559628,276400.0,304200.0,325833.3333333333,41.86480095607623,0.05878807400913334,288742.40215335245,304169.8624832081,-15427.460329855676,-13528.481049625008,-1898.9792802306674,304200.0,354109.8134006132,254290.1865993868,32.81381551651098,350000.0,268000.0,-24500.0,-42.772277227722775,3.5,2.783,2.71,4.19,1914605.2,4235818.7,2.9,116.38,116.38,2025-10-12 21:29:11,288000.0,288000.0,-0.0034602076124567475,-0.0034602076124567475,0.06055045871559628,0.14171729861113905,0.09569998588329628,-0.014115262,329956.29929861915,316657.29592027265,284920.6858277321
2025-05-28,1028000.0,1038000.0,1023000.0,1028000.0,39721,0.0,0.0,삼성바이오로직스,207940.KS,0.19493177387914784,1038600.0,1034400.0,1053850.0,48.03808902433831,0.0019474202843956288,1035237.2111727528,1038422.4984935459,-3185.2873207931407,-4652.594011691817,1467.3066908986766,1034400.0,1093531.966597472,975268.0334025279,11.433094856433119,1100000.0,991000.0,23000.0,177.78401718450834,3.5,2.783,2.71,4.19,1914605.2,4235818.7,2.9,116.38,116.38,2025-10-12 21:29:11,1026000.0,996000.0,-0.0019455252918287938,-0.0311284046692607,0.0019493177387914784,-0.08184139595606436,-0.007043318944113449,-2.7954285,943867.0449571658,1020759.4681254514,-1845700.5128860474
2025-05-28,177902.21247982787,181706.04268087682,177902.21247982787,181315.90625,611926,0.0,0.0,현대차,005380.KS,2.199016603945747,177902.209375,184495.515625,188006.74557291667,46.16656780111527,0.02175186946462879,181760.03144391603,183713.48220657074,-1953.450762654713,-1165.6127027715593,-787.8380598831536,184495.515625,194243.46100375056,174747.57024624944,10.567135299444287,192239.71875,175463.859375,-10923.8125,102.90687843843673,3.5,2.783,2.71,4.19,1914605.2,4235818.7,2.9,116.38,116.38,2025-10-12 21:29:11,188829.546875,202670.453125,0.04143950070569167,0.11777536409605542,0.02199016603945747,0.0034921870111360685,-0.015733816991143602,-0.014576913,181949.0953027186,178463.11496347914,178672.880253762
2025-05-28,40950.0,42200.0,40250.0,41700.0,2787745,0.0,0.0,카카오,035720.KS,1.831501831501825,39260.0,38025.0,40276.4796875,66.4049076276206,0.01814931850567727,38726.890271877055,38634.62538736419,92.26488451286423,-462.865065502574,555.1299500154382,38025.0,40632.7818765944,35417.2181234056,13.716143992606986,41700.0,36450.0,3750.0,105.52160261106694,3.5,2.783,2.71,4.19,1914605.2,4235818.7,2.9,116.38,116.38,2025-10-12 21:29:11,44000.0,60900.0,0.05515587529976019,0.460431654676259,0.01831501831501825,0.004267055322237049,-0.01299348620078299,-0.13519502,41877.93620693729,41158.17162542735,36062.36779689789
2025-05-28,88500.0,90000.0,88500.0,89000.0,842967,0.0,0.0,기아,000270.KS,0.9070294784580435,88320.0,90075.0,90505.21940104167,47.906113697996624,0.009029406719394157,89463.31556349118,89635.53926494421,-172.22370145302557,132.0615001181513,-304.28520157117686,90075.0,93747.87353444242,86402.12646555758,8.15514523328875,93700.0,87100.0,-3400.0,247.35477387179827,3.5,2.783,2.71,4.19,1914605.2,4235818.7,2.9,116.38,116.38,2025-10-12 21:29:11,93200.0,97700.0,0.04719101123595506,0.09775280898876404,0.009070294784580435,0.007627199713659195,0.0005695210571463804,0.029639108,89678.82077451567,89050.68737408603,91637.88211345673
2025-05-28,184100.0,194600.0,183950.0,193900.0,431738,0.0,0.0,LG화학,051910.KS,6.014215418261348,186720.0,200760.0,223321.8578125,42.45745667060044,0.05840300685178614,193144.1073719014,202812.74486217782,-9668.637490276422,-9355.970721487456,-312.6667687889658,200760.0,225995.51382266494,175524.48617733506,25.13998189147733,225500.0,182400.0,-9600.0,-38.599821008503476,3.5,2.783,2.71,4.19,1914605.2,4235818.7,2.9,116.38,116.38,2025-10-12 21:29:11,199300.0,209000.0,0.02784940691077875,0.0778751933986591,0.06014215418261348,0.09779685031874567,0.08761324311648795,-0.016734958,212862.80927680476,210888.207840287,190655.09170293808
2025-05-28,184600.0,189000.0,184100.0,187700.0,727369,0.0,0.0,NAVER,035420.KS,2.1218715995647397,185160.0,189815.0,195773.33333333334,47.5786895645585,0.020996733670876414,186838.1938954658,189160.35912313685,-2322.1652276710374,-2294.8569503450713,-27.308277325966174,189815.0,200549.1609139713,179080.8390860287,11.31012924581441,200500.0,183100.0,-3500.0,62.318475556461465,3.5,2.783,2.71,4.19,1914605.2,4235818.7,2.9,116.38,116.38,2025-10-12 21:29:11,189300.0,257500.0,0.008524240809802876,0.3718700053276505,0.021218715995647397,0.0023649935445235163,-0.0009063568524203345,-0.0160066,188143.90928830707,187529.8768188007,184695.56325674057
2025-05-28,236551.46336422843,248949.3388026052,236551.46336422843,247461.59375,384914,0.0,0.0,POSCO홀딩스,005490.KS,5.2742614070466765,236475.896875,246572.90703125,266463.00078125,49.9625712176245,0.051398772191514806,241148.2605578911,247112.5337344262,-5964.273176535091,-6186.264476544735,221.99130000964396,246572.90703125,265634.749396568,227511.06466593203,15.46142485386858,258150.984375,229194.875,107.796875,33.80617161851684,3.5,2.783,2.71,4.19,1914605.2,4235818.7,2.9,116.38,116.38,2025-10-12 21:29:11,252420.75,257875.8125,0.020040104708167465,0.04208418200248498,0.052742614070466765,-0.0004672710649888998,0.014003704413943358,-0.0042039147,247345.9621075446,250926.97276267834,246421.2860966213
2025-05-29,55857.38254790552,56056.16326871658,55261.04038547237,55757.9921875,12936810,0.0,0.0,삼성전자,005930.KS,0.3577756530739773,54624.94375,55285.88984375,55748.604752604166,52.449502523808924,0.0035713715845000025,55116.659892203184,55305.5304734208,-188.8705812176122,-165.5189611165357,-23.35162010107649,55285.88984375,57546.712211779326,53025.06747572068,8.178659598023657,57248.84765625,53571.40625,-1192.6875,70.6900512319623,3.5,2.783,2.71,4.19,1914605.2,4235818.7,2.9,116.38,116.38,2025-10-12 21:29:11,55857.3828125,59800.0,0.0017825359397048322,0.0724919900075984,0.003577756530739773,0.0037931555616569435,0.007903637416553436,-0.13450405,55969.49092567284,56198.68314082502,48258.31475578062
2025-05-29,214190.6286482901,214190.6286482901,207200.72468307783,211694.234375,3827689,375.0,0.0,SK하이닉스,000660.KS,2.1071631382860723,204511.28125,196594.6,191940.30911458333,65.89934855515821,0.020852694785093332,201441.71245333372,196169.71108775752,5272.001365576201,4047.888790271022,1224.1125753051792,196594.6,214455.53593722385,178733.66406277617,18.170322010089635,211694.234375,176924.4375,11844.375,275.1321438329059,3.5,2.783,2.71,4.19,1914605.2,4235818.7,2.9,116.38,116.38,2025-10-12 21:29:11,204205.046875,291578.84375,-0.03537738059853573,0.37735845575033744,0.021071631382860723,0.0006115075658739215,-0.04082335697000681,-0.055456117,211823.6870009722,203052.1650766171,199954.49734304752
2025-05-29,289000.0,291000.0,283000.0,288000.0,189663,0.0,0.0,LG에너지솔루션,373220.KS,-0.34602076124568004,279100.0,301300.0,324766.6666666667,41.4429126170502,-0.003466207976486284,288628.1864374521,302972.09489185933,-14343.90845440724,-13691.566530581455,-652.3419238257848,301300.0,347592.4343028537,255007.5656971463,30.72846618178142,350000.0,268000.0,-19000.0,-42.97029702970298,3.5,2.783,2.71,4.19,1914605.2,4235818.7,2.9,116.38,116.38,2025-10-12 21:29:11,286000.0,297000.0,-0.006944444444444444,0.03125,-0.0034602076124568004,0.13496367154891475,0.06676622046103751,-0.004177698,326869.53740608745,307228.6714927788,286796.82540893555
2025-05-29,1034000.0,1037000.0,1015000.0,1026000.0,89905,0.0,0.0,삼성바이오로직스,207940.KS,-0.1945525291828787,1027800.0,1033850.0,1052350.0,47.69093885663698,-0.0019474202843955666,1033816.1017615601,1037502.31341995,-3686.2116583898896,-4459.317541031432,773.1058826415419,1033850.0,1093084.680453442,974615.3195465578,11.459047338287391,1100000.0,991000.0,28000.0,177.24358135341006,3.5,2.783,2.71,4.19,1914605.2,4235818.7,2.9,116.38,116.38,2025-10-12 21:29:11,1032000.0,992000.0,0.005847953216374269,-0.03313840155945419,-0.0019455252918287869,-0.07201162233132676,-0.02157885004004379,-2.7232556,952116.0754880587,1003860.0998589151,-1768060.2807998657
2025-05-29,187445.45595549737,190806.8196171466,184182.95593095548,188829.546875,1093538,2500.0,0.0,현대차,005380.KS,4.143950070569158,180087.675,184720.01953125,188016.55755208334,56.22156460768581,0.040603891414965836,182847.64920254433,184092.44995978771,-1244.8007572433853,-1181.4503136659246,-63.35044357746074,184720.01953125,194657.8051781645,174782.2338843355,10.759836072054204,192239.71875,175463.859375,686.25,111.31523817067604,3.5,2.783,2.71,4.19,1914605.2,4235818.7,2.9,116.38,116.38,2025-10-12 21:29:11,183194.3125,201187.5,-0.02984296932476553,0.06544501816328896,0.04143950070569158,0.00511495500950318,-0.01682076777591099,-0.018917168,189795.40151173048,185653.28891778513,185257.43126901705
2025-05-29,41550.0,44250.0,41550.0,44000.0,4644875,0.0,0.0,카카오,035720.KS,5.515587529976029,40610.0,38322.5,40291.7306640625,73.07754964754922,0.053688505113505494,39538.137922357506,39032.06054385574,506.07737850176636,-269.0765767017059,775.1539552034723,38322.5,42056.620765969055,34588.379234030945,19.4878766571547,44000.0,36450.0,6350.0,116.85732649608984,3.5,2.783,2.71,4.19,1914605.2,4235818.7,2.9,116.38,116.38,2025-10-12 21:29:11,42700.0,60000.0,-0.029545454545454545,0.36363636363636365,0.05515587529976029,0.016607098743148037,-0.023040139004710275,-0.14381735,44730.71234469852,42986.23388379275,37672.03593254089
2025-05-29,90700.0,93700.0,90000.0,93200.0,1583303,0.0,0.0,기아,000270.KS,4.719101123595504,89120.0,90300.0,90607.41236979167,59.07950133482867,0.04611135195940565,90038.19009218484,89899.57339346687,138.61669871797494,133.37253983811604,5.244158879858901,90300.0,94164.54872425135,86435.45127574865,8.559354870988589,93700.0,87100.0,2000.0,263.74679690844494,3.5,2.783,2.71,4.19,1914605.2,4235818.7,2.9,116.38,116.38,2025-10-12 21:29:11,89400.0,96900.0,-0.0407725321888412,0.03969957081545064,0.04719101123595504,0.006465279626736728,-0.010325198276751464,0.029835017,93802.56406121187,92237.69152060676,95980.6206703186
2025-05-29,194200.0,202500.0,192200.0,199300.0,413246,0.0,0.0,LG화학,051910.KS,2.784940691077886,189240.0,199675.0,222749.7203125,47.000222444548186,0.027468664970143022,194091.16777622426,202552.54153905352,-8461.373762829258,-9177.051329755817,715.6775669265589,199675.0,223043.34340905186,176306.65659094814,23.40637877456052,225500.0,182400.0,-3200.0,-36.889862439374646,3.5,2.783,2.71,4.19,1914605.2,4235818.7,2.9,116.38,116.38,2025-10-12 21:29:11,197300.0,211500.0,-0.010035122930255895,0.061214249874560964,0.027849406910778862,0.05207153632903702,0.0852415166645474,-0.012593833,209677.85719037705,216288.63427124431,196790.05450606346
2025-05-29,189300.0,190600.0,187700.0,189300.0,649059,0.0,0.0,NAVER,035420.KS,0.8524240809802963,186380.0,189505.0,195478.33333333334,49.95252689912767,0.008488114622814116,187216.9332961634,189170.70289179336,-1953.7695956299722,-2226.6394794020516,272.86988377207945,189505.0,199900.64179941607,179109.35820058393,10.971364132256218,200500.0,183100.0,100.0,63.70211732998485,3.5,2.783,2.71,4.19,1914605.2,4235818.7,2.9,116.38,116.38,2025-10-12 21:29:11,187500.0,262500.0,-0.009508716323296355,0.3866877971473851,0.008524240809802963,-6.393969867514072e-05,-0.004201667992288788,-0.016529154,189287.8962150408,188504.62424905974,186171.03325724602
2025-05-29,249941.17485265227,255892.15520628684,246965.68467583496,252420.75,326031,0.0,0.0,POSCO홀딩스,005490.KS,2.0040104708167528,240237.6625,246310.934375,266212.08255208336,54.00943616699214,0.019841944864574704,242882.48970283094,247505.73493928352,-4623.245236452582,-5873.660628526304,1250.4153920737226,246310.934375,264868.5388737398,227753.32987626025,15.068437416981611,258150.984375,229194.875,7030.078125,36.48766130835095,3.5,2.783,2.71,4.19,1914605.2,4235818.7,2.9,116.38,116.38,2025-10-12 21:29:11,247957.515625,258867.640625,-0.017681725353403,0.025540256199222924,0.020040104708167528,-0.0013602789081615656,0.00829742697139384,0.002963189,252077.38737779268,254515.19273918946,253168.719458431
2025-05-30,55857.3828125,56851.28642126334,55459.82136899466,55857.3828125,26219683,0.0,0.0,삼성전자,005930.KS,0.1782535939704788,55022.5046875,55305.7677734375,55782.097330729164,52.96741389343539,0.0017809491079598474,55230.61726455654,55346.4084244637,-115.79115990715945,-155.57340087466048,39.782240967501025,55305.7677734375,57579.98055146187,53031.554995413135,8.224143229837367,57248.84765625,53571.40625,-596.34375,70.99431238283333,3.5,2.783,2.71,4.19,1914605.2,4235818.7,2.9,116.38,116.38,2025-10-12 21:29:11,56453.7265625,60200.0,0.01067618495484804,0.07774473075613186,0.001782535939704788,0.0037931555616569435,0.0030432069105523585,-0.1371529,56069.25855477484,56027.36838588037,48196.380201792344
2025-05-30,209697.11415036675,209697.11415036675,202707.2103453545,204205.046875,4826628,0.0,0.0,SK하이닉스,000660.KS,-3.537738059853568,205481.99375,197794.16484375,192252.11744791668,57.24007312463734,-0.036018322107931655,201866.84082589776,196764.92114607178,5101.91967982598,4258.694968182013,843.2247116439667,197794.16484375,214184.91604362635,181403.41364387368,16.5735437269592,211694.234375,176924.4375,368.15625,261.86095120578454,3.5,2.783,2.71,4.19,1914605.2,4235818.7,2.9,116.38,116.38,2025-10-12 21:29:11,207200.71875,285088.21875,0.014669920850848216,0.3960880160053586,-0.03537738059853568,0.0038388261851486686,-0.022442511233116694,-0.061877362,204988.95455608328,199622.1728166487,191569.3756580148
2025-05-30,286000.0,290000.0,283500.0,286000.0,224384,0.0,0.0,LG에너지솔루션,373220.KS,-0.694444444444442,282700.0,298100.0,324000.0,40.5624967729603,-0.006968669316093316,288223.8500624595,301714.90267764754,-13491.052615188062,-13651.463747502778,160.41113231471536,298100.0,338718.37800280505,257481.62199719492,27.251511575179517,327500.0,268000.0,-4500.0,-43.36633663366337,3.5,2.783,2.71,4.19,1914605.2,4235818.7,2.9,116.38,116.38,2025-10-12 21:29:11,284500.0,297500.0,-0.005244755244755245,0.04020979020979021,-0.00694444444444442,0.12391543329496846,0.07147485919333926,-0.011035971,321439.813922361,306441.809729295,282843.710064888
2025-05-30,1022000.0,1049000.0,1019000.0,1032000.0,116149,0.0,0.0,삼성바이오로직스,207940.KS,0.5847953216374213,1031000.0,1032800.0,1050883.3333333333,48.88435374291978,0.005830920310793144,1033536.7014905508,1037094.7346481017,-3558.0331575509626,-4279.0606643353385,721.0275067843759,1032800.0,1091345.8884349014,974254.1115650986,11.337313794520016,1100000.0,991000.0,30000.0,178.86488884670487,3.5,2.783,2.71,4.19,1914605.2,4235818.7,2.9,116.38,116.38,2025-10-12 21:29:11,1031000.0,1003000.0,-0.0009689922480620155,-0.02810077519379845,0.005847953216374213,-0.08637875826891436,-0.023331196703215745,-2.6439662,942857.1214664803,1007922.2050022813,-1696573.1163024902
2025-05-30,185270.44879924445,185369.3124325418,183194.3125,183194.3125,781444,0.0,0.0,현대차,005380.KS,-2.984296932476549,181633.765625,184477.446875,187976.33932291667,48.851754745699786,-0.03029733329298629,182900.9820175375,184025.92125906268,-1124.9392415251932,-1170.1480992377783,45.208857712585086,184477.446875,194309.70727713386,174645.18647286613,10.659579876770628,192239.71875,175463.859375,-5826.78125,105.00896400009303,3.5,2.783,2.71,4.19,1914605.2,4235818.7,2.9,116.38,116.38,2025-10-12 21:29:11,181909.09375,207613.640625,-0.007015603991526757,0.13329741405044984,-0.02984296932476549,0.008462211203807246,-0.021179767045576257,-0.03163249,184744.54146371127,179314.2996371755,177399.42152313516
2025-05-30,43650.0,43850.0,42650.0,42700.0,3539065,0.0,0.0,카카오,035720.KS,-2.954545454545454,41670.0,38535.0,40306.116927083334,65.19548962999686,-0.02999071368368229,40024.57824199481,39303.75976282939,720.8184791654203,-71.09756552828068,791.916044693701,38535.0,42752.14545511273,34317.85454488727,21.887351525173123,44000.0,36450.0,5300.0,110.45017821325081,3.5,2.783,2.71,4.19,1914605.2,4235818.7,2.9,116.38,116.38,2025-10-12 21:29:11,43150.0,60100.0,0.01053864168618267,0.40749414519906324,-0.02954545454545454,0.0167682214406707,-0.016544904487751404,-0.14762075,43416.003055516645,41993.532578373015,36396.59450650215
2025-05-30,91000.0,91200.0,89400.0,89400.0,1535385,0.0,0.0,기아,000270.KS,-4.077253218884125,89580.0,90240.0,90644.71497395834,48.8669873684553,-0.041627039512077094,89940.00700107949,89862.56795691376,77.43904416573059,122.18584070363896,-44.74679653790837,90240.0,94122.15892188154,86357.84107811846,8.604075624737446,93700.0,87100.0,-2600.0,248.9159189229075,3.5,2.783,2.71,4.19,1914605.2,4235818.7,2.9,116.38,116.38,2025-10-12 21:29:11,88400.0,98700.0,-0.011185682326621925,0.1040268456375839,-0.04077253218884125,0.009731187026105464,0.0005696944621365253,0.040599238,90269.96812013382,89450.930684915,93029.57088947296
2025-05-30,197700.0,199500.0,193900.0,197300.0,500660,0.0,0.0,LG화학,051910.KS,-1.003512293025588,192220.0,198265.0,222260.48255208333,45.565434474853774,-0.010085814190179357,194584.83427218976,202163.4643880125,-7578.630115822743,-8857.367086969203,1278.7369711464598,198265.0,218227.2037597687,178302.7962402313,20.136891291724396,216000.0,182400.0,3700.0,-37.523180427940886,3.5,2.783,2.71,4.19,1914605.2,4235818.7,2.9,116.38,116.38,2025-10-12 21:29:11,195300.0,229000.0,-0.01013684744044602,0.16066903193106943,-0.01003512293025588,0.14119898907556974,0.09654838256250635,-0.023502968,225158.56054460994,216348.9958795825,192662.86877393723
2025-05-30,188700.0,188800.0,186100.0,187500.0,989028,0.0,0.0,NAVER,035420.KS,-0.9508716323296307,187260.0,189055.0,195178.33333333334,47.354511906049076,-0.009554212804811611,187260.48201983055,189046.9471220309,-1786.4651022003382,-2138.604603961709,352.13950176137087,189055.0,198942.4668141397,179167.5331858603,10.459883964073642,200500.0,183100.0,-300.0,62.14552033477106,3.5,2.783,2.71,4.19,1914605.2,4235818.7,2.9,116.38,116.38,2025-10-12 21:29:11,186500.0,262000.0,-0.005333333333333333,0.3973333333333333,-0.009508716323296307,0.01095685674492999,-0.00402818772243031,-0.023475068,189554.4106396744,186744.71480204433,183098.4279513359
2025-05-30,252916.66593750002,254900.3260625,247957.515625,247957.515625,441162,0.0,0.0,POSCO홀딩스,005490.KS,-1.7681725353402955,243990.190625,245825.8,265960.39427083335,50.08348534392189,-0.017839914538095216,243663.26292162618,247539.20017526252,-3875.937253636337,-5474.115953548311,1598.178699911974,245825.8,263626.00977932155,228025.59022067842,14.481970386608376,258150.984375,229194.875,5020.75,34.074323966968414,3.5,2.783,2.71,4.19,1914605.2,4235818.7,2.9,116.38,116.38,2025-10-12 21:29:11,242006.53125,273745.09375,-0.024000016131795764,0.10399998588467871,-0.017681725353402955,0.0043028534773839194,0.005710631518762421,-0.009991656,249024.4404833505,249373.50962904218,245480.0119522065
2025-06-02,55956.774744168135,56950.678380831865,55857.38438050176,56453.7265625,12870515,0.0,0.0,삼성전자,005930.KS,1.0676184954848011,55439.94453125,55370.371484375,55833.76263020833,56.059830799645006,0.010619596898982033,55418.78792577861,55428.431990244164,-9.64406446555222,-126.38753359283884,116.74346912728662,55370.371484375,57700.07782203303,53040.665146716965,8.414992622238248,57248.84765625,53571.40625,993.90234375,72.81987928805952,3.5,2.783,2.71,4.19,1914605.2,4235818.7,2.9,116.38,116.38,2025-10-12 21:29:11,57447.62890625,60800.0,0.017605610900631143,0.07698824687309587,0.010676184954848011,0.005265555016639669,-0.006581494792971418,-0.14014396,56750.986765609174,56082.17665508507,48542.07604249474
2025-06-02,204704.32454819276,208199.27643072288,202707.20918674697,207200.71875,1775752,0.0,0.0,SK하이닉스,000660.KS,1.4669920850848284,206453.7875,199307.97890625,192497.56510416666,59.53077984299368,0.01456335847222653,202687.4374296058,197537.9431908072,5149.494238798623,4436.854822305336,712.6394164932872,199307.97890625,212944.0342081209,185671.92360437912,13.683401313587131,211694.234375,185396.890625,8447.28125,267.1694227189861,3.5,2.783,2.71,4.19,1914605.2,4235818.7,2.9,116.38,116.38,2025-10-12 21:29:11,217186.296875,278597.59375,0.048192777444214345,0.344578317250649,0.014669920850848284,-0.002423086099266111,-0.039966897299839065,-0.065602906,206698.65356863893,198919.5489032659,193607.7510084696
2025-06-02,290500.0,291500.0,281500.0,284500.0,174819,0.0,0.0,LG에너지솔루션,373220.KS,-0.5244755244755206,284000.0,296100.0,323175.0,39.87823937404093,-0.005258557253466939,287650.9500528503,300439.7247015255,-12788.77464867523,-13478.92592773727,690.15127906204,296100.0,335154.0785658987,257045.9214341013,26.37897910563911,327500.0,268000.0,-7000.0,-43.66336633663367,3.5,2.783,2.71,4.19,1914605.2,4235818.7,2.9,116.38,116.38,2025-10-12 21:29:11,288500.0,302500.0,0.014059753954305799,0.0632688927943761,-0.005244755244755206,0.12608105842591427,0.0721042491119294,-0.009858978,320370.06112217257,305013.65887234395,281695.12420892715
2025-06-02,1023000.0,1043000.0,1023000.0,1031000.0,47043,0.0,0.0,삼성바이오로직스,207940.KS,-0.09689922480620172,1028600.0,1031750.0,1049016.6666666667,48.68499143324844,-0.0009694620245481195,1033146.4397227737,1036643.2728223164,-3496.8330995426513,-4122.615151376801,625.7820518341496,1031750.0,1089595.0743934112,973904.9256065888,11.213002063176383,1100000.0,991000.0,3000.0,178.59467093115575,3.5,2.783,2.71,4.19,1914605.2,4235818.7,2.9,116.38,116.38,2025-10-12 21:29:11,1034000.0,1009000.0,0.002909796314258002,-0.02133850630455868,-0.0009689922480620172,-0.08637875826891436,-0.02295612062773959,-2.698797,941943.5002247492,1007332.2396328006,-1751459.69414711
2025-06-02,182502.27557744566,183392.04831861414,181019.32100883152,181909.09375,538182,0.0,0.0,현대차,005380.KS,-0.7015603991526786,182532.678125,184277.9015625,187843.17578125,47.327978960487236,-0.0070403290498834425,182748.38382253173,183869.11922135434,-1120.7353988226096,-1160.2655591547446,39.53016033213498,184277.9015625,194150.5090746167,174405.29405038327,10.714912019733754,192239.71875,175463.859375,-4381.046875,103.5707022939552,3.5,2.783,2.71,4.19,1914605.2,4235818.7,2.9,116.38,116.38,2025-10-12 21:29:11,183886.359375,211073.859375,0.010869526004661326,0.1603260454097007,-0.0070156039915267865,0.005928884331876155,-0.02345505525737474,-0.038056932,182987.61172576016,177642.40590427478,174986.19573406316
2025-06-02,43200.0,43700.0,42400.0,43150.0,2075682,0.0,0.0,카카오,035720.KS,1.053864168618257,42500.0,38780.0,40308.03333333333,66.54080794718708,0.010483497294857983,40505.41235861099,39588.66644706425,916.7459115467427,126.471129886724,790.2747816600187,38780.0,43470.23621895292,34089.76378104708,24.188943883202285,44000.0,36450.0,6700.0,112.66803723423355,3.5,2.783,2.71,4.19,1914605.2,4235818.7,2.9,116.38,116.38,2025-10-12 21:29:11,41600.0,58700.0,-0.03592120509849363,0.3603707995365006,0.01053864168618257,0.007197351303836184,-0.031005503963597504,-0.15895644,43460.56570876053,41812.11250397077,36291.03097319603
2025-06-02,88400.0,89600.0,88100.0,88400.0,663587,0.0,0.0,기아,000270.KS,-1.118568232662187,89640.0,90140.0,90624.86848958333,46.584850759503716,-0.011248712535870653,89703.08284706726,89754.22958973495,-51.146742667697254,87.51932402937172,-138.66606669706897,90140.0,94106.91581113578,86173.08418886422,8.801676971679127,93700.0,87100.0,-3100.0,245.01305629513448,3.5,2.783,2.71,4.19,1914605.2,4235818.7,2.9,116.38,116.38,2025-10-12 21:29:11,89600.0,100000.0,0.013574660633484163,0.13122171945701358,-0.01118568232662187,0.00951435011241667,0.00011756060777320596,0.10211159,89241.06854993763,88410.39235772715,97426.66349411011
2025-06-02,197500.0,198200.0,193900.0,195300.0,157923,0.0,0.0,LG화학,051910.KS,-1.0136847440446073,193740.0,197230.0,221688.09713541667,44.11512717761107,-0.010188575145936464,194694.85976877596,201655.0596185301,-6960.199849754135,-8477.933639526189,1517.7337897720536,197230.0,215385.24862486668,179074.75137513332,18.410230314725634,210500.0,182400.0,-500.0,-38.15649841650711,3.5,2.783,2.71,4.19,1914605.2,4235818.7,2.9,116.38,116.38,2025-10-12 21:29:11,198700.0,240000.0,0.017409114183307733,0.22887864823348694,-0.010136847440446073,0.12454809196623931,0.0962963676263542,-0.029116817,219624.24236100656,214106.68059742698,189613.48713040352
2025-06-02,185800.0,188300.0,185700.0,186500.0,408085,0.0,0.0,NAVER,035420.KS,-0.5333333333333301,186960.0,188355.0,194828.33333333334,45.925453999118275,-0.005347606326595242,187143.48478601046,188858.2843722508,-1714.7995862403477,-2053.843600417437,339.04401417708914,188355.0,196691.47028680725,180018.52971319275,8.85187044337262,199100.0,183100.0,1100.0,61.28074422631893,3.5,2.783,2.71,4.19,1914605.2,4235818.7,2.9,116.38,116.38,2025-10-12 21:29:11,185500.0,252000.0,-0.005361930294906166,0.3512064343163539,-0.005333333333333301,0.011411601225402399,-0.004936848822251946,-0.025301183,188628.26362853756,185579.27769465,181781.33395314217
2025-06-02,243494.27631915984,247461.59650358604,238535.12608862703,242006.53125,329321,0.0,0.0,POSCO홀딩스,005490.KS,-2.400001613179581,244982.021875,245141.27265625,265470.46822916664,45.35004671536839,-0.024292709097524016,243408.38112599138,247129.3728474653,-3720.9917214739253,-5123.491107133434,1402.4993856595083,245141.27265625,262387.46889388975,227895.07641861023,14.07041421525398,258150.984375,229194.875,1032.890625,30.85653802890156,3.5,2.783,2.71,4.19,1914605.2,4235818.7,2.9,116.38,116.38,2025-10-12 21:29:11,243494.28125,285647.0625,0.0061475613584292465,0.18032790695602352,-0.02400001613179581,0.014270879399796545,-0.001303946237565146,-0.0142985545,245460.17727143184,241690.96774411038,238546.18676963076
2025-06-04,56851.286737673014,57547.0192676795,56453.72529195502,57447.62890625,19649983,0.0,0.0,삼성전자,005930.KS,1.7605610900631063,56215.1890625,55544.3044921875,55897.05279947917,60.69799015530232,0.017452427445271618,55730.917307389594,55578.00213217052,152.91517521907372,-70.52699183045632,223.44216704953004,55544.3044921875,57951.60873431912,53137.00025005588,8.668050717856108,57447.62890625,53571.40625,1888.4140625,75.86247883869915,3.5,2.783,2.71,4.19,1914605.2,4235818.7,2.9,116.38,116.38,2025-10-12 21:29:11,58739.703125,63800.0,0.02249134112843131,0.11057673248997915,0.017605610900631063,0.007469214697039407,-0.01810774876592427,-0.1425766,57876.71758038663,56407.381674817574,49256.94271888444
2025-06-04,217685.57571839078,222678.36415229883,216187.73918821837,217186.296875,5108674,0.0,0.0,SK하이닉스,000660.KS,4.819277744421435,209522.36875,200897.44921875,192921.06796875,66.05806754917003,0.04706751692545464,204918.03119043566,198993.3767970437,5924.654393391975,4734.414736522664,1190.2396568693111,200897.44921875,215105.02376390132,186689.87467359868,14.144106458694958,217186.296875,189483.578125,15841.296875,284.86433699240285,3.5,2.783,2.71,4.19,1914605.2,4235818.7,2.9,116.38,116.38,2025-10-12 21:29:11,224176.203125,278098.3125,0.032183919292214785,0.28045975506483023,0.04819277744421435,0.00732251715242562,-0.049321611322933306,-0.053423364,218776.647259139,206474.31875586405,205583.47838845383
2025-06-04,288000.0,293000.0,286000.0,288500.0,214348,0.0,0.0,LG에너지솔루션,373220.KS,1.4059753954305698,287200.0,294500.0,322416.6666666667,42.65625259836539,0.01396183238176854,287781.5731216426,299555.3006495607,-11773.72752791812,-13137.88624777344,1364.1587198553207,294500.0,331933.44971939595,257066.55028060405,25.42169760230625,327500.0,268000.0,9000.0,-42.87128712871288,3.5,2.783,2.71,4.19,1914605.2,4235818.7,2.9,116.38,116.38,2025-10-12 21:29:11,291000.0,318500.0,0.008665511265164644,0.10398613518197573,0.014059753954305698,0.14371506056222966,0.07510280312390266,-0.0120693,329961.79497220326,310167.1587012459,285018.0113017559
2025-06-04,1031000.0,1040000.0,1025000.0,1034000.0,79421,0.0,0.0,삼성바이오로직스,207940.KS,0.29097963142579175,1030200.0,1029200.0,1047416.6666666666,49.352318417603215,0.002905571051414431,1033277.7566885009,1036447.4748354781,-3169.7181469772477,-3932.0357504968906,762.317603519643,1029200.0,1081380.2543819856,977019.7456180144,10.139963929651309,1100000.0,991000.0,7000.0,179.40532467780312,3.5,2.783,2.71,4.19,1914605.2,4235818.7,2.9,116.38,116.38,2025-10-12 21:29:11,1019000.0,1044000.0,-0.014506769825918761,0.009671179883945842,0.0029097963142579175,-0.08601344653383246,-0.02228458110056969,-2.6106782,945062.0962840172,1010957.743142011,-1665441.2546157837
2025-06-04,182996.58666834678,184380.6775453629,182007.95032762096,183886.359375,577325,0.0,0.0,현대차,005380.KS,1.08695260046614,183827.04375,184235.73984375,187695.825,49.91625358391811,0.010810877313127229,182923.4569844499,183870.39626977255,-946.9392853226454,-1117.6003043883247,170.66101906567928,184235.73984375,194107.4274604832,174364.0522270168,10.716365483814764,192239.71875,175463.859375,-940.765625,105.78341933632652,3.5,2.783,2.71,4.19,1914605.2,4235818.7,2.9,116.38,116.38,2025-10-12 21:29:11,187445.453125,212062.5,0.01935485460746944,0.1532258331763495,0.0108695260046614,-0.000693596975571205,-0.023981845932985243,-0.032219164,183758.8163522887,179476.4250352912,177961.69322136417
2025-06-04,44100.0,44450.0,41050.0,41600.0,3838475,0.0,0.0,카카오,035720.KS,-3.5921205098493614,42630.0,38957.5,40250.833333333336,58.19650104558704,-0.03658225026221934,40673.81045728622,39737.654117652084,936.1563396341371,288.40817183620663,647.7481677979305,38957.5,43797.71258777347,34117.28741222653,24.848681705825438,44000.0,36450.0,5050.0,105.02874505084856,3.5,2.783,2.71,4.19,1914605.2,4235818.7,2.9,116.38,116.38,2025-10-12 21:29:11,44300.0,59500.0,0.06490384615384616,0.43028846153846156,-0.035921205098493614,0.013250168790785184,-0.013718100725623808,-0.16202076,42151.20702169666,41029.32700981405,34859.93709564209
2025-06-04,89200.0,90400.0,88600.0,89600.0,862750,0.0,0.0,기아,000270.KS,1.3574660633484115,89920.0,90150.0,90592.324609375,49.62508025884548,0.013483350337286988,89687.22394751845,89742.8051756805,-55.58122816206014,58.89921359108534,-114.48044175314548,90150.0,94110.06379534035,86189.93620465965,8.78549926864193,93700.0,87100.0,-1600.0,249.6964914484621,3.5,2.783,2.71,4.19,1914605.2,4235818.7,2.9,116.38,116.38,2025-10-12 21:29:11,93100.0,100100.0,0.0390625,0.1171875,0.013574660633484115,0.0016724829312650285,-0.005465912324140143,0.09176118,89749.85447064135,89110.25425575704,97821.80633544922
2025-06-04,197300.0,202500.0,197200.0,198700.0,281974,0.0,0.0,LG화학,051910.KS,1.7409114183307706,196900.0,196665.0,221130.86666666667,47.192323337354146,0.01725931167513789,195311.03518896428,201436.16631345378,-6125.131124489504,-8007.373136518852,1882.2420120293482,196665.0,213822.87681623938,179507.12318376062,17.44883615919394,210500.0,182400.0,9000.0,-37.079857835944516,3.5,2.783,2.71,4.19,1914605.2,4235818.7,2.9,116.38,116.38,2025-10-12 21:29:11,201500.0,257000.0,0.014091595369904378,0.2934071464519376,0.017409114183307706,0.1370011272703033,0.10842110455930908,-0.029847171,225922.12398860927,220243.27347593472,192769.37227249146
2025-06-04,189000.0,189100.0,185500.0,185500.0,817069,0.0,0.0,NAVER,035420.KS,-0.536193029490617,187300.0,187760.0,194270.0,44.47989152582641,-0.005376357036380406,186890.64097277808,188609.5225668989,-1718.8815941208159,-1986.8511991581126,267.9696050372968,187760.0,195005.58667855852,180514.41332144148,7.717923603066174,199100.0,183100.0,500.0,60.415968117866825,3.5,2.783,2.71,4.19,1914605.2,4235818.7,2.9,116.38,116.38,2025-10-12 21:29:11,191200.0,253000.0,0.030727762803234502,0.3638814016172507,-0.00536193029490617,0.0064851988702238576,-0.00478244349136761,-0.023176434,186703.00439042653,184612.85673235133,181200.77192783356
2025-06-04,244486.11131619144,248949.34661405295,240518.79105142565,243494.28125,331807,0.0,0.0,POSCO홀딩스,005490.KS,0.6147561358429199,246668.134375,244776.5234375,264694.5098958333,46.70612675489922,0.006128742191706087,243421.59652968502,246860.10680320862,-3438.5102735235996,-4786.494940411467,1347.9846668878672,244776.5234375,261827.2250340217,227725.8218409783,13.931647820690904,258150.984375,229194.875,6937.6875,31.660986625585853,3.5,2.783,2.71,4.19,1914605.2,4235818.7,2.9,116.38,116.38,2025-10-12 21:29:11,254900.328125,309450.96875,0.046843181763637415,0.27087571486856016,0.006147561358429199,0.008645694503762381,-0.005555098084338399,-0.012730068,245599.45841910067,242141.64663468077,240394.58395111747
2025-06-05,57745.79951882403,59534.82600994078,57547.01879758883,58739.703125,23266027,0.0,0.0,삼성전자,005930.KS,2.249134112843132,56851.28671875,55767.9328125,55991.75787760417,65.75820436080825,0.022242140564910716,56193.80743317581,55812.202205713445,381.6052274623653,19.899452028108,361.7057754342573,55767.9328125,58486.52426398977,53049.341361010236,9.749658322929312,58739.703125,53571.40625,3379.26953125,79.81786184195185,3.5,2.783,2.71,4.19,1914605.2,4235818.7,2.9,116.38,116.38,2025-10-12 21:29:11,59435.4375,63300.0,0.01184436314768998,0.07763568136011072,0.02249134112843132,0.007675746586461092,-0.020856899223705417,-0.14525716,59190.574200751464,57514.57505649151,50207.33979056124
2025-06-05,225174.76082266148,229668.27046213808,221679.80888084634,224176.203125,5768506,0.0,0.0,SK하이닉스,000660.KS,3.218391929221487,212892.5,202597.19296875,193461.06927083334,69.7376111079952,0.031676867549145796,207880.82687267632,200858.77133985527,7022.055532821047,5191.94289578234,1830.1126370387065,202597.19296875,219318.40316472095,185875.98277277904,16.50685278601086,224176.203125,189483.578125,24326.34375,297.2507797526181,3.5,2.783,2.71,4.19,1914605.2,4235818.7,2.9,116.38,116.38,2025-10-12 21:29:11,228669.703125,270109.84375,0.02004450043029071,0.20489971720766248,0.03218391929221487,0.00258814890939735,-0.04992856234804252,-0.054042943,224756.4045206308,212983.40759032598,212061.06306771003
2025-06-05,287500.0,295000.0,284500.0,291000.0,207656,0.0,0.0,LG에너지솔루션,373220.KS,0.8665511265164572,287600.0,292925.0,321616.6666666667,44.38587935127221,0.008628181223338189,288276.71571831295,298921.5746755192,-10644.858957206248,-12639.280789660002,1994.4218324537542,292925.0,327972.74938340427,257877.25061659576,23.92950371829257,327500.0,268000.0,13500.0,-42.37623762376238,3.5,2.783,2.71,4.19,1914605.2,4235818.7,2.9,116.38,116.38,2025-10-12 21:29:11,285000.0,310500.0,-0.020618556701030927,0.06701030927835051,0.008665511265164572,0.14272939879900576,0.07156092531431349,-0.008920618,332534.25505051063,311824.22926646523,288404.1025042534
2025-06-05,1027000.0,1040000.0,1015000.0,1019000.0,90871,0.0,0.0,삼성바이오로직스,207940.KS,-1.4506769825918808,1028400.0,1028100.0,1046066.6666666666,46.12261327762571,-0.014613021845649674,1031081.1787364238,1035155.0692921093,-4073.8905556855025,-3960.4067115346134,-113.48384415088913,1028100.0,1080160.2889370664,976039.7110629337,10.12747571968999,1100000.0,991000.0,-81000.0,175.35205594456613,3.5,2.783,2.71,4.19,1914605.2,4235818.7,2.9,116.38,116.38,2025-10-12 21:29:11,1033000.0,1038000.0,0.013738959764474975,0.018645731108930325,-0.014506769825918808,-0.08695712564597644,-0.01827311980477489,-2.582707,930390.6889667499,1000379.6909189344,-1612778.3598899841
2025-06-05,183886.36224287975,190806.81673589133,183886.36224287975,187445.453125,797915,0.0,0.0,현대차,005380.KS,1.935485460746933,185052.953125,184459.3125,187624.0484375,54.27208320256084,0.019169931703655163,183619.1486983807,184135.2152960857,-516.0665977049794,-997.2935630516556,481.22696534667625,184459.3125,194412.87949007735,174505.74550992265,10.792154492148342,192239.71875,175463.859375,4081.328125,109.76632749820902,3.5,2.783,2.71,4.19,1914605.2,4235818.7,2.9,116.38,116.38,2025-10-12 21:29:11,195552.28125,208107.953125,0.04324899852115311,0.11023206834588295,0.01935485460746933,3.800781008471544e-05,-0.020984724772443973,-0.03260502,187452.57751618364,183511.96188132584,181333.79555237945
2025-06-05,42000.0,44900.0,41850.0,44300.0,5070135,0.0,0.0,카카오,035720.KS,6.490384615384626,43150.0,39255.0,40260.0,66.15770507854072,0.06288450978387244,41231.68577154988,40075.60566449267,1156.0801070572052,461.94255888040635,694.1375481767989,39255.0,44638.884334420596,33871.115665579404,27.430311218548447,44300.0,36450.0,6850.0,118.33589917674496,3.5,2.783,2.71,4.19,1914605.2,4235818.7,2.9,116.38,116.38,2025-10-12 21:29:11,51400.0,58400.0,0.16027088036117382,0.3182844243792325,0.06490384615384626,0.012829422398480311,-0.03402923403421867,-0.1670404,44868.34341225268,42792.504932284115,36900.10994076729
2025-06-05,89100.0,93500.0,89100.0,93100.0,1416289,0.0,0.0,기아,000270.KS,3.90625,90740.0,90400.0,90636.79830729167,57.26512410901709,0.0383188643021366,90212.26641713099,89991.48627377824,220.7801433527493,91.27539954341813,129.50474380933116,90400.0,94445.53034712152,86354.46965287848,8.950288378587425,93700.0,87100.0,1900.0,263.35651064566764,3.5,2.783,2.71,4.19,1914605.2,4235818.7,2.9,116.38,116.38,2025-10-12 21:29:11,95300.0,99100.0,0.023630504833512353,0.0644468313641246,0.0390625,0.00699943351417762,-0.01120867593994697,0.068129316,93751.64726016994,92056.47226999093,99442.83792972565
2025-06-05,199200.0,204000.0,197500.0,201500.0,240315,0.0,0.0,LG화학,051910.KS,1.4091595369904342,198420.0,196340.0,220329.72057291667,49.65107634013614,0.013993231828966472,196263.18362143132,201440.89473467943,-5177.711113248108,-7441.4407318647045,2263.729618616597,196340.0,212826.98370163824,179853.01629836176,16.79431975312034,210500.0,182400.0,13500.0,-36.19321265195179,3.5,2.783,2.71,4.19,1914605.2,4235818.7,2.9,116.38,116.38,2025-10-12 21:29:11,201500.0,264500.0,0.0,0.31265508684863524,0.014091595369904342,0.10949108456595734,0.14477705478418162,-0.032023326,223562.4535400404,230672.57653901257,195047.30290174484
2025-06-05,186300.0,192000.0,186300.0,191200.0,911249,0.0,0.0,NAVER,035420.KS,3.0727762803234526,188000.0,187365.0,193906.66666666666,53.47019199527137,0.030265118569811105,187553.61928465837,188801.40978416565,-1247.790499507275,-1839.0390592279452,591.2485597206703,187365.0,192586.1210734739,182143.8789265261,5.573208521841234,191200.0,183100.0,6400.0,65.34519193604386,3.5,2.783,2.71,4.19,1914605.2,4235818.7,2.9,116.38,116.38,2025-10-12 21:29:11,198500.0,249000.0,0.038179916317991634,0.3023012552301255,0.030727762803234526,0.001143546279247473,-0.008780855675429735,-0.02139564,191418.6460485921,189521.10039485784,187109.1567516327
2025-06-05,244486.11238448444,256883.98826605058,244486.11238448444,254900.328125,380896,0.0,0.0,POSCO홀딩스,005490.KS,4.684318176363744,248155.88125,244687.6078125,263756.92578125,55.76806925076684,0.045779142030189235,245187.55523665654,247455.67875297094,-2268.123516314401,-4282.820655592053,2014.6971392776522,244687.6078125,261493.76850291988,227881.44712208014,13.736830271599326,258150.984375,229194.875,18834.5,37.82840615326801,3.5,2.783,2.71,4.19,1914605.2,4235818.7,2.9,116.38,116.38,2025-10-12 21:29:11,255892.15625,313914.21875,0.0038910429511633256,0.23151751533273943,0.04684318176363744,0.0013467476079727788,-0.00668541848123169,-0.010561094,255243.61453217381,253196.21276048108,252208.2980802562
2025-06-09,60031.77968227425,60031.77968227425,59137.26640886288,59435.4375,19609659,0.0,0.0,삼성전자,005930.KS,1.1844363147689885,57586.77578125,56026.3478515625,56098.05852864583,68.1371241387132,0.011774767682132923,56692.519751148764,56080.59000529023,611.9297458585352,138.30551079419345,473.62423506434175,56026.3478515625,59103.210491538724,52949.48521158628,10.983627375206153,59435.4375,53571.40625,5068.91015625,81.94768989804908,3.5,2.783,2.71,4.19,1914605.2,4235818.7,2.9,116.38,116.38,2025-10-12 21:29:11,58839.09375,61700.0,-0.010033471193006698,0.03810121697177715,0.011844363147689885,0.008154561348699798,-0.01850041257586691,-0.14904559,59920.10742138056,58335.857384622854,50576.847853817046
2025-06-09,232663.93374727076,233163.21257505458,227671.14546943232,228669.703125,3666084,0.0,0.0,SK하이닉스,000660.KS,2.0044500430290713,216287.59375,204546.53125,194150.71901041668,71.85027142029713,0.01984625421734578,211079.11552687996,202918.8403609771,8160.275165902858,5785.609349806444,2374.6658160964143,204546.53125,223823.42787359963,185269.63462640037,18.84842192707644,228669.703125,189483.578125,32408.15625,305.21347317830276,3.5,2.783,2.71,4.19,1914605.2,4235818.7,2.9,116.38,116.38,2025-10-12 21:29:11,230167.546875,270609.125,0.0065502501185354615,0.18340611502903922,0.020044500430290713,0.002129043856088341,-0.051114796572573895,-0.06608278,229156.55095151183,216981.29776745476,213558.57444851752
2025-06-09,291500.0,291500.0,280500.0,285000.0,297462,0.0,0.0,LG에너지솔루션,373220.KS,-2.0618556701030966,287000.0,290800.0,320541.6666666667,41.1758786731304,-0.020834086902842025,287772.60560780327,297890.34692177706,-10117.741313973791,-12134.972894522762,2017.2315805489707,290800.0,321959.0149158493,259640.98508415068,21.42985895175331,321500.0,268000.0,10500.0,-43.56435643564357,3.5,2.783,2.71,4.19,1914605.2,4235818.7,2.9,116.38,116.38,2025-10-12 21:29:11,288500.0,315000.0,0.012280701754385965,0.10526315789473684,-0.020618556701030966,0.14799443555007202,0.07420935483405729,-0.010933139,327178.4141317705,306149.6661277063,281884.0491771698
2025-06-09,1023000.0,1036000.0,1016000.0,1033000.0,77888,0.0,0.0,삼성바이오로직스,207940.KS,1.3738959764475034,1029800.0,1027950.0,1045233.3333333334,49.44780573479469,0.01364543589691379,1031376.3820077432,1034995.4345297309,-3619.0525219877018,-3892.1358736252314,273.08335163752963,1027950.0,1079931.6769337275,975968.3230662725,10.113658628090366,1100000.0,991000.0,-47000.0,179.13510676225403,3.5,2.783,2.71,4.19,1914605.2,4235818.7,2.9,116.38,116.38,2025-10-12 21:29:11,1040000.0,1029000.0,0.006776379477250726,-0.003872216844143272,0.013738959764475034,-0.08142518691495682,-0.023272665814506557,-2.140212,948887.7819168497,1008959.3362136147,-1177839.056968689
2025-06-09,190707.96285705257,196145.46309403438,190114.7810130182,195552.28125,1665140,0.0,0.0,현대차,005380.KS,4.324899852115305,186397.5,185112.6109375,187674.38098958333,62.31233313511831,0.042339880528511134,185455.0152447837,184980.92388526452,474.0913595191669,-703.0165785374911,1177.107938056658,185112.6109375,196174.39298573846,174050.82888926152,11.951408380246212,195552.28125,175463.859375,17650.0625,118.83851108596679,3.5,2.783,2.71,4.19,1914605.2,4235818.7,2.9,116.38,116.38,2025-10-12 21:29:11,194761.359375,206130.6875,-0.0040445545812317135,0.0540950286152696,0.04324899852115305,0.014269367522547538,-0.02355360614902931,-0.038017128,198342.68862102885,190946.3198358933,188117.94010952488
2025-06-09,45950.0,51500.0,45700.0,51400.0,12784767,0.0,0.0,카카오,035720.KS,16.027088036117387,44630.0,39975.0,40360.0,78.01475588374045,0.1486534954100295,42796.041806696056,40914.44968934507,1881.592117350985,745.8724705745221,1135.719646776463,39975.0,47510.63464306672,32439.365356933282,37.70173680083411,51400.0,36450.0,14150.0,153.3287859522504,3.5,2.783,2.71,4.19,1914605.2,4235818.7,2.9,116.38,116.38,2025-10-12 21:29:11,50000.0,60100.0,-0.027237354085603113,0.16926070038910507,0.16027088036117387,0.03629661979634427,-0.04049350698820312,-0.16025096,53265.6462575321,49318.63374080636,43163.10056447983
2025-06-09,94400.0,96200.0,93800.0,95300.0,1449046,0.0,0.0,기아,000270.KS,2.3630504833512367,91160.0,90775.0,90699.25442708333,61.243994667733006,0.023355626377135057,90994.9946606493,90384.70951275763,610.2851478916709,195.07734921306871,415.2077986786022,90775.0,95180.20027622941,86369.79972377059,9.705756598687776,95300.0,87100.0,6100.0,271.9428084267683,3.5,2.783,2.71,4.19,1914605.2,4235818.7,2.9,116.38,116.38,2025-10-12 21:29:11,94500.0,98600.0,-0.008394543546694649,0.03462749213011543,0.023630504833512367,0.004398285414557483,-0.011873930995766436,0.07214234,95719.15660000732,94168.41437610346,102175.16715526581
2025-06-09,203000.0,203500.0,198700.0,201500.0,315511,0.0,0.0,LG화학,051910.KS,0.0,198860.0,195965.0,219586.69088541667,49.65107634013614,0.0,197068.84767967265,201445.27290248097,-4376.4252228083205,-6828.437630053428,2452.012407245107,195965.0,211556.39776317892,180373.60223682108,15.912431059810594,210500.0,182400.0,14800.0,-36.19321265195179,3.5,2.783,2.71,4.19,1914605.2,4235818.7,2.9,116.38,116.38,2025-10-12 21:29:11,206500.0,258500.0,0.02481389578163772,0.28287841191067,0.0,0.11101989897618517,0.15255113304456258,-0.03663171,223870.50964370134,232239.05330847937,194118.71176958084
2025-06-09,195400.0,202500.0,192300.0,198500.0,1407038,0.0,0.0,NAVER,035420.KS,3.817991631799167,189840.0,187855.0,193631.66666666666,61.96478321658877,0.03746909950994423,189237.6778562494,189519.82387422747,-282.1460179780843,-1527.6604509779731,1245.5144329998889,187855.0,195064.48936075368,180645.51063924632,7.6755895352837875,198500.0,183100.0,15300.0,71.65805752774428,3.5,2.783,2.71,4.19,1914605.2,4235818.7,2.9,116.38,116.38,2025-10-12 21:29:11,200000.0,256000.0,0.007556675062972292,0.28967254408060455,0.03817991631799167,0.0056515451915521925,-0.010012025771821276,-0.025939481,199621.8317205231,196512.61288429348,193351.01628303528
2025-06-09,258371.73140746125,261347.22159641475,252916.66606104653,255892.15625,451792,0.0,0.0,POSCO홀딩스,005490.KS,0.38910429511633815,248850.1625,244648.28359375,262942.20807291666,56.46134337795813,0.003883492423486702,246834.41693101707,248080.6030120101,-1246.1860809930367,-3675.49374067225,2429.3076596792134,244648.28359375,261339.59577683208,227956.97141066793,13.645149631050577,258150.984375,229194.875,22280.234375,38.364702401500764,3.5,2.783,2.71,4.19,1914605.2,4235818.7,2.9,116.38,116.38,2025-10-12 21:29:11,259859.46875,310938.71875,0.015503845675222802,0.21511625563943013,0.0038910429511633815,-0.0014632664439729315,-0.00708251470858859,-0.015500037,255517.7178444835,254079.79628954694,251925.82550976612
2025-06-10,59634.21663851351,59733.60699957771,58441.53230574325,58839.09375,15305760,0.0,0.0,삼성전자,005930.KS,-1.0033471193006682,58183.11796875,56245.006640625,56196.06686197917,64.03082790353972,-0.010084145710913565,57022.76190481818,56284.92361600947,737.8382888087071,258.2120663970962,479.62622241161097,56245.006640625,59472.813859462636,53017.19942178736,11.4776667712445,59435.4375,53571.40625,4969.515625,80.12212299282288,3.5,2.783,2.71,4.19,1914605.2,4235818.7,2.9,116.38,116.38,2025-10-12 21:29:11,59534.828125,61400.0,0.011824355724377553,0.04352389010070367,-0.010033471193006682,0.011241755888913409,-0.014258974143374476,-0.15512796,59500.5484786624,58000.108633599164,49711.50619434379
2025-06-10,230666.82571854664,232164.66224918657,227171.8738137202,230167.546875,3718655,0.0,0.0,SK하이닉스,000660.KS,0.6550250118535494,221480.09375,206580.7296875,194866.99401041667,72.53847598708009,0.0065288904535894315,214015.7972727446,204937.26306571954,9078.534207025048,6444.194321250166,2634.3398857748825,206580.7296875,227666.41278477342,185495.04659022656,20.41398839976051,230167.546875,194367.703125,30816.0625,307.86772277902105,3.5,2.783,2.71,4.19,1914605.2,4235818.7,2.9,116.38,116.38,2025-10-12 21:29:11,239653.84375,281593.28125,0.04121474553557215,0.22342739049536128,0.0065502501185354944,0.002517516880510458,-0.06815999330678749,-0.07364904,230746.9975596035,214479.3284205603,213215.9259818215
2025-06-10,286500.0,292000.0,285000.0,288500.0,213404,0.0,0.0,LG에너지솔루션,373220.KS,1.2280701754386003,287500.0,289325.0,319666.6666666667,43.73223527444183,0.012205905679503764,287884.512437372,297194.76566831215,-9310.253230940143,-11570.028961806238,2259.775730866095,289325.0,317734.18124387204,260915.81875612793,19.638248505225647,321500.0,268000.0,20500.0,-42.87128712871288,3.5,2.783,2.71,4.19,1914605.2,4235818.7,2.9,116.38,116.38,2025-10-12 21:29:11,292500.0,307000.0,0.01386481802426343,0.06412478336221837,0.012280701754386003,0.12911898318992235,0.07248506824992991,-0.017057834,325750.8266502926,309411.94219010475,283578.8142979145
2025-06-10,1034000.0,1041000.0,1023000.0,1040000.0,74543,0.0,0.0,삼성바이오로직스,207940.KS,0.6776379477250627,1031400.0,1027950.0,1044766.6666666666,51.073754447602504,0.006753523015779703,1032703.0924680905,1035366.1430830843,-2663.0506149937864,-3646.3188218989426,983.2682069051561,1027950.0,1079931.6769337275,975968.3230662725,10.113658628090366,1100000.0,991000.0,24000.0,181.0266321710979,3.5,2.783,2.71,4.19,1914605.2,4235818.7,2.9,116.38,116.38,2025-10-12 21:29:11,1043000.0,1013000.0,0.0028846153846153848,-0.025961538461538463,0.006776379477250627,-0.08855057007621028,-0.02566605815929049,-2.2473316,947907.4071207413,1013307.2995143379,-1297224.8840332031
2025-06-10,198715.9047430203,199210.22291402283,193574.9957645939,194761.359375,998951,0.0,0.0,현대차,005380.KS,-0.4044554581231763,188710.909375,185589.815625,187740.79166666666,61.182069895119625,-0.004052755913405288,186886.7604955862,185705.40058820788,1181.3599073783262,-326.1412813543277,1507.5011887326539,185589.815625,197464.22209148848,173715.4091585115,12.79639879645308,195552.28125,175463.859375,19297.5,117.95340678340413,3.5,2.783,2.71,4.19,1914605.2,4235818.7,2.9,116.38,116.38,2025-10-12 21:29:11,198715.90625,208602.28125,0.020304576265489007,0.07106605704240454,-0.004044554581231763,0.007020778433861445,-0.019901181324719294,-0.048669536,196128.73572664952,190885.3782470293,185282.41807611566
2025-06-10,53300.0,53300.0,49000.0,50000.0,8896042,0.0,0.0,카카오,035720.KS,-2.7237354085603127,46090.0,40627.5,40458.333333333336,72.61241335652183,-0.02761516703297338,43904.343067204354,41587.45341606025,2316.8896511441053,1060.0759066884389,1256.8137444556664,40627.5,49242.87640073946,32012.123599260543,42.41155080051421,51400.0,36450.0,12600.0,146.42878010919299,3.5,2.783,2.71,4.19,1914605.2,4235818.7,2.9,116.38,116.38,2025-10-12 21:29:11,51400.0,60800.0,0.028,0.216,-0.027237354085603127,0.019435244118719167,-0.044821274838503004,-0.1484652,50971.76220593596,47758.93625807485,42576.73919200897
2025-06-10,96200.0,96400.0,94100.0,94500.0,1077370,0.0,0.0,기아,000270.KS,-0.8394543546694666,92180.0,91035.0,90742.14908854167,59.0895275460651,-0.008429976160459375,91534.22625131864,90689.54584514596,844.6804061726871,324.9979606049924,519.6824455676947,91035.0,95680.89235663948,86389.10764336052,10.20682672958638,95300.0,87100.0,7400.0,268.8205183245499,3.5,2.783,2.71,4.19,1914605.2,4235818.7,2.9,116.38,116.38,2025-10-12 21:29:11,96900.0,99100.0,0.025396825396825397,0.04867724867724868,-0.008394543546694666,0.006849392785339093,-0.008683901350324588,0.19523078,95147.26761821454,93679.37132239432,112949.30326938629
2025-06-10,203000.0,212500.0,202000.0,206500.0,407152,0.0,0.0,LG화학,051910.KS,2.481389578163773,200700.0,196015.0,219076.43697916667,54.079096660542476,0.024511031014349784,198519.79419049225,201819.6971319268,-3299.902941434557,-6122.730692329654,2822.827750895097,196015.0,211740.97917624738,180289.02082375262,16.04568954033862,210500.0,182400.0,24100.0,-34.60991768053619,3.5,2.783,2.71,4.19,1914605.2,4235818.7,2.9,116.38,116.38,2025-10-12 21:29:11,208500.0,254500.0,0.009685230024213076,0.2324455205811138,0.02481389578163773,0.08341603714161973,0.1332123077627938,-0.040175285,223725.41166974447,234008.34155301691,198203.80899310112
2025-06-10,204000.0,204000.0,196800.0,200000.0,911907,0.0,0.0,NAVER,035420.KS,0.7556675062972307,192340.0,188305.0,193423.33333333334,63.44168128005582,0.007528266420791588,190893.41972451872,190296.13321687726,597.28650764146,-1102.6710592540867,1699.9575668955467,188305.0,197254.56041264944,179355.43958735056,9.505387974455743,200000.0,183100.0,16900.0,72.95522169042246,3.5,2.783,2.71,4.19,1914605.2,4235818.7,2.9,116.38,116.38,2025-10-12 21:29:11,201000.0,258000.0,0.005,0.29,0.007556675062972307,0.0017010265920195519,-0.014568330127268495,-0.040453922,200340.20531840393,197086.3339745463,191909.21783447266
2025-06-10,258867.63871660305,264322.70390028623,256883.97864980914,259859.46875,454259,0.0,0.0,POSCO홀딩스,005490.KS,1.5503845675222783,251230.553125,244954.559375,262422.64348958334,59.215026453811376,0.015384889008209815,248838.27105701444,248953.11158519454,-114.84052818009513,-2963.3630981738193,2848.522569993724,244954.559375,262548.24366232776,227360.87508767226,14.364855532567283,259859.46875,229194.875,30664.59375,40.50988739443176,3.5,2.783,2.71,4.19,1914605.2,4235818.7,2.9,116.38,116.38,2025-10-12 21:29:11,264322.71875,308459.15625,0.017175629664254826,0.18702296181000716,0.015503845675222783,-0.0014632664439729315,-0.009508863641707466,-0.023758,259479.2251092295,257388.5004956497,253685.72900513
2025-06-11,59137.266668405675,59733.60885329716,59037.87630425709,59534.828125,13610734,0.0,0.0,삼성전자,005930.KS,1.1824355724377567,58799.33828125,56359.3056640625,56284.263411458334,66.56263165986039,0.011754994264550896,57409.233631,56525.6572833421,883.5763476579014,383.2849226492572,500.2914250086441,56359.3056640625,59884.93978033412,52833.67154779088,12.511275909915051,59534.828125,53571.40625,5168.30078125,82.25195104892012,3.5,2.783,2.71,4.19,1914605.2,4235818.7,2.9,116.38,116.38,2025-10-12 21:29:11,59137.265625,60400.0,-0.006677813853183103,0.014532197408607199,0.011824355724377567,0.007310434851379179,-0.0229656340359432,-0.16183908,59970.05360739587,58167.57304988847,49899.7670315234
2025-06-11,235659.61302083332,240652.40143229166,234661.05533854166,239653.84375,4230421,0.0,0.0,SK하이닉스,000660.KS,4.121474553557225,227970.71875,208845.03671875,195556.97395833334,76.4631730192441,0.04038805609674393,217960.11211539927,207508.8616349255,10451.25048047377,7245.605553094887,3205.644927378882,208845.03671875,233782.89540288958,183907.1780346104,23.88168670507905,239653.84375,196261.546875,37312.09375,324.67788718553174,3.5,2.783,2.71,4.19,1914605.2,4235818.7,2.9,116.38,116.38,2025-10-12 21:29:11,235160.328125,280594.71875,-0.018750025264303735,0.17083337516884706,0.04121474553557225,-0.0002057420429884391,-0.0762793657641824,-0.07869275,239604.53687857685,221373.20054580155,220794.82751383074
2025-06-11,291000.0,296000.0,289000.0,292500.0,278005,0.0,0.0,LG에너지솔루션,373220.KS,1.3864818024263537,289100.0,287875.0,318733.3333333333,46.58899283315619,0.013769580723757035,288594.58744700707,296847.00524843717,-8252.4178014301,-10906.50672973101,2654.088928300911,287875.0,312008.1285733252,263741.8714266748,16.76639414560151,313500.0,268000.0,14500.0,-42.079207920792086,3.5,2.783,2.71,4.19,1914605.2,4235818.7,2.9,116.38,116.38,2025-10-12 21:29:11,304000.0,305000.0,0.039316239316239315,0.042735042735042736,0.013864818024263537,0.12761696025221206,0.06900581673731127,-0.014119083,329827.96087377204,312684.20139566355,288370.1665699482
2025-06-11,1038000.0,1048000.0,1032000.0,1043000.0,62806,0.0,0.0,삼성바이오로직스,207940.KS,0.28846153846153744,1033800.0,1030550.0,1044166.6666666666,51.78943132125152,0.0028804628653540877,1034287.2320883842,1035931.6139658187,-1644.38187743444,-3245.9314330060424,1601.5495555716025,1030550.0,1079884.4120318326,981215.5879681673,9.574384946258343,1100000.0,998000.0,0.0,181.83728591774533,3.5,2.783,2.71,4.19,1914605.2,4235818.7,2.9,116.38,116.38,2025-10-12 21:29:11,1029000.0,1018000.0,-0.013422818791946308,-0.023969319271332695,0.0028846153846153744,-0.10679345767133477,-0.02566605815929049,-2.6003108,931614.4236487979,1016230.3013398601,-1669124.1669654846
2025-06-11,196837.49718594528,199210.22442475124,196738.63355099503,198715.90625,649618,0.0,0.0,현대차,005380.KS,2.0304576265488983,192072.271875,185977.021875,187830.846875,64.63600906738782,0.02010118690467592,188706.62907318832,186669.14174834063,2037.4873248476943,146.58443988607672,1890.9028849616175,185977.021875,199036.29879485822,172917.7449551418,14.043968215208533,198715.90625,175463.859375,21301.375,122.37885835376092,3.5,2.783,2.71,4.19,1914605.2,4235818.7,2.9,116.38,116.38,2025-10-12 21:29:11,199210.234375,207119.328125,0.0024876122617889327,0.04228862215200752,0.020304576265488983,0.0009500407349562216,-0.02747125156808635,-0.058096096,198904.69445562127,193256.931598826,187171.2849386502
2025-06-11,49100.0,52000.0,49100.0,51400.0,5300436,0.0,0.0,카카오,035720.KS,2.8000000000000025,47740.0,41292.5,40580.0,74.51308590054418,0.02761516703297339,45057.521056865226,42314.308718574306,2743.2123382909194,1396.7031930089352,1346.5091452819843,41292.5,51062.28559265339,31522.71440734661,47.31990357887456,51400.0,36450.0,12400.0,153.3287859522504,3.5,2.783,2.71,4.19,1914605.2,4235818.7,2.9,116.38,116.38,2025-10-12 21:29:11,50500.0,60500.0,-0.017509727626459144,0.17704280155642024,0.028000000000000025,-0.026020237420547484,-0.06206883684026246,-0.15876332,50062.55979658386,48209.661786410514,43239.566922187805
2025-06-11,95100.0,96900.0,95100.0,96900.0,992153,0.0,0.0,기아,000270.KS,2.5396825396825307,93880.0,91260.0,90814.14466145834,63.26462637616092,0.02507968439702339,92359.72990496193,91149.57948624626,1210.150418715668,502.02845222712756,708.1219664885404,91260.0,96572.30943930743,85947.69056069257,11.642142097978146,96900.0,87100.0,8800.0,278.18738863120507,3.5,2.783,2.71,4.19,1914605.2,4235818.7,2.9,116.38,116.38,2025-10-12 21:29:11,98400.0,99600.0,0.015479876160990712,0.02786377708978328,0.025396825396825307,0.004032973679475568,-0.031406309421019275,0.27980554,97290.79514954118,93856.72861710323,124013.15692663193
2025-06-11,210000.0,214000.0,205000.0,208500.0,289528,0.0,0.0,LG화학,051910.KS,0.9685230024213176,203340.0,195915.0,218383.65520833334,55.75529495101129,0.009638628837768793,200055.21046887804,202314.53438141372,-2259.3239125356777,-5350.049336370859,3090.7254238351816,195915.0,211274.313992328,180555.686007672,15.679569193097018,208500.0,182400.0,20800.0,-33.976599691969966,3.5,2.783,2.71,4.19,1914605.2,4235818.7,2.9,116.38,116.38,2025-10-12 21:29:11,210500.0,260000.0,0.009592326139088728,0.24700239808153476,0.009685230024213176,0.0035952174703866593,0.1403692501981316,-0.04370456,209249.6028425756,237766.9886663104,199387.59729266167
2025-06-11,200500.0,202000.0,198900.0,201000.0,512085,0.0,0.0,NAVER,035420.KS,0.49999999999998934,195240.0,188845.0,193206.66666666666,64.43320427379345,0.004987541511038968,192448.27822843892,191089.0122378493,1359.265990589629,-610.2836492853436,1969.5496398749724,188845.0,199429.88992562305,178260.11007437695,11.210135217371972,201000.0,183100.0,13000.0,73.81999779887455,3.5,2.783,2.71,4.19,1914605.2,4235818.7,2.9,116.38,116.38,2025-10-12 21:29:11,198900.0,254000.0,-0.010447761194029851,0.263681592039801,0.004999999999999893,0.000626913398897251,-0.02551867532717379,-0.05224353,201126.00959317834,195870.74625923808,190499.0503191948
2025-06-11,263826.8037054409,269281.869195591,260851.3134380863,264322.71875,261082,0.0,0.0,POSCO홀딩스,005490.KS,1.71756296642549,255693.790625,245263.14609375,261691.17734375,62.11780281242485,0.01702979602504389,251220.4937790122,250091.60100480975,1128.8927742024534,-2144.911923698565,3273.8046979010182,245263.14609375,264010.1017867925,226516.19040070748,15.287217824300953,264322.71875,229194.875,27275.34375,42.92323318448466,3.5,2.783,2.71,4.19,1914605.2,4235818.7,2.9,116.38,116.38,2025-10-12 21:29:11,263330.875,309450.96875,-0.003752396898346446,0.17073163522762835,0.0171756296642549,0.00046892402590767874,-0.015189588591130261,-0.02746196,264446.6660234151,260307.76539689847,257063.90251831524
2025-06-12,59336.04634978992,59634.217436974795,58938.48490021009,59137.265625,17755115,0.0,0.0,삼성전자,005930.KS,-0.6677813853183112,59137.265625,56488.5130859375,56369.12734375,63.799122318247576,-0.006700210213612491,57675.084707,56719.10975309454,955.974953905461,497.82292890049797,458.15202500496304,56488.5130859375,60227.03413067506,52749.992041199934,13.236393880823352,59534.828125,53571.40625,5565.859375,81.03490644543598,3.5,2.783,2.71,4.19,1914605.2,4235818.7,2.9,116.38,116.38,2025-10-12 21:29:11,57944.58203125,61000.0,-0.02016805446016088,0.03149848670400036,-0.006677813853183112,0.011241755888913409,-0.01540833049894583,-0.16427071,59802.07232909409,58226.05909144605,49422.74566240143
2025-06-12,242150.2317210722,246144.46234739915,234661.04929670913,235160.328125,4994238,0.0,0.0,SK하이닉스,000660.KS,-1.8750025264303694,231565.525,210710.2359375,196158.771875,71.26743931786707,-0.018928035632580286,220606.29919379938,209557.11841196805,11049.180781831325,8006.320598842176,3042.8601829891486,210710.2359375,237684.58478944292,183735.88708555707,25.603263867963154,239653.84375,196261.546875,33316.9375,316.71516607161186,3.5,2.783,2.71,4.19,1914605.2,4235818.7,2.9,116.38,116.38,2025-10-12 21:29:11,235160.328125,296571.625,0.0,0.26114650104739046,-0.018750025264303694,-0.002285399814505608,-0.08019307643622328,-0.078254975,234622.89275472405,216302.09795690453,216757.85718133207
2025-06-12,292500.0,304000.0,291000.0,304000.0,555229,0.0,0.0,LG에너지솔루션,373220.KS,3.93162393162394,292200.0,287475.0,318125.0,53.844383628388606,0.038563034734310594,290964.6509166983,297376.8567115159,-6412.205794817652,-10007.64654274834,3595.4407479306883,287475.0,310145.3492880438,264804.6507119562,15.772049248139004,313500.0,268000.0,31500.0,-39.801980198019805,3.5,2.783,2.71,4.19,1914605.2,4235818.7,2.9,116.38,116.38,2025-10-12 21:29:11,296000.0,318000.0,-0.02631578947368421,0.046052631578947366,0.0393162393162394,0.07012282249969487,0.06644351030518383,-0.01861454,325317.3380399072,324198.8271327759,298341.18270874023
2025-06-12,1038000.0,1042000.0,1025000.0,1029000.0,96797,0.0,0.0,삼성바이오로직스,207940.KS,-1.342281879194629,1032800.0,1032000.0,1043766.6666666666,48.242929179348856,-0.01351371916672282,1033473.8117670943,1035418.1610794618,-1944.3493123674998,-2985.6150088783343,1041.2656965108345,1032000.0,1079212.8439259836,984787.1560740165,9.149775954647982,1100000.0,998000.0,3000.0,178.0542351000575,3.5,2.783,2.71,4.19,1914605.2,4235818.7,2.9,116.38,116.38,2025-10-12 21:29:11,1019000.0,1080000.0,-0.009718172983479106,0.04956268221574344,-0.01342281879194629,-0.07909623596518783,-0.019004803081676753,-2.643704,947609.9731918217,1009444.0576289546,-1691371.3517189026
2025-06-12,199210.234375,202176.14357165014,198221.59797611664,199210.234375,885521,0.0,0.0,현대차,005380.KS,0.24876122617889518,195137.046875,186345.0546875,187883.625,65.05458646299405,0.0024845232761449387,190322.56835039012,187598.11157253763,2724.4567778524943,662.1589074793602,2062.297870373134,186345.0546875,200472.36622128208,172217.74315371792,15.162529059301875,199210.234375,175463.859375,21795.703125,122.93205072856432,3.5,2.783,2.71,4.19,1914605.2,4235818.7,2.9,116.38,116.38,2025-10-12 21:29:11,196738.640625,205636.359375,-0.012406961709343654,0.032258006322623205,0.002487612261788952,0.0009500407349562216,-0.027691627701417285,-0.060368154,199399.49221247644,193693.7787303754,187184.2750336323
2025-06-12,50800.0,51800.0,50300.0,50500.0,4071665,0.0,0.0,카카오,035720.KS,-1.7509727626459193,49520.0,41940.0,40702.5,71.09718622485588,-0.017664836179805334,45894.82550965519,42920.65622090213,2974.169288753059,1712.1964121577598,1261.972876595299,41940.0,52360.304066686665,31519.695933313335,49.691483389063734,51400.0,36450.0,9550.0,148.89306791028488,3.5,2.783,2.71,4.19,1914605.2,4235818.7,2.9,116.38,116.38,2025-10-12 21:29:11,51500.0,60800.0,0.019801980198019802,0.20396039603960395,-0.017509727626459193,-0.011511511495620144,-0.036065844816222735,-0.16165878,49918.66866947118,48678.67483678075,42336.23242378235
2025-06-12,96900.0,99000.0,96800.0,98400.0,1768683,0.0,0.0,기아,000270.KS,1.5479876160990669,95640.0,91495.0,90890.89908854167,65.62580835521081,0.015361285161487149,93289.00222727549,91686.64767245024,1602.3545548252441,722.0936727467509,880.2608820784932,91495.0,97616.0508213788,85373.9491786212,13.380077209418653,98400.0,87100.0,10200.0,284.0416825728646,3.5,2.783,2.71,4.19,1914605.2,4235818.7,2.9,116.38,116.38,2025-10-12 21:29:11,97200.0,100100.0,-0.012195121951219513,0.017276422764227643,0.015479876160990669,0.004381288876807356,-0.034088838392757136,0.31105927,98831.11882547784,95045.6583021527,129008.22887420654
2025-06-12,207000.0,213000.0,206500.0,210500.0,446626,0.0,0.0,LG화학,051910.KS,0.9592326139088669,205700.0,196290.0,217865.34661458334,57.42875743426714,0.00954661188357991,201662.10116597373,202920.86516797566,-1258.7640020019317,-4531.792269497074,3273.0282674951422,196290.0,212707.4361739418,179872.5638260582,16.72773567063202,210500.0,182400.0,27600.0,-33.343281703403726,3.5,2.783,2.71,4.19,1914605.2,4235818.7,2.9,116.38,116.38,2025-10-12 21:29:11,208500.0,274000.0,-0.009501187648456057,0.3016627078384798,0.00959232613908867,0.005289958167681911,0.13386128670841427,-0.04897113,211613.53619429705,238677.80085212123,200191.5799677372
2025-06-12,199500.0,201500.0,198900.0,198900.0,624703,0.0,0.0,NAVER,035420.KS,-1.0447761194029903,197920.0,189380.0,192921.66666666666,60.70948363043542,-0.010502722199149288,193440.8508086791,191667.60392393454,1773.2468847445562,-133.57754247936361,1906.8244272239199,189380.0,200870.5178299637,177889.4821700363,12.134879955606404,201000.0,183100.0,15100.0,72.00396797112512,3.5,2.783,2.71,4.19,1914605.2,4235818.7,2.9,116.38,116.38,2025-10-12 21:29:11,200500.0,259500.0,0.008044243338360985,0.3046757164404223,-0.010447761194029903,0.00817175961415523,-0.014170611467761251,-0.057098817,200525.36298725547,196081.46537906228,187543.04750561714
2025-06-12,261843.1299435028,266306.36511299433,260355.38488700564,263330.875,424600,0.0,0.0,POSCO홀딩스,005490.KS,-0.37523968983464995,259661.109375,245792.0703125,260967.72005208334,61.07747267166181,-0.003759454801155045,253083.62935147187,251072.28796741643,2011.3413840554422,-1313.6612621477634,3325.0026462032056,245792.0703125,265970.9466019195,225613.19402308052,16.419468914325886,264322.71875,229194.875,28267.15625,42.38692848758154,3.5,2.783,2.71,4.19,1914605.2,4235818.7,2.9,116.38,116.38,2025-10-12 21:29:11,261843.140625,311930.5625,-0.00564967695109812,0.18455749824246778,-0.0037523968983464995,0.004938707327961877,-0.009419584043561531,-0.032115947,264631.3891220411,260850.40769167288,254873.7573981285
2025-06-13,59832.99894135935,59832.99894135935,57348.23984911021,57944.58203125,20705979,0.0,0.0,삼성전자,005930.KS,-2.01680544601609,58978.24140625,56533.238671875,56434.11321614583,56.25366156407978,-0.02037420616562758,57716.5458338077,56809.88547740235,906.6603564053512,579.5904144014687,327.0699420038825,56533.238671875,60321.123675500785,52745.35366824921,13.400559007811594,59534.828125,53571.40625,2385.3671875,77.3837845930543,3.5,2.783,2.71,4.19,1914605.2,4235818.7,2.9,116.38,116.38,2025-10-12 21:29:11,56851.2890625,62600.0,-0.018867906720948957,0.08034259296648812,-0.0201680544601609,0.009173306987157352,-0.012780352822753778,-0.16720575,58476.12547046518,57204.02982872362,48255.914679681184
2025-06-13,240153.1164079087,242649.51054936307,233412.85222598197,235160.328125,4100610,0.0,0.0,SK하이닉스,000660.KS,0.0,233762.35,212201.65078125,196680.82916666666,71.26743931786707,0.0,222845.38056783026,211453.65246478523,11391.728103045025,8683.402099682746,2708.326003362279,212201.65078125,241150.1319286753,183253.1696338247,27.283935860863885,239653.84375,196261.546875,27834.78125,316.71516607161186,3.5,2.783,2.71,4.19,1914605.2,4235818.7,2.9,116.38,116.38,2025-10-12 21:29:11,247642.3125,294075.25,0.05307861438416251,0.2505308711922006,0.0,-0.00499719238390316,-0.08301807778612992,-0.08527931,233985.1867242976,215637.7697125069,215106.0232686689
2025-06-13,300000.0,300000.0,290000.0,296000.0,325863,0.0,0.0,LG에너지솔루션,373220.KS,-2.631578947368418,293200.0,286600.0,317616.6666666667,48.87093620729878,-0.026668247082161294,291739.320006437,297274.8673254777,-5535.547319040692,-9113.22669800681,3577.6793789661187,286600.0,306181.4090133261,267018.5909866739,13.664625968824918,307000.0,268000.0,7000.0,-41.38613861386139,3.5,2.783,2.71,4.19,1914605.2,4235818.7,2.9,116.38,116.38,2025-10-12 21:29:11,293000.0,321500.0,-0.010135135135135136,0.08614864864864864,-0.02631578947368418,0.163653241193277,0.07205092334151345,-0.016888494,344441.35939321,317327.07330908795,291001.0042190552
2025-06-13,1030000.0,1035000.0,1008000.0,1019000.0,95270,0.0,0.0,삼성바이오로직스,207940.KS,-0.9718172983479101,1032800.0,1032700.0,1043233.3333333334,45.828833202798194,-0.009765702611324789,1031247.0714952336,1034202.0009995017,-2954.929504268104,-2979.4779079562886,24.548403688184408,1032700.0,1078624.881457032,986775.118542968,8.894137979477486,1100000.0,998000.0,-9000.0,175.35205594456613,3.5,2.783,2.71,4.19,1914605.2,4235818.7,2.9,116.38,116.38,2025-10-12 21:29:11,1015000.0,1057000.0,-0.003925417075564278,0.03729146221786065,-0.0097181729834791,-0.07717183222956922,-0.01635133921074752,-2.5863183,940361.9029580689,1002337.9853442484,-1616458.3013057709
2025-06-13,197134.0951790201,197529.5497330402,194563.64057788946,196738.640625,933606,0.0,0.0,현대차,005380.KS,-1.2406961709343634,196995.684375,186570.00078125,187935.84895833334,61.1569040955304,-0.012484570654369708,191309.65639263781,188275.18779864593,3034.4685939918854,1136.6208447818653,1897.84774921002,186570.00078125,201225.8921592528,171914.10940324722,15.710876686104069,199210.234375,175463.859375,15422.734375,120.16614131138961,3.5,2.783,2.71,4.19,1914605.2,4235818.7,2.9,116.38,116.38,2025-10-12 21:29:11,199210.234375,205636.359375,0.012562828238256767,0.04522608635361969,-0.012406961709343634,0.004881361772490458,-0.018419059913201773,-0.06585713,197698.99310451862,193114.89981608625,183782.00185442436
2025-06-13,53700.0,53700.0,50700.0,51500.0,5408390,0.0,0.0,카카오,035720.KS,1.980198019801982,50960.0,42617.5,40836.666666666664,72.60019725430885,0.019608471388376337,46757.16004663131,43556.163167501974,3200.996879129336,2009.9565055520752,1191.0403735772607,42617.5,53687.24420852651,31547.755791473493,51.949289416443975,51500.0,36450.0,9800.0,153.82164351246877,3.5,2.783,2.71,4.19,1914605.2,4235818.7,2.9,116.38,116.38,2025-10-12 21:29:11,53200.0,60000.0,0.03300970873786408,0.1650485436893204,0.01980198019801982,-0.028994601424698674,-0.04043189598281707,-0.1665782,50006.77802662802,49417.757356884926,42921.22405767441
2025-06-13,98000.0,98100.0,95600.0,97200.0,1506724,0.0,0.0,기아,000270.KS,-1.2195121951219523,96460.0,91735.0,90961.66666666667,62.18241036575221,-0.01227009259181436,93890.69419231002,92095.04414115763,1795.6500511523918,936.8049484278793,858.8451027245126,91735.0,98361.03318656654,85108.96681343346,14.446030820442656,98400.0,87100.0,8200.0,279.358247419537,3.5,2.783,2.71,4.19,1914605.2,4235818.7,2.9,116.38,116.38,2025-10-12 21:29:11,97500.0,100800.0,0.0030864197530864196,0.037037037037037035,-0.012195121951219523,0.007964294717009804,-0.027625925980400236,0.41779742,97974.12944649335,94514.75999470509,137809.911775589
2025-06-13,211000.0,213500.0,206500.0,208500.0,298877,0.0,0.0,LG화학,051910.KS,-0.9501187648456089,207100.0,196540.0,217504.65885416666,55.18110202821167,-0.00954661188358,202714.08560197777,203334.13441479226,-620.0488128144934,-3749.443578160558,3129.3947653460646,196540.0,213560.90355691718,179519.09644308282,17.320549055578695,210500.0,182400.0,14600.0,-33.976599691969966,3.5,2.783,2.71,4.19,1914605.2,4235818.7,2.9,116.38,116.38,2025-10-12 21:29:11,205500.0,272000.0,-0.014388489208633094,0.30455635491606714,-0.009501187648456089,0.005669867065213214,0.1385261014345633,-0.05401891,209682.16728309693,237382.69214910647,197237.0562851429
2025-06-13,203500.0,206000.0,197400.0,200500.0,1050533,0.0,0.0,NAVER,035420.KS,0.8044243338360957,199780.0,189845.0,192796.66666666666,62.48825449611467,0.008012060886697333,194526.87376119,192321.85548512457,2205.0182760654425,334.1416212295976,1870.8766548358449,189845.0,202353.26674015305,177336.73325984695,13.177346509155416,201000.0,183100.0,12800.0,73.3876097446485,3.5,2.783,2.71,4.19,1914605.2,4235818.7,2.9,116.38,116.38,2025-10-12 21:29:11,209500.0,253000.0,0.04488778054862843,0.26184538653366585,0.008044243338360957,0.0033528216226492683,-0.021746858102663375,-0.057796396,201172.24073534118,196139.75495041598,188911.81805729866
2025-06-13,262834.970703125,263330.8857421875,256883.990234375,261843.140625,418295,0.0,0.0,POSCO홀딩스,005490.KS,-0.5649676951098082,261049.671875,246516.5375,260350.34166666667,59.46864344459145,-0.0056656967421802405,254431.24647047618,251870.1289050152,2561.1175654609688,-538.7054966260171,3099.823062086986,246516.5375,267933.89049211994,225099.18450788007,17.375996928498104,264322.71875,229194.875,14381.546875,41.58248833956761,3.5,2.783,2.71,4.19,1914605.2,4235818.7,2.9,116.38,116.38,2025-10-12 21:29:11,256883.984375,318377.4375,-0.01893941631681802,0.21590902377681867,-0.0056496769510980815,0.001884066105224139,-0.011456572219551283,-0.03677687,262336.47041113704,258843.31577423555,252213.36155023612
2025-06-16,57646.41198645105,57745.80235194493,56553.117966018355,56851.2890625,22200872,0.0,0.0,삼성전자,005930.KS,-1.8867906720948957,58461.41171875,56528.269140625,56433.12259114583,50.372530935757624,-0.019048176820892618,57583.42940745267,56812.952409631805,770.4769978208642,617.7677310853478,152.7092667355164,56528.269140625,60314.10843234372,52742.429848906286,13.394499245327,59534.828125,53571.40625,1093.296875,74.03692389154364,3.5,2.783,2.71,4.19,1914605.2,4235818.7,2.9,116.38,116.38,2025-10-12 21:29:11,57745.80078125,62500.0,0.015734238106133534,0.09935941700970116,-0.018867906720948957,0.008775627566081561,-0.00740802127338715,-0.16608869,57350.19480196414,56430.13350370552,47408.93235204276
2025-06-16,237656.73538306452,248141.59135584676,237656.73538306452,247642.3125,3760740,0.0,0.0,SK하이닉스,000660.KS,5.3078614384162615,237556.871875,214591.2734375,197386.00052083333,76.42761842027319,0.0517178878999207,226660.29317277946,214134.29394887522,12525.999223904248,9451.921524527046,3074.0776993772015,214591.2734375,246937.54788941256,182244.99898558744,30.146868447876052,247642.3125,196261.546875,35948.078125,338.8338296795592,3.5,2.783,2.71,4.19,1914605.2,4235818.7,2.9,116.38,116.38,2025-10-12 21:29:11,248640.859375,299567.3125,0.00403221430505742,0.2096774152841914,0.053078614384162615,-0.0009196248508231913,-0.09228549771985452,-0.0777839,247414.57447530967,224788.51843444176,228379.7319332622
2025-06-16,292000.0,293500.0,288000.0,293000.0,192457,0.0,0.0,LG에너지솔루션,373220.KS,-1.0135135135135087,294800.0,285900.0,317083.3333333333,47.11350440358837,-0.010186845306993018,291933.27077467745,296958.21048655343,-5024.939711875981,-8295.569300780644,3270.6295889046633,285900.0,303289.04676421976,268510.95323578024,12.16442585814604,304000.0,268000.0,5000.0,-41.98019801980198,3.5,2.783,2.71,4.19,1914605.2,4235818.7,2.9,116.38,116.38,2025-10-12 21:29:11,294000.0,315000.0,0.0034129692832764505,0.07508532423208192,-0.010135135135135087,0.1290406190499125,0.07874745792407445,-0.03215755,330808.90138162434,316073.0051717539,283577.8406858444
2025-06-16,1019000.0,1021000.0,1009000.0,1015000.0,49083,0.0,0.0,삼성바이오로직스,207940.KS,-0.39254170755642637,1029200.0,1033550.0,1042333.3333333334,44.86179815380321,-0.0039331417468370915,1028747.5220344283,1032779.6305550941,-4032.108520665788,-3190.0040304981885,-842.1044901675996,1033550.0,1077350.8651680995,989749.1348319005,8.4758096208407,1100000.0,1002000.0,-11000.0,174.2711842823696,3.5,2.783,2.71,4.19,1914605.2,4235818.7,2.9,116.38,116.38,2025-10-12 21:29:11,1010000.0,1042000.0,-0.0049261083743842365,0.026600985221674877,-0.003925417075564264,-0.08184486567383012,-0.008008189496677452,-2.423619,931927.4613410624,1006871.6876608724,-1444973.3173847198
2025-06-16,196046.5978985732,199704.5525744417,193970.46146091813,199210.234375,500547,0.0,0.0,현대차,005380.KS,1.256282823825683,197727.275,187123.34765625,188021.13828125,63.51125979156397,0.01248457065436979,192525.12992838584,189085.19124874624,3439.9386796395993,1597.2844117534123,1842.654267886187,187123.34765625,202827.5432861991,171419.1520263009,16.7848596411369,199210.234375,175463.859375,10380.6875,122.93205072856432,3.5,2.783,2.71,4.19,1914605.2,4235818.7,2.9,116.38,116.38,2025-10-12 21:29:11,202670.453125,214534.09375,0.017369683645300917,0.07692305278931531,0.012562828238256829,6.605662783028835e-05,-0.027903096167211917,-0.064109795,199223.3935313121,193651.65204774155,186438.90564382076
2025-06-16,51300.0,53300.0,50800.0,53200.0,4949701,0.0,0.0,카카오,035720.KS,3.300970873786402,51320.0,43395.0,40998.333333333336,74.98201223972485,0.03247658867790818,47748.36619330342,44270.52145139071,3477.844741912704,2303.534152824201,1174.310589088503,43395.0,55158.31943843346,31631.680561566543,54.21509131666531,53200.0,36450.0,9200.0,162.20022203618134,3.5,2.783,2.71,4.19,1914605.2,4235818.7,2.9,116.38,116.38,2025-10-12 21:29:11,51800.0,58300.0,-0.02631578947368421,0.09586466165413533,0.03300970873786402,-0.06250268046519676,-0.04487221408434933,-0.16575304,49874.85739925153,50812.798210712615,44381.940031051636
2025-06-16,96500.0,97900.0,95100.0,97500.0,809768,0.0,0.0,기아,000270.KS,0.30864197530864335,96900.0,92050.0,91048.33333333333,62.709202066095756,0.0030816665374081144,94445.97200887771,92495.41124181262,1950.5607670650934,1139.5561121553221,811.0046549097713,92050.0,99150.9265518483,84949.0734481517,15.428411845406412,98400.0,87100.0,4300.0,280.5291062078689,3.5,2.783,2.71,4.19,1914605.2,4235818.7,2.9,116.38,116.38,2025-10-12 21:29:11,99600.0,103000.0,0.021538461538461538,0.05641025641025641,0.0030864197530864335,0.004032973679475568,-0.03527624585146494,0.47027326,97893.21493374887,94060.56602948217,143351.6424894333
2025-06-16,208000.0,208500.0,201000.0,205500.0,250900,0.0,0.0,LG화학,051910.KS,-1.4388489208633115,207900.0,196690.0,217027.55234375,51.89983034904382,-0.014493007302566864,203142.68781705812,203494.56890258542,-351.8810855273041,-3069.9310796339073,2718.049994106603,196690.0,213982.76088270778,179397.23911729222,17.58377231451297,210500.0,182400.0,6200.0,-34.92657667481932,3.5,2.783,2.71,4.19,1914605.2,4235818.7,2.9,116.38,116.38,2025-10-12 21:29:11,207000.0,273500.0,0.0072992700729927005,0.3309002433090024,-0.014388489208633115,0.06948246666625613,0.13747158365650597,-0.056084875,219778.64689991562,233750.41044141198,193974.55894947052
2025-06-16,211000.0,211500.0,202000.0,209500.0,1159906,0.0,0.0,NAVER,035420.KS,4.488778054862852,201980.0,190860.0,192771.66666666666,70.56160210807874,0.04390949261556863,196830.43164408387,193594.3106343746,3236.1210097092844,914.5374989255349,2321.5835107837493,190860.0,206136.18028864675,175583.81971135325,16.007733719634025,209500.0,183100.0,20200.0,81.17059472071753,3.5,2.783,2.71,4.19,1914605.2,4235818.7,2.9,116.38,116.38,2025-10-12 21:29:11,206500.0,249000.0,-0.014319809069212411,0.18854415274463007,0.04488778054862852,0.007925014850181697,-0.020364350436765568,-0.056491815,211160.29061111307,205233.6685834976,197664.96953368187
2025-06-16,258371.7294582529,258867.64448600385,251924.83409749035,256883.984375,262336,0.0,0.0,POSCO홀딩스,005490.KS,-1.8939416316818058,261248.0375,247091.203125,259609.41276041666,54.33121934332956,-0.0191210642561994,254808.59076347982,252241.52560649556,2567.0651569842594,82.44863409603823,2484.616522888221,247091.203125,268992.6612035334,225189.74504646662,17.727428416343706,264322.71875,229194.875,4463.234375,38.90099864973351,3.5,2.783,2.71,4.19,1914605.2,4235818.7,2.9,116.38,116.38,2025-10-12 21:29:11,255396.234375,318873.375,-0.005791524931457689,0.24131278863421748,-0.01893941631681806,0.002098235966276691,-0.011292481965763396,-0.036532246,257422.98759017608,253983.12661415187,247499.4413149776
2025-06-17,57447.62969287866,59435.43694868761,57050.06824171687,57745.80078125,28637003,0.0,0.0,삼성전자,005930.KS,1.5734238106133613,58242.753125,56592.8728515625,56447.04049479167,54.558507386565616,0.015611738271955347,57608.40961880611,56882.05228901093,726.3573297951807,639.4856508273144,86.87167896786627,56592.8728515625,60417.25735212171,52768.48835100328,13.515428031336022,59534.828125,53571.40625,1888.41796875,76.77526229131225,3.5,2.783,2.71,4.19,1914605.2,4235818.7,2.9,116.38,116.38,2025-10-12 21:29:11,59435.4375,63700.0,0.029259906277005397,0.10311051432649493,0.015734238106133613,0.005177103586741267,-0.015379314045725352,-0.1601962,58044.75677359385,56857.709976213264,48495.14378985623
2025-06-17,252635.09004769076,259624.9937248996,247642.3017068273,248640.859375,5044669,0.0,0.0,SK하이닉스,000660.KS,0.4032214305057513,241251.534375,216831.471875,198157.65234375,76.78678444907742,0.004024106716006673,230041.91874235185,216690.33583229186,13351.58291005998,10231.853801633633,3119.729108426347,216831.471875,252114.3430999489,181548.60065005108,32.54404992028918,248640.859375,196261.546875,44435.8125,340.6033017251363,3.5,2.783,2.71,4.19,1914605.2,4235818.7,2.9,116.38,116.38,2025-10-12 21:29:11,246144.46875,298069.46875,-0.010040146383322079,0.19879520002966125,0.004032214305057513,-0.02425607668999034,-0.09017158794521654,-0.07439458,242609.80762173492,226220.51825709298,230143.32615046762
2025-06-17,298000.0,301500.0,292000.0,294000.0,243494,0.0,0.0,LG에너지솔루션,373220.KS,0.34129692832765013,295900.0,286075.0,316566.6666666667,47.78751330003922,0.0034071583216143558,292251.22911703476,296739.08378384577,-4487.854666811007,-7534.026373986717,3046.1717071757103,286075.0,303727.4189485929,268422.5810514071,12.341112609345737,304000.0,268000.0,8000.0,-41.78217821782179,3.5,2.783,2.71,4.19,1914605.2,4235818.7,2.9,116.38,116.38,2025-10-12 21:29:11,292000.0,316500.0,-0.006802721088435374,0.07653061224489796,0.0034129692832765013,0.13982158941884362,0.13324998681455488,-0.03431903,335107.54728914006,333175.49612347916,283910.20131111145
2025-06-17,1019000.0,1024000.0,1006000.0,1010000.0,72268,0.0,0.0,삼성바이오로직스,207940.KS,-0.49261083743842304,1023200.0,1033950.0,1041100.0,43.62268628509626,-0.004938281640582566,1025863.2878752855,1031092.2505139761,-5228.962638690602,-3597.7957521366716,-1631.1668865539305,1033950.0,1076670.5115285798,991229.4884714204,8.263554626157879,1100000.0,1010000.0,-22000.0,172.92009470462398,3.5,2.783,2.71,4.19,1914605.2,4235818.7,2.9,116.38,116.38,2025-10-12 21:29:11,1004000.0,1031000.0,-0.005940594059405941,0.020792079207920793,-0.0049261083743842304,-0.08149571098437836,-0.007612289854761709,-2.3902278,927689.3319057779,1002311.5872466906,-1404130.072593689
2025-06-17,200198.86223323172,205636.36219512197,198221.58951981706,202670.453125,950447,0.0,0.0,현대차,005380.KS,1.7369683645301004,199309.09375,187805.815625,188139.71432291667,66.5665378510368,0.017220555090831313,194085.9488817111,190091.50694328357,3994.441938427539,2076.715917088238,1917.726021339301,187805.815625,204975.244757375,170636.38649262497,18.284235847795006,202670.453125,175463.859375,19476.140625,126.80430992411766,3.5,2.783,2.71,4.19,1914605.2,4235818.7,2.9,116.38,116.38,2025-10-12 21:29:11,203659.09375,208602.28125,0.004878069840749018,0.029268341948895025,0.017369683645301004,-0.0013259301714566409,-0.0286370461645178,-0.062254105,202401.72625633876,196866.57000267564,190053.38021869306
2025-06-17,53800.0,54000.0,51200.0,51800.0,3981660,0.0,0.0,카카오,035720.KS,-2.631578947368418,51680.0,44115.0,41128.333333333336,69.61506165259517,-0.026668247082161294,48371.694471256735,44828.26060313955,3543.4338681171866,2551.5140958827983,991.9197722343883,44115.0,56094.10900825594,32135.890991744065,54.308552683921285,53200.0,36450.0,9100.0,155.30021619312393,3.5,2.783,2.71,4.19,1914605.2,4235818.7,2.9,116.38,116.38,2025-10-12 21:29:11,55200.0,57200.0,0.06563706563706563,0.10424710424710425,-0.02631578947368418,0.024923154857781505,-0.03161604057863286,-0.16449791,53091.019421633086,50162.28909802682,43279.00816202164
2025-06-17,98000.0,99800.0,97800.0,99600.0,1332802,0.0,0.0,기아,000270.KS,2.1538461538461506,97920.0,92430.0,91101.66666666667,66.25295586593633,0.021309786586751027,95238.89939212729,93021.67707575242,2217.2223163748713,1355.089352999232,862.1329633756393,92430.0,100292.26162721288,84567.73837278712,17.012358816862232,99600.0,87100.0,10200.0,288.72511772619225,3.5,2.783,2.71,4.19,1914605.2,4235818.7,2.9,116.38,116.38,2025-10-12 21:29:11,98900.0,100000.0,-0.007028112449799197,0.004016064257028112,0.021538461538461506,0.0022557056498567775,-0.03401077865266938,0.47093034,99824.66828272575,96212.52644619414,146504.66165542603
2025-06-17,207500.0,211500.0,204000.0,207000.0,262029,0.0,0.0,LG화학,051910.KS,0.7299270072992803,208000.0,197360.0,216633.56223958332,53.392162386059816,0.007272759329079878,203736.12046058764,203754.23046535687,-18.110004769230727,-2459.566864660972,2441.4568598917413,197360.0,215179.0199978382,179540.9800021618,18.057377379244212,210500.0,182400.0,9700.0,-34.45158818339464,3.5,2.783,2.71,4.19,1914605.2,4235818.7,2.9,116.38,116.38,2025-10-12 21:29:11,207500.0,273000.0,0.0024154589371980675,0.3188405797101449,0.007299270072992803,0.05848331024255412,0.13375107158387198,-0.05592025,219106.0452202087,234686.4718178615,195424.50964450836
2025-06-17,212000.0,213000.0,204000.0,206500.0,837169,0.0,0.0,NAVER,035420.KS,-1.4319809069212375,203280.0,191795.0,192730.0,65.50104817912451,-0.014423326961104939,198318.05754499405,194550.28762442092,3767.7699205731333,1485.1839832550547,2282.5859373180783,191795.0,208504.46469899704,175085.53530100296,17.424296461322804,209500.0,183100.0,19000.0,78.57626639536117,3.5,2.783,2.71,4.19,1914605.2,4235818.7,2.9,116.38,116.38,2025-10-12 21:29:11,243500.0,249500.0,0.1791767554479419,0.20823244552058112,-0.014319809069212375,0.0036372287602148786,-0.026989632129642317,-0.06373828,207251.08773898438,200926.64096522887,193338.0438387394
2025-06-17,256388.06441140777,259859.46953883496,252916.65928398058,255396.234375,248424,0.0,0.0,POSCO홀딩스,005490.KS,-0.5791524931457737,260355.390625,247714.1765625,258876.40625,52.8559936127955,-0.00580836084719391,254898.99747294447,252475.2077374959,2423.789735448576,550.7168543665457,1873.07288108203,247714.1765625,269825.86976997834,225602.48335502172,17.85258600401449,264322.71875,229194.875,7438.71875,38.09655005304919,3.5,2.783,2.71,4.19,1914605.2,4235818.7,2.9,116.38,116.38,2025-10-12 21:29:11,256883.984375,318377.4375,0.005825262082038088,0.24660192535385733,-0.005791524931457737,0.004233983325904431,-0.011187562544152976,-0.034357306,256477.57777284252,252538.97302938852,246621.5069459416
2025-06-18,57646.41095317726,59435.4375,57547.02058946488,59435.4375,17620705,0.0,0.0,삼성전자,005930.KS,2.9259906277005365,58222.875,56791.653515625,56474.2984375,61.213495489800685,0.02884000637454006,57889.49083129747,57071.19193426938,818.298897028093,675.2483000674702,143.0505969606229,56791.653515625,60777.924807702264,52805.38222354774,14.038229371083638,59534.828125,53571.40625,2981.7109375,81.94768989804908,3.5,2.783,2.71,4.19,1914605.2,4235818.7,2.9,116.38,116.38,2025-10-12 21:29:11,58839.09375,64700.0,-0.010033471193006698,0.08857615458790893,0.029259906277005365,0.007109294056621878,-0.015793235324101044,-0.15750317,59857.98150257148,58496.7596489716,50074.16663399711
2025-06-18,245145.91106744422,251636.5360040568,244646.63222616632,246144.46875,4081001,0.0,0.0,SK하이닉스,000660.KS,-1.0040146383322068,242549.659375,219201.0234375,198846.16588541667,73.76093729605407,-0.010090888578097586,232519.23412814387,218872.1234558258,13647.110672318086,10914.905175770524,2732.205496547562,219201.0234375,255715.83867358504,182686.20820141496,33.316281706591916,248640.859375,196261.546875,38943.75,336.1795800788409,3.5,2.783,2.71,4.19,1914605.2,4235818.7,2.9,116.38,116.38,2025-10-12 21:29:11,245645.1875,295573.0625,-0.002028407351729288,0.20081131215750708,-0.010040146383322068,-0.021971919046908973,-0.07893740583497116,-0.08617689,240736.20240878058,226714.46292624786,224932.50831064582
2025-06-18,291500.0,296500.0,290500.0,292000.0,193404,0.0,0.0,LG에너지솔루션,373220.KS,-0.6802721088435382,295800.0,286100.0,315925.0,46.51081160353108,-0.006825965070399871,292212.5784836448,296388.0405405979,-4175.462056953111,-6862.313510579996,2686.851453626885,286100.0,303786.1527755417,268413.8472244583,12.363616061196577,304000.0,268000.0,7500.0,-42.178217821782184,3.5,2.783,2.71,4.19,1914605.2,4235818.7,2.9,116.38,116.38,2025-10-12 21:29:11,291000.0,311000.0,-0.003424657534246575,0.06506849315068493,-0.006802721088435382,0.14381284280093667,0.14334136606754336,-0.033773758,333993.3500978735,333855.67889172264,282138.05627822876
2025-06-18,1003000.0,1008000.0,996000.0,1004000.0,66049,0.0,0.0,삼성바이오로직스,207940.KS,-0.5940594059405946,1015400.0,1032750.0,1039850.0,42.11926547263958,-0.005958309583630635,1022499.7051252415,1029085.4171425704,-6585.712017328828,-4195.379005175103,-2390.3330121537247,1032750.0,1077475.478432913,988024.5215670869,8.661433731864067,1100000.0,1004000.0,-27000.0,171.29878721132914,3.5,2.783,2.71,4.19,1914605.2,4235818.7,2.9,116.38,116.38,2025-10-12 21:29:11,999000.0,1033000.0,-0.0049800796812749,0.02888446215139442,-0.005940594059405946,-0.07621394189813692,-0.009047959711853031,-2.2623544,927481.2023342706,994915.8484492996,-1267403.7914276123
2025-06-18,200198.86642900485,204647.73012742717,198221.5936741505,203659.09375,575644,0.0,0.0,현대차,005380.KS,0.4878069840749122,200297.73125,188674.26328125,188217.87291666667,67.40627892705629,0.004866210609199721,195558.7403999094,191096.5133734107,4462.227026498702,2553.818138970331,1908.408887528371,188674.26328125,207222.6029115547,170125.92365094527,19.66175916919349,203659.09375,175463.859375,21750.0,127.9106771881104,3.5,2.783,2.71,4.19,1914605.2,4235818.7,2.9,116.38,116.38,2025-10-12 21:29:11,204647.734375,205142.046875,0.004854389788327338,0.00728154632181751,0.004878069840749122,0.0007956431940707162,-0.029178056132271733,-0.06735525,203821.13372185282,197716.71728071492,189941.5794528313
2025-06-18,51600.0,55400.0,51600.0,55200.0,8380598,0.0,0.0,카카오,035720.KS,6.563706563706573,52440.0,45052.5,41326.666666666664,74.40621979979053,0.06357280401761234,49422.203014140316,45596.53759549958,3825.6654186407322,2806.344360434385,1019.3210582063471,45052.5,57433.872893865235,32671.127106134765,54.964199073814925,55200.0,36550.0,12050.0,172.05737324054903,3.5,2.783,2.71,4.19,1914605.2,4235818.7,2.9,116.38,116.38,2025-10-12 21:29:11,60400.0,56100.0,0.09420289855072464,0.016304347826086956,0.06563706563706573,-0.04284313616278804,-0.04994209440762952,-0.16716361,52835.058883814105,52443.19638869885,45972.568702697754
2025-06-18,98500.0,99400.0,97200.0,98900.0,1018716,0.0,0.0,기아,000270.KS,-0.7028112449799173,98320.0,92800.0,91131.66666666667,64.06739765543514,-0.007052925961886096,95802.14563949232,93457.10840347447,2345.0372360178444,1553.0789296029545,791.9583064148899,92800.0,101158.79618630683,84441.20381369317,18.01464695324749,99600.0,87100.0,10500.0,285.99311388675113,3.5,2.783,2.71,4.19,1914605.2,4235818.7,2.9,116.38,116.38,2025-10-12 21:29:11,98200.0,99500.0,-0.007077856420626896,0.006066734074823054,-0.007028112449799173,0.006187026687391016,-0.03295363569575297,0.49039885,99511.89693938296,95640.88542969004,147400.44960975647
2025-06-18,204500.0,209500.0,204000.0,207500.0,216329,0.0,0.0,LG화학,051910.KS,0.24154589371980784,207800.0,197945.0,216073.55598958334,53.905533087682805,0.002412546405383926,204315.17885126648,204031.69487533043,283.4839759360475,-1910.9566965415681,2194.4406724776154,197945.0,216308.2900388733,179581.7099611267,18.553931686956776,210500.0,182400.0,12200.0,-34.29325868625308,3.5,2.783,2.71,4.19,1914605.2,4235818.7,2.9,116.38,116.38,2025-10-12 21:29:11,206000.0,263500.0,-0.007228915662650603,0.26987951807228916,0.0024154589371980784,0.06057995939193282,0.13526475075366012,-0.0553563,220070.34157382604,235567.4357813845,196013.56282830238
2025-06-18,204500.0,244500.0,204000.0,243500.0,5706879,0.0,0.0,NAVER,035420.KS,17.9176755447942,211780.0,194700.0,193321.66666666666,82.33147386170198,0.16481653012155711,205269.12561499496,198176.1922448342,7092.933370160754,2606.7338606361945,4486.199509524559,194700.0,222946.88152327941,166453.11847672059,29.015800229357385,243500.0,183100.0,57000.0,110.57298240808935,3.5,2.783,2.71,4.19,1914605.2,4235818.7,2.9,116.38,116.38,2025-10-12 21:29:11,252000.0,250000.0,0.03490759753593429,0.026694045174537988,0.17917675544794198,0.04799736899920681,-0.03876548991864794,-0.069456734,255187.35935130686,234060.60320480922,226587.2798860073
2025-06-18,252420.7491252413,257379.89940275095,251924.83409749035,256883.984375,225385,0.0,0.0,POSCO홀딩스,005490.KS,0.5825262082038041,258867.64375,248509.69375,258045.50078125,54.19537135214777,0.005808360847193815,255204.3800732607,252801.78378471843,2402.596288542263,921.0927412016893,1481.503547340574,248509.69375,270744.78567843884,226274.60182156114,17.894748162868275,264322.71875,229194.875,14877.453125,38.90099864973351,3.5,2.783,2.71,4.19,1914605.2,4235818.7,2.9,116.38,116.38,2025-10-12 21:29:11,257875.8125,303004.09375,0.003860996345930723,0.17953672544907948,0.005825262082038041,-0.0005146262498397056,-0.010472391280669858,-0.03061402,256751.7851334772,254193.79477688752,249019.73334033974
2025-06-19,60131.16844383446,60230.558804898654,58640.31302787162,58839.09375,16876278,0.0,0.0,삼성전자,005930.KS,-1.0033471193006682,58163.240625,56955.6474609375,56463.623046875,57.98571685758552,-0.010084145710913565,58035.583588020934,57202.1476243235,833.4359636974332,706.8858327934629,126.55013090397028,56955.6474609375,60997.90921756285,52913.38570431215,14.194419471388484,59534.828125,53571.40625,1391.46484375,80.12212299282288,3.5,2.783,2.71,4.19,1914605.2,4235818.7,2.9,116.38,116.38,2025-10-12 21:29:11,59137.265625,66700.0,0.005067581024733237,0.1336000565100478,-0.010033471193006682,0.0099257131624854,-0.012812173319046927,-0.15583552,59423.113717303095,58085.23708293935,49669.87360870466
2025-06-19,246643.74517276423,249639.41819105693,241650.9568089431,245645.1875,2317796,0.0,0.0,SK하이닉스,000660.KS,-0.20284073517292667,244646.63125,221416.0328125,199451.6015625,73.14016285806531,-0.0020304673560782374,234538.6115699679,220855.31338502385,13683.298184944055,11468.583777605232,2214.7144073388226,221416.0328125,258735.86424167012,184096.20138332987,33.71014371012002,248640.859375,196261.546875,28458.890625,335.29483021193477,3.5,2.783,2.71,4.19,1914605.2,4235818.7,2.9,116.38,116.38,2025-10-12 21:29:11,256629.328125,269111.28125,0.04471547249424539,0.09552840822497286,-0.0020284073517292667,-0.017674969297045377,-0.08392912383258126,-0.083056144,241303.41635297055,225028.40213943488,225242.84350162372
2025-06-19,293500.0,294000.0,289000.0,291000.0,146199,0.0,0.0,LG에너지솔루션,373220.KS,-0.3424657534246589,293200.0,286675.0,315200.0,45.851211812293705,-0.0034305350967892482,292026.0279476995,295988.9264264796,-3962.8984787801164,-6282.43050422002,2319.532025439904,286675.0,304204.7491500295,269145.2508499705,12.229702031938258,304000.0,268000.0,2500.0,-42.37623762376238,3.5,2.783,2.71,4.19,1914605.2,4235818.7,2.9,116.38,116.38,2025-10-12 21:29:11,305000.0,317000.0,0.048109965635738834,0.08934707903780069,-0.003424657534246589,0.11478832368126661,0.13366665043235973,-0.03561087,324403.40219124855,329896.9952758167,280637.24130392075
2025-06-19,1006000.0,1006000.0,996000.0,999000.0,45500,0.0,0.0,삼성바이오로직스,207940.KS,-0.4980079681274896,1009400.0,1031350.0,1038633.3333333334,40.85562522356223,-0.004992521603120982,1018884.3658752043,1026856.8677246022,-7972.5018493979005,-4950.803574019663,-3021.6982753782377,1031350.0,1078519.459343278,984180.5406567218,9.147129363121762,1100000.0,999000.0,-35000.0,169.94769763358352,3.5,2.783,2.71,4.19,1914605.2,4235818.7,2.9,116.38,116.38,2025-10-12 21:29:11,1016000.0,1070000.0,0.01701701701701702,0.07107107107107107,-0.004980079681274896,-0.08018710856127832,0.01923138834192908,-2.198128,918893.078547283,1018212.1569535871,-1196929.8570156097
2025-06-19,207119.32536986715,209096.59816576086,203164.7797780797,204647.734375,538891,0.0,0.0,현대차,005380.KS,0.4854389788327307,201385.23125,189665.29375,188336.89244791667,68.26468261553686,0.0048426452313212335,196957.04716530797,192100.3075216766,4856.739643631387,3014.402439902542,1842.3372037288445,189665.29375,209426.51450641753,169904.0729935825,20.83799346280507,204647.734375,175463.859375,20761.375,129.01704445210314,3.5,2.783,2.71,4.19,1914605.2,4235818.7,2.9,116.38,116.38,2025-10-12 21:29:11,207613.640625,207613.640625,0.014492739238271863,0.014492739238271863,0.004854389788327307,0.0007956431940707162,-0.016346861363646843,-0.07192689,204810.5609520375,201302.38623278745,189928.05892672855
2025-06-19,57300.0,61800.0,56800.0,60400.0,14753547,0.0,0.0,카카오,035720.KS,9.420289855072461,54420.0,46245.0,41622.5,79.68282477878394,0.09002615165771961,51111.09485811873,46693.090366203316,4418.004491915417,3128.6763867305917,1289.3281051848253,46245.0,59723.86845165201,32766.131548347992,58.29330068829931,60400.0,37250.0,18800.0,197.6859663719051,3.5,2.783,2.71,4.19,1914605.2,4235818.7,2.9,116.38,116.38,2025-10-12 21:29:11,66600.0,57500.0,0.10264900662251655,-0.048013245033112585,0.09420289855072461,0.0031708794481905647,-0.05225621304239951,-0.16193847,60591.52111867072,57243.72473223907,50618.91529560089
2025-06-19,99400.0,99800.0,97500.0,98200.0,691399,0.0,0.0,기아,000270.KS,-0.707785642062686,98280.0,93150.0,91168.33333333333,61.86944651880678,-0.00710302326824619,96171.04631033966,93808.43370692081,2362.612603418849,1714.9856643661337,647.6269390527154,93150.0,101807.57958153047,84492.42041846953,18.58846931085448,99600.0,87100.0,8600.0,283.26111004731,3.5,2.783,2.71,4.19,1914605.2,4235818.7,2.9,116.38,116.38,2025-10-12 21:29:11,98700.0,100200.0,0.0050916496945010185,0.020366598778004074,-0.00707785642062686,0.007890470894032655,-0.028227000265070273,0.5451366,98974.844241794,95428.1085739701,151732.41126537323
2025-06-19,208500.0,210000.0,204000.0,206000.0,203413,0.0,0.0,LG화학,051910.KS,-0.7228915662650603,206900.0,198760.0,215239.47916666666,52.05317359050849,-0.00725517088117191,204574.38210491778,204177.4952549356,396.8868499821692,-1449.387987236821,1846.2748372189901,198760.0,217029.14568910337,180490.85431089663,18.383121039548573,210500.0,182400.0,7300.0,-34.76824717767776,3.5,2.783,2.71,4.19,1914605.2,4235818.7,2.9,116.38,116.38,2025-10-12 21:29:11,211500.0,269500.0,0.02669902912621359,0.308252427184466,-0.0072289156626506035,0.07441881150328529,0.1325897820392595,-0.05684855,221330.27516967678,233313.49510008743,194289.20364379883
2025-06-19,254500.0,259000.0,248500.0,252000.0,3810468,0.0,0.0,NAVER,035420.KS,3.490759753593431,222400.0,198050.0,194055.0,84.23432046714045,0.03431214498877884,212458.49090499574,202163.14096743907,10295.34993755666,4144.457076020288,6150.892861536373,198050.0,235760.0014654869,160339.9985345131,38.08129408279413,252000.0,183100.0,66500.0,117.9235793299323,3.5,2.783,2.71,4.19,1914605.2,4235818.7,2.9,116.38,116.38,2025-10-12 21:29:11,269500.0,243500.0,0.06944444444444445,-0.03373015873015873,0.03490759753593431,-0.02354276100544264,-0.037560169608072215,-0.06652071,246067.22422662846,242534.83725876582,235236.78588867188
2025-06-19,257379.89747596154,260851.30264423077,254404.40733173076,257875.8125,271456,0.0,0.0,POSCO홀딩스,005490.KS,0.3860996345930623,257776.63125,249575.6546875,256912.11744791668,55.11097580926234,0.0038535618298208415,255615.36967737443,253177.63776362815,2437.7319137462764,1224.4205757106067,1213.3113380356697,249575.6546875,271438.956617002,227712.35275799796,17.520380308630365,264322.71875,229194.875,14381.53125,39.437294897966254,3.5,2.783,2.71,4.19,1914605.2,4235818.7,2.9,116.38,116.38,2025-10-12 21:29:11,260355.390625,304987.75,0.009615396267534784,0.18269234730961828,0.003860996345930623,-0.0005146262498397056,-0.0120341380152381,-0.029779708,257743.10283768876,254772.49938158333,250196.33985584602
2025-06-20,59037.87526260504,59435.43671218488,58739.70417542017,59137.265625,18072251,0.0,0.0,삼성전자,005930.KS,0.5067581024733148,58401.77734375,57144.4890625,56433.21634114583,59.145693106888544,0.005054784050938313,58205.07313217156,57345.48969844769,859.5834337238703,737.4253529795444,122.15808074432584,57144.4890625,61225.664281276775,53063.31384372322,14.283705343180584,59534.828125,53571.40625,397.5625,81.03490644543598,3.5,2.783,2.71,4.19,1914605.2,4235818.7,2.9,116.38,116.38,2025-10-12 21:29:11,57646.41015625,67100.0,-0.025210084588688658,0.1346483353744004,0.005067581024733148,0.005177103586741267,-0.01668530271485056,-0.15717252,59443.425374977254,58150.542446318344,49842.51367926132
2025-06-20,248640.8665491245,256629.328125,247143.03000364784,256629.328125,3597877,0.0,0.0,SK하이닉스,000660.KS,4.4715472494245345,248940.43125,224255.00625,200148.73645833333,77.60550021737791,0.04374457321804874,237937.18334766515,223505.24040279986,14431.942944865295,12061.255611057246,2370.6873338080495,224255.00625,263267.38636731636,185242.62613268362,34.79287331835551,256629.328125,196261.546875,32453.125,354.7592442191637,3.5,2.783,2.71,4.19,1914605.2,4235818.7,2.9,116.38,116.38,2025-10-12 21:29:11,259125.71875,268612.03125,0.009727612363089102,0.04669264893669292,0.044715472494245345,-0.01781463327081442,-0.10120327932438525,-0.077527836,252057.57075791762,230657.59854793633,236733.41549435165
2025-06-20,291000.0,306000.0,289500.0,305000.0,498474,0.0,0.0,LG에너지솔루션,373220.KS,4.810996563573888,295000.0,288050.0,314800.0,55.38960786908883,0.04698850943591916,294022.0236480534,296656.41335785144,-2634.389709798037,-5552.822345335624,2918.432635537587,288050.0,306819.7965667638,269280.2034332362,13.032318393864797,305000.0,268000.0,14000.0,-39.603960396039604,3.5,2.783,2.71,4.19,1914605.2,4235818.7,2.9,116.38,116.38,2025-10-12 21:29:11,294000.0,322500.0,-0.036065573770491806,0.05737704918032787,0.04810996563573888,0.07884017917151386,0.12580669824671503,-0.036988907,329046.25464731175,343371.04296524805,293718.3812260628
2025-06-20,1004000.0,1021000.0,1000000.0,1016000.0,124199,0.0,0.0,삼성바이오로직스,207940.KS,1.7017017017016967,1008800.0,1027150.0,1037316.6666666666,46.70965338204638,0.016873849489873635,1018440.617279019,1026052.6553005576,-7612.038021538639,-5483.050463523458,-2128.987558015181,1027150.0,1061907.960087928,992392.0399120721,6.767845025152691,1080000.0,999000.0,-3000.0,174.54140219791876,3.5,2.783,2.71,4.19,1914605.2,4235818.7,2.9,116.38,116.38,2025-10-12 21:29:11,992000.0,1051000.0,-0.023622047244094488,0.0344488188976378,0.017017017017016967,-0.08536177011296318,0.02039273206116082,-2.0602946,929272.4415652294,1036719.0157741393,-1077259.3421936035
2025-06-20,205636.36785714288,208107.9588169643,203164.77689732143,207613.640625,662635,0.0,0.0,현대차,005380.KS,1.449273923827188,203560.23125,190877.76953125,188464.70442708334,70.75319449120224,0.014388723272681788,198596.52308218367,193249.44330710795,5347.079775075719,3480.9379069371776,1866.1418681385417,190877.76953125,211943.7772963195,169811.7617661805,22.072772347248762,207613.640625,175463.859375,20168.1875,132.3361287584672,3.5,2.783,2.71,4.19,1914605.2,4235818.7,2.9,116.38,116.38,2025-10-12 21:29:11,199210.234375,208107.953125,-0.04047617596176432,0.0023809249648140745,0.014492739238271879,0.004254398744276758,-0.016282595475031168,-0.07261472,208496.91183696972,204233.1516996046,192537.832290343
2025-06-20,60100.0,67200.0,58600.0,66600.0,16754279,0.0,0.0,카카오,035720.KS,10.264900662251652,57440.0,47702.5,42005.833333333336,83.93548585010934,0.09771547260557416,53494.00334148508,48167.67626500307,5326.3270764820045,3568.2065246808747,1758.1205518011297,47702.5,63312.66790766068,32092.33209233932,65.44800757889286,66600.0,37250.0,22300.0,228.24313510544502,3.5,2.783,2.71,4.19,1914605.2,4235818.7,2.9,116.38,116.38,2025-10-12 21:29:11,67600.0,56900.0,0.015015015015015015,-0.14564564564564564,0.10264900662251653,-0.014043600953803817,-0.06256456787824201,0.052817516,65664.69617647666,62433.19977930908,70117.6430940628
2025-06-20,98000.0,98900.0,97200.0,98700.0,998377,0.0,0.0,기아,000270.KS,0.5091649694501044,98580.0,93525.0,91218.33333333333,62.849835317034135,0.005078731079015721,96560.11610874895,94170.7719508526,2389.3441578963393,1849.8573630721748,539.4867948241645,93525.0,102471.83125322543,84578.16874677457,19.132491319380776,99600.0,87100.0,5600.0,285.2125413611965,3.5,2.783,2.71,4.19,1914605.2,4235818.7,2.9,116.38,116.38,2025-10-12 21:29:11,95900.0,99800.0,-0.028368794326241134,0.011144883485309016,0.005091649694501044,0.003959149856498419,-0.038889536100006616,0.5112779,99090.76809083638,94861.60278692935,149163.1301164627
2025-06-20,206500.0,213500.0,205000.0,211500.0,389198,0.0,0.0,LG화학,051910.KS,2.669902912621369,207500.0,199935.0,214422.34791666668,57.78176814151534,0.026348829696751678,205639.86178108427,204719.90301382926,919.9587672550115,-975.5186363384544,1895.4774035934659,199935.0,218312.82130146667,181557.17869853333,18.3837960351781,211500.0,182400.0,10000.0,-33.02662270912061,3.5,2.783,2.71,4.19,1914605.2,4235818.7,2.9,116.38,116.38,2025-10-12 21:29:11,202500.0,272500.0,-0.0425531914893617,0.28841607565011823,0.02669902912621369,0.018351910542075668,0.1281708156546524,-0.056000777,215381.429079649,238608.127510959,199655.8373272419
2025-06-20,249000.0,269500.0,245000.0,269500.0,4889308,0.0,0.0,NAVER,035420.KS,6.944444444444442,236200.0,202285.0,195055.0,87.27327342029194,0.06713930283762852,221234.10768884255,207151.05645133246,14083.05123751008,6132.175908318246,7950.875329191835,202285.0,251114.55425172093,153455.44574827907,48.27797834908266,269500.0,183100.0,78300.0,133.05716122784426,3.5,2.783,2.71,4.19,1914605.2,4235818.7,2.9,116.38,116.38,2025-10-12 21:29:11,290000.0,242000.0,0.07606679035250463,-0.10204081632653061,0.06944444444444442,-0.05379239833865698,-0.0809170201976898,-0.105360314,255002.94864773194,247692.86305672262,241105.3912937641
2025-06-20,257875.81547619047,262834.9657738095,254404.41026785714,260355.390625,495939,0.0,0.0,POSCO홀딩스,005490.KS,0.9615396267534715,257479.08125,250790.1328125,255918.2171875,57.40342276581792,0.00956946255732788,256344.6036693168,253709.3231607668,2635.2805085500004,1506.5925622784855,1128.6879462715149,250790.1328125,272187.1666172567,229393.0990077433,17.06369669715349,264322.71875,229194.875,5455.0625,40.7780397428833,3.5,2.783,2.71,4.19,1914605.2,4235818.7,2.9,116.38,116.38,2025-10-12 21:29:11,251428.921875,308459.15625,-0.034285707426957565,0.1847619344831839,0.009615396267534715,-0.0005146262498397056,-0.014076633882860163,-0.029558746,260221.4049066971,256690.46311174284,252659.61900049355
2025-06-23,58043.97160560345,58143.36196794181,57248.848706896555,57646.41015625,16551694,0.0,0.0,삼성전자,005930.KS,-2.5210084588688675,58560.8015625,57308.483203125,56397.72272135417,51.49085834401261,-0.02553330257459536,58119.124982029774,57367.78010272934,751.3448793004354,740.2092582437226,11.135621056712807,57308.483203125,61177.7393522419,53439.22705400809,13.503257922226478,59534.828125,53571.40625,-1789.02734375,76.4710011404412,3.5,2.783,2.71,4.19,1914605.2,4235818.7,2.9,116.38,116.38,2025-10-12 21:29:11,60131.171875,67800.0,0.04310349442428556,0.17613568331885368,-0.025210084588688675,0.016358244736917243,-0.011401265228311286,-0.15666695,58589.40424179065,56989.168144598574,48615.12379270536
2025-06-23,252135.8149686898,262620.6706406551,248141.58423651254,259125.71875,3398736,0.0,0.0,SK하이닉스,000660.KS,0.9727612363089166,251237.1125,227398.21484375,200953.92838541666,78.48109315137847,0.009680603750468773,241196.95802494744,226143.7943544443,15053.163670503127,12659.637222946423,2393.5264475567037,227398.21484375,267038.9041433146,187757.52554418542,34.864556282293165,259125.71875,199351.484375,30456.015625,359.1829658654591,3.5,2.783,2.71,4.19,1914605.2,4235818.7,2.9,116.38,116.38,2025-10-12 21:29:11,278098.3125,272106.96875,0.07321771779938381,0.05009633957841168,0.009727612363089166,-0.02072761894282339,-0.10684701199341301,-0.07382308,253754.65959346478,231438.90997091698,239996.25636154786
2025-06-23,298500.0,300000.0,291000.0,294000.0,193331,0.0,0.0,LG에너지솔루션,373220.KS,-3.60655737704918,295200.0,289025.0,314175.0,48.20464063494129,-0.036732009268730006,294018.63539450674,296459.6419980106,-2441.0066035038326,-4930.4591969692665,2489.452593465434,289025.0,306832.3757633951,271217.6242366049,12.322377485266053,305000.0,268000.0,9000.0,-41.78217821782179,3.5,2.783,2.71,4.19,1914605.2,4235818.7,2.9,116.38,116.38,2025-10-12 21:29:11,300500.0,331000.0,0.022108843537414966,0.12585034013605442,-0.0360655737704918,0.16288162297129394,0.1460133033270006,-0.031660236,341887.1971535604,336927.91117813817,284691.88392162323
2025-06-23,1003000.0,1003000.0,990000.0,992000.0,70626,0.0,0.0,삼성바이오로직스,207940.KS,-2.3622047244094446,1004200.0,1022750.0,1035883.3333333334,40.60002657070958,-0.023905520853554366,1014372.8300053237,1023530.2363894052,-9157.406384081463,-6217.921647635059,-2939.484736446404,1022750.0,1051011.0015839245,994488.9984160754,5.526473054788477,1043000.0,992000.0,-41000.0,168.05617222473956,3.5,2.783,2.71,4.19,1914605.2,4235818.7,2.9,116.38,116.38,2025-10-12 21:29:11,1004000.0,1039000.0,0.012096774193548387,0.047379032258064516,-0.023622047244094446,-0.0622144504245492,0.026785349520715786,-2.2545524,930283.2651788472,1018571.06672455,-1244515.9454345703
2025-06-23,203164.7799705335,203659.0981699752,198221.59797611664,199210.234375,935001,0.0,0.0,현대차,005380.KS,-4.047617596176433,203560.23125,191943.1703125,188322.41432291668,57.092861005221934,-0.04131813420403391,198690.94020415543,193690.98338621107,4999.9568179443595,3784.741689138614,1215.2151288057453,191943.1703125,212392.35107489428,171493.98955010573,21.307536735067202,207613.640625,175463.859375,3657.953125,122.93205072856432,3.5,2.783,2.71,4.19,1914605.2,4235818.7,2.9,116.38,116.38,2025-10-12 21:29:11,203659.09375,206625.0,0.02233248401598343,0.037220806693305714,-0.04047617596176434,0.009193364130858703,-0.01898550060000736,-0.07514834,201041.6465982031,195428.12835074583,184239.915145915
2025-06-23,67000.0,68900.0,65600.0,67600.0,12708128,0.0,0.0,카카오,035720.KS,1.501501501501501,60320.0,49220.0,42434.166666666664,84.4990567570398,0.014903405502574948,55664.15667356429,49607.10765278062,6057.04902078367,4065.975023901434,1991.0739968822363,49220.0,66376.04542827213,32063.954571727867,69.71168398322686,67600.0,37400.0,16200.0,233.1717107076289,3.5,2.783,2.71,4.19,1914605.2,4235818.7,2.9,116.38,116.38,2025-10-12 21:29:11,70400.0,56900.0,0.04142011834319527,-0.15828402366863906,0.01501501501501501,-0.05371764988523116,-0.06267089179778586,0.7371881,63968.68686775837,63363.44771446968,117433.91561508179
2025-06-23,97000.0,97000.0,94400.0,95900.0,867116,0.0,0.0,기아,000270.KS,-2.8368794326241176,98260.0,93860.0,91171.66666666667,54.41264611957054,-0.028778964550043404,96458.55978432603,94298.86291745612,2159.696866869912,1911.8252638317224,247.8716030381895,93860.0,102624.8580617208,85095.1419382792,18.676450163479238,99600.0,87100.0,600.0,274.28452600343206,3.5,2.783,2.71,4.19,1914605.2,4235818.7,2.9,116.38,116.38,2025-10-12 21:29:11,96900.0,99300.0,0.010427528675703858,0.035453597497393116,-0.028368794326241176,0.012415118061662218,-0.02981797250572172,0.5011644,97090.60982211342,93040.4564367013,143961.66944503784
2025-06-23,207500.0,208000.0,200500.0,202500.0,280173,0.0,0.0,LG화학,051910.KS,-4.255319148936165,206900.0,200725.0,213405.40260416668,47.73187934140153,-0.04348511193973878,205156.80612245592,204555.4657535456,601.3403689103143,-660.1468352887007,1261.487204199015,200725.0,218034.67177162183,183415.32822837817,17.247150849791332,211500.0,182400.0,1000.0,-35.876553657668666,3.5,2.783,2.71,4.19,1914605.2,4235818.7,2.9,116.38,116.38,2025-10-12 21:29:11,211000.0,287000.0,0.04197530864197531,0.41728395061728396,-0.04255319148936165,0.10604118326464343,0.1337431902385396,-0.057494815,223973.3396110903,229582.99602330427,190857.29911923409
2025-06-23,276500.0,295000.0,270000.0,290000.0,5050411,0.0,0.0,NAVER,035420.KS,7.606679035250474,252300.0,207625.0,196438.33333333334,89.7626902529073,0.07331253263146796,231813.47573671292,213288.01523271526,18525.46050399766,8610.832827454129,9914.62767654353,207625.0,269328.7361318768,145921.26386812318,59.43767478085667,290000.0,183100.0,91500.0,150.78507145111257,3.5,2.783,2.71,4.19,1914605.2,4235818.7,2.9,116.38,116.38,2025-10-12 21:29:11,290500.0,240000.0,0.0017241379310344827,-0.1724137931034483,0.07606679035250474,-0.11308991720643166,-0.09912571674302773,-0.109105766,257203.9240101348,261253.54214452195,258359.32791233063
2025-06-23,255396.24214127217,255892.1571745562,247461.6016087278,251428.921875,371107,0.0,0.0,POSCO홀딩스,005490.KS,-3.428570742695758,256388.06875,251680.9828125,255061.83151041667,47.916400987800316,-0.03488725189817775,255588.3449317296,253540.4045470063,2047.9403847233043,1614.8621267674494,433.07825795585495,251680.9828125,271491.40994624724,231870.55567875277,15.742490284620207,264322.71875,229194.875,-4463.234375,35.9513650601182,3.5,2.783,2.71,4.19,1914605.2,4235818.7,2.9,116.38,116.38,2025-10-12 21:29:11,260851.296875,324328.4375,0.037475302879771376,0.2899408512010508,-0.03428570742695758,0.01620304471796602,-0.014643182280004725,-0.030345324,255502.8359395306,247747.2023415193,243799.2306070458
2025-06-24,59037.877840909096,60230.56224173554,58938.487474173555,60131.171875,23737899,0.0,0.0,삼성전자,005930.KS,4.310349442428563,59037.87578125,57621.562890625,56415.16888020833,60.63523739119183,0.04220039873183937,58428.67065787135,57572.4757895642,856.194868307146,763.4063802564074,92.78848805073858,57621.562890625,61329.13850189231,53913.98727935769,12.86870895294835,60131.171875,53571.40625,1292.078125,84.0775179541463,3.5,2.783,2.71,4.19,1914605.2,4235818.7,2.9,116.38,116.38,2025-10-12 21:29:11,60926.29296875,66000.0,0.013223109893864845,0.0976004282304701,0.04310349442428563,0.0118933509658194,-0.019111128902262232,-0.157511,60846.33300609539,58981.99729825279,50659.8511104472
2025-06-24,269610.5722621185,282591.82203770196,269111.2934245961,278098.3125,5436312,0.0,0.0,SK하이닉스,000660.KS,7.32177177993838,257128.603125,231335.55625,202133.47447916667,83.69788658088189,0.07066134875040826,246874.08948264783,229992.27718004104,16881.81230260679,13504.072238878498,3377.7400637282935,231335.55625,274713.7046273283,187957.40787267167,37.502361574240986,278098.3125,201843.390625,47930.765625,392.8032946784804,3.5,2.783,2.71,4.19,1914605.2,4235818.7,2.9,116.38,116.38,2025-10-12 21:29:11,285587.5,268112.75,0.026929999799980807,-0.03590659148641903,0.0732177177993838,-0.009830703403331755,-0.13654401863917306,-0.08312578,275364.4104728454,240125.6513344774,254981.1761121489
2025-06-24,299500.0,306000.0,298000.0,300500.0,275626,0.0,0.0,LG에너지솔루션,373220.KS,2.2108843537415046,296500.0,290650.0,313591.6666666667,52.15417505640447,0.02186798663658074,295015.76841073646,296758.92777593574,-1743.1593651992735,-4292.999230615268,2549.8398654159946,290650.0,306162.6434002385,275137.3565997615,10.674449269044196,305000.0,272500.0,12000.0,-40.4950495049505,3.5,2.783,2.71,4.19,1914605.2,4235818.7,2.9,116.38,116.38,2025-10-12 21:29:11,298000.0,333500.0,-0.008319467554076539,0.10981697171381032,0.022108843537415046,0.10055860483252951,0.1203818341631465,-0.041511968,330717.86075217515,336674.7411660255,288025.6581604481
2025-06-24,1004000.0,1006000.0,998000.0,1004000.0,71516,0.0,0.0,삼성바이오로직스,207940.KS,1.2096774193548487,1003000.0,1022150.0,1034716.6666666666,44.50834889781117,0.012024192966801812,1012777.0100045047,1022083.5522124122,-9306.542207907536,-6835.645759689555,-2470.896448217981,1022150.0,1051502.8443883124,992797.1556116877,5.743353595521669,1043000.0,992000.0,-36000.0,171.29878721132914,3.5,2.783,2.71,4.19,1914605.2,4235818.7,2.9,116.38,116.38,2025-10-12 21:29:11,1004000.0,1042000.0,0.0,0.037848605577689244,0.012096774193548487,-0.07896528170316262,0.03155552818711452,-2.0033684,924718.8571700247,1035681.7502998629,-1007381.8511962891
2025-06-24,204153.4119387136,205636.36650485438,200693.18461771845,203659.09375,718116,0.0,0.0,현대차,005380.KS,2.2332484015983534,203757.959375,193352.93203125,188140.48203125,61.34757169465122,0.022086765700030948,199455.27151890076,194429.36193167692,5025.9095872238395,4032.9752687556593,992.9343184681802,193352.93203125,212885.62706047617,173820.23700202384,20.204188086549685,207613.640625,177414.53125,8897.734375,127.9106771881104,3.5,2.783,2.71,4.19,1914605.2,4235818.7,2.9,116.38,116.38,2025-10-12 21:29:11,214534.09375,204153.40625,0.053398057507559736,0.0024271565334901724,0.022332484015983534,0.001254310496223198,-0.02288561100906231,-0.06650914,203914.54548894195,198998.23095197935,190113.90509344265
2025-06-24,68100.0,71600.0,66000.0,70400.0,12083420,0.0,0.0,카카오,035720.KS,4.142011834319526,64040.0,50870.0,42904.166666666664,85.9819543331547,0.0405852801150783,57931.20949301594,51147.3219007228,6783.887592293133,4609.557537579774,2174.3300547133585,50870.0,69521.91961336022,32218.080386639784,73.33170675588843,70400.0,39000.0,20400.0,246.97172239374373,3.5,2.783,2.71,4.19,1914605.2,4235818.7,2.9,116.38,116.38,2025-10-12 21:29:11,69400.0,56500.0,-0.014204545454545454,-0.19744318181818182,0.041420118343195256,-0.0779795010928438,-0.06990647837878154,1.1316668,64910.243123063796,65478.58392213378,150069.3328857422
2025-06-24,95700.0,98500.0,95700.0,96900.0,911752,0.0,0.0,기아,000270.KS,1.0427528675703845,97720.0,94350.0,91106.66666666667,56.65085606553643,0.010373537007327998,96526.4736636605,94491.5397383853,2034.933925275196,1936.4469961204172,98.48692915477886,94350.0,102604.50435248962,86095.49564751038,17.497624488584247,99600.0,88100.0,2400.0,278.18738863120507,3.5,2.783,2.71,4.19,1914605.2,4235818.7,2.9,116.38,116.38,2025-10-12 21:29:11,101100.0,97800.0,0.043343653250773995,0.009287925696594427,0.010427528675703845,-0.0007929805968336915,-0.034362496871901745,0.44270372,96823.16018016681,93570.27405311272,139797.9908466339
2025-06-24,207500.0,216000.0,206500.0,211000.0,372374,0.0,0.0,LG화학,051910.KS,4.197530864197541,207700.0,202155.0,212613.14739583334,55.58836451723056,0.04111824692947276,206055.75902669347,205032.83866069038,1022.9203660030907,-323.5333950303424,1346.4537610334332,202155.0,217728.8613674941,186581.1386325059,15.407841871330513,211500.0,182900.0,4500.0,-33.18495220626217,3.5,2.783,2.71,4.19,1914605.2,4235818.7,2.9,116.38,116.38,2025-10-12 21:29:11,212500.0,289000.0,0.0071090047393364926,0.3696682464454976,0.041975308641975406,0.030127954515223248,0.11761429423742369,-0.056995783,217356.9984027121,235816.6160840964,198973.8842844963
2025-06-24,288500.0,292500.0,277500.0,290500.0,4326501,0.0,0.0,NAVER,035420.KS,0.17241379310344307,269100.0,212995.0,197821.66666666666,89.8150191943416,0.001722653311446156,240842.1717772186,219007.42151177337,21834.75026544524,11255.616315052352,10579.133950392888,212995.0,283742.8390966311,142247.1609033689,66.4314552892144,290500.0,183800.0,90500.0,151.2174595053386,3.5,2.783,2.71,4.19,1914605.2,4235818.7,2.9,116.38,116.38,2025-10-12 21:29:11,283500.0,235000.0,-0.024096385542168676,-0.19104991394148021,0.0017241379310344307,-0.15557817976968652,-0.10134480911756578,-0.114359275,245304.5387769061,261059.33295134714,257278.63508462906
2025-06-24,255892.14674429657,261347.21188807033,254900.3167181559,260851.296875,305296,0.0,0.0,POSCO홀딩스,005490.KS,3.747530287977141,257479.08125,253263.80390625,254378.84427083333,56.153789544558926,0.03679016838615344,256398.0298460789,254081.9521268577,2316.0777192211826,1755.1052452581962,560.9724739629864,253263.80390625,270385.7505703865,236141.8572421135,13.521037274220577,264322.71875,235063.71875,991.828125,41.0461836426645,3.5,2.783,2.71,4.19,1914605.2,4235818.7,2.9,116.38,116.38,2025-10-12 21:29:11,267298.1875,320361.09375,0.024714811473946212,0.22813686413649348,0.03747530287977141,0.005322948283080603,-0.01619509135358036,-0.027467826,262239.79483784013,256626.78629240947,253686.27339648642
2025-06-25,61125.07369621737,61224.46405995106,59932.38933141313,60926.29296875,23933612,0.0,0.0,삼성전자,005930.KS,1.3223109893864882,59336.046875,57949.551171875,56419.51953125,63.03648582268534,0.013136447702740204,58812.92024416038,57820.906691726115,992.0135524342622,809.1278146919784,182.88573774228382,57949.551171875,61604.92971986084,54294.17262388916,12.615726866094965,60926.29296875,53571.40625,1391.46484375,86.51159520304385,3.5,2.783,2.71,4.19,1914605.2,4235818.7,2.9,116.38,116.38,2025-10-12 21:29:11,59833.0,66400.0,-0.01794451812964833,0.08984145866313491,0.013223109893864882,0.007310434851379179,-0.023796118653232633,-0.15178354,61371.69066423409,59476.48367216402,51678.68539927085
2025-06-25,288583.17307692306,291079.5673076923,283590.3846153846,285587.5,5466598,0.0,0.0,SK하이닉스,000660.KS,2.6929999799980786,265017.209375,235497.84375,203338.16458333333,85.22096476906572,0.026573768740257256,252829.9987930097,234110.44183337135,18719.556959638343,14547.169183030466,4172.387776607877,235497.84375,282946.52561112965,188049.16188887035,40.296489433253804,285587.5,201843.390625,45933.65625,406.07448730560174,3.5,2.783,2.71,4.19,1914605.2,4235818.7,2.9,116.38,116.38,2025-10-12 21:29:11,292577.40625,268612.03125,0.024475532892721145,-0.059440517354576096,0.026929999799980786,0.009826331787133059,-0.13447504468312405,-0.0784851,288393.7775292578,247183.10817655834,263173.1275752187
2025-06-25,301500.0,301500.0,295000.0,298000.0,185031,0.0,0.0,LG에너지솔루션,373220.KS,-0.8319467554076532,297700.0,291650.0,312558.3333333333,50.557373697458935,-0.008354267469857813,295474.88096293085,296850.8590517923,-1375.9780888614478,-3709.5950022645043,2333.6169134030565,291650.0,306282.69590586406,277017.30409413594,10.034422016707742,305000.0,272500.0,5500.0,-40.990099009900995,3.5,2.783,2.71,4.19,1914605.2,4235818.7,2.9,116.38,116.38,2025-10-12 21:29:11,297000.0,336500.0,-0.003355704697986577,0.12919463087248323,-0.008319467554076532,0.1192879833322405,0.12545042607179452,-0.0354902,333547.81903300766,335384.2269693948,287423.9159822464
2025-06-25,1000000.0,1010000.0,991000.0,1004000.0,57537,0.0,0.0,삼성바이오로직스,207940.KS,0.0,1003000.0,1020200.0,1033583.3333333334,44.50834889781117,0.0,1011426.7007730425,1020744.0298263076,-9317.329053265043,-7331.982418404653,-1985.3466348603897,1020200.0,1048895.1307074223,991504.8692925778,5.6253931988673225,1043000.0,992000.0,-39000.0,171.29878721132914,3.5,2.783,2.71,4.19,1914605.2,4235818.7,2.9,116.38,116.38,2025-10-12 21:29:11,999000.0,1064000.0,-0.0049800796812749,0.05976095617529881,0.0,-0.08661888105845568,0.03156696861298526,-2.0167253,917034.6434173104,1035693.2364874373,-1020792.2029495239
2025-06-25,204153.41179435482,218982.9574452765,203659.09360599078,214534.09375,1789517,0.0,0.0,현대차,005380.KS,5.339805750755966,205932.959375,195208.91015625,188107.28828125,69.34874984784298,0.05202118404376921,201775.09032368526,195918.60132562678,5856.488998058485,4397.678014616225,1458.8109834422603,195208.91015625,215407.73882489523,175010.08148760477,20.694576546201294,214534.09375,177414.53125,15818.1875,140.08066463518801,3.5,2.783,2.71,4.19,1914605.2,4235818.7,2.9,116.38,116.38,2025-10-12 21:29:11,207119.328125,219477.28125,-0.03456217841831958,0.023041500833710725,0.05339805750755966,0.006582901346655223,-0.016165841688797648,-0.057210796,215946.35052465033,211065.96955358784,202260.425968837
2025-06-25,69400.0,70700.0,67200.0,69400.0,6399440,0.0,0.0,카카오,035720.KS,-1.4204545454545414,66880.0,52390.0,43345.833333333336,82.93058748696525,-0.014306395651237858,59695.63880178272,52499.3721302989,7196.26667148382,5126.899364360584,2069.367307123236,52390.0,71903.84393868236,32876.15606131764,74.49453689132415,70400.0,40950.0,18000.0,242.04314679155985,3.5,2.783,2.71,4.19,1914605.2,4235818.7,2.9,116.38,116.38,2025-10-12 21:29:11,63100.0,55000.0,-0.09077809798270893,-0.207492795389049,-0.014204545454545414,-0.018819217417200662,-0.03957575725121176,1.5624998,68093.94631124628,66653.4424467659,177837.4834537506
2025-06-25,97500.0,104500.0,97000.0,101100.0,2778238,0.0,0.0,기아,000270.KS,4.334365325077405,98160.0,95000.0,91101.66666666667,64.52810842635421,0.04243060712970524,97230.09310002041,94981.05531331972,2249.03778670069,1998.9651542364718,250.07263246421826,95000.0,103229.59997748861,86770.40002251139,17.32547363681814,101100.0,88200.0,4200.0,294.5794116678518,3.5,2.783,2.71,4.19,1914605.2,4235818.7,2.9,116.38,116.38,2025-10-12 21:29:11,99100.0,106100.0,-0.019782393669634024,0.04945598417408507,0.04334365325077405,0.006969434143292481,-0.04406686134204466,0.339242,101804.60979188686,96644.84031831929,135397.36433029175
2025-06-25,213500.0,214000.0,210000.0,212500.0,178210,0.0,0.0,LG화학,051910.KS,0.7109004739336511,208700.0,203395.0,211638.33333333334,56.82179039915674,0.007083854888405042,207047.18071489446,205585.96172286145,1461.218992033013,33.41708238232866,1427.8019096506841,203395.0,218044.6595972394,188745.3404027606,14.405132473501709,212500.0,182900.0,4000.0,-32.7099637148375,3.5,2.783,2.71,4.19,1914605.2,4235818.7,2.9,116.38,116.38,2025-10-12 21:29:11,216000.0,291000.0,0.01647058823529412,0.36941176470588233,0.007109004739336511,0.026235764478327584,0.09897319167339894,-0.052684993,218075.0999516446,233531.80323059726,201304.43274974823
2025-06-25,282500.0,286500.0,276000.0,283500.0,2862461,0.0,0.0,NAVER,035420.KS,-2.409638554216864,277100.0,217770.0,199146.66666666666,83.38851130041189,-0.024391453124159124,247404.91458072345,223784.64954793832,23620.26503278513,13728.54605859891,9891.71897418622,217770.0,294086.7388688723,141453.2611311277,70.08930419146098,290500.0,183800.0,82500.0,145.16402674617385,3.5,2.783,2.71,4.19,1914605.2,4235818.7,2.9,116.38,116.38,2025-10-12 21:29:11,261000.0,231500.0,-0.07936507936507936,-0.18342151675485008,-0.02409638554216864,-0.04095264483283087,-0.07671382749867513,-0.11928067,271889.9251898924,261751.62990412558,249683.92270803452
2025-06-25,264818.6124768089,269281.84751855285,260355.37743506493,267298.1875,383736,0.0,0.0,POSCO홀딩스,005490.KS,2.4714811473946163,259561.921875,254776.34453125,253811.48541666666,60.73017061725416,0.02441434116812515,258074.97717745136,255060.93252486823,3014.0446525831358,2006.8931267231842,1007.1515258599516,254776.34453125,271196.811842985,238355.877219515,12.890103547051174,267298.1875,235063.71875,2975.46875,44.53211348051256,3.5,2.783,2.71,4.19,1914605.2,4235818.7,2.9,116.38,116.38,2025-10-12 21:29:11,265314.53125,332263.0625,-0.007421136179608401,0.2430427067523606,0.024714811473946163,0.0032651606654215226,-0.017889748825864606,-0.023683233,268170.95902776346,262516.2900640161,260967.69771414623
2025-06-26,60926.29401993355,60926.29401993355,59534.82890365448,59833.0,19402300,0.0,0.0,삼성전자,005930.KS,-1.7944518129648368,59534.828125,58262.630859375,56399.06171875,57.81429590679966,-0.01810747337402581,58969.855591212625,57969.95064048714,999.9049507254822,847.2832418986793,152.6217088268029,58262.630859375,61370.76491730596,55154.49680144404,10.669391382043415,60926.29296875,55559.21484375,695.734375,83.16473450153322,3.5,2.783,2.71,4.19,1914605.2,4235818.7,2.9,116.38,116.38,2025-10-12 21:29:11,60800.0,66000.0,0.016161649925626326,0.10307021209031805,-0.017944518129648368,0.0099257131624854,-0.016025243444112252,-0.15324023,60426.88519565099,58874.16160900843,50664.17888259888
2025-06-26,294075.2428007679,298069.4736028157,286586.0600469283,292577.40625,5894020,0.0,0.0,SK하이닉스,000660.KS,2.4475532892721086,274403.653125,240034.54453125,204775.64166666666,86.489682940178,0.024180806413317858,258944.98455562358,238441.32808645495,20503.656469168636,15738.4666402581,4765.189828910536,240034.54453125,291144.05309077265,188925.03597172734,42.585127619302924,292577.40625,204205.046875,57417.078125,418.460930065817,3.5,2.783,2.71,4.19,1914605.2,4235818.7,2.9,116.38,116.38,2025-10-12 21:29:11,283590.375,269111.28125,-0.030716764377632117,-0.08020484322685119,0.024475532892721086,-0.07532821321614659,-0.14882204124370774,-0.09128522,270538.07300977287,249035.43943008545,265869.4107994586
2025-06-26,299000.0,300500.0,294500.0,297000.0,162439,0.0,0.0,LG에너지솔루션,373220.KS,-0.3355704697986628,298900.0,292875.0,311566.6666666667,49.89926050396494,-0.003361347702704883,295709.5146609415,296861.90652943734,-1152.391868495848,-3198.154375510773,2045.7625070149252,292875.0,304563.3883000369,281186.6116999631,7.9818272642164025,305000.0,284500.0,-7000.0,-41.18811881188119,3.5,2.783,2.71,4.19,1914605.2,4235818.7,2.9,116.38,116.38,2025-10-12 21:29:11,288000.0,368000.0,-0.030303030303030304,0.23905723905723905,-0.003355704697986628,0.10805184799947205,0.12108321437646236,-0.04136756,329091.39885584323,332961.7146698093,284713.8433456421
2025-06-26,1007000.0,1010000.0,992000.0,999000.0,55487,0.0,0.0,삼성바이오로직스,207940.KS,-0.4980079681274896,1003000.0,1018850.0,1032583.3333333334,43.13680343616122,-0.004992521603120982,1009514.9006541129,1019133.3609502848,-9618.460296171834,-7789.27799395809,-1829.1823022137442,1018850.0,1048904.5118777659,988795.4881222341,5.899693159496663,1043000.0,992000.0,-30000.0,169.94769763358352,3.5,2.783,2.71,4.19,1914605.2,4235818.7,2.9,116.38,116.38,2025-10-12 21:29:11,996000.0,1088000.0,-0.003003003003003003,0.0890890890890891,-0.004980079681274896,-0.08223558321779346,0.03833055772486158,-2.0258574,916846.6523654243,1037292.2271671367,-1024831.591129303
2025-06-26,212062.51018048928,212556.8283860382,205636.37350835322,207119.328125,814616,0.0,0.0,현대차,005380.KS,-3.4562178418319545,206427.278125,196694.15,188104.94401041666,60.19881603401742,-0.035173579413472225,202597.28075465676,196748.28479224702,5848.995962409739,4687.941604174927,1161.0543582348118,196694.15,215718.03867045004,177670.26132954995,19.343624271947128,214534.09375,181315.90625,7909.09375,131.7829538692779,3.5,2.783,2.71,4.19,1914605.2,4235818.7,2.9,116.38,116.38,2025-10-12 21:29:11,202670.453125,215028.40625,-0.02147976743780778,0.03818609396138413,-0.034562178418319545,0.015253246169344193,-0.022227456785536795,-0.063248284,210278.5702233198,202515.59220965212,194019.38754765503
2025-06-26,67500.0,67600.0,61100.0,63100.0,12516562,0.0,0.0,카카오,035720.KS,-9.077809798270897,67420.0,53497.5,43704.166666666664,66.8377040156198,-0.09516609796559139,60219.38667843153,53284.60382435083,6934.782854080702,5488.476062304608,1446.3067917760945,53497.5,72790.5441514985,34204.4558485015,72.12689995419785,70400.0,41600.0,12600.0,210.99312049780156,3.5,2.783,2.71,4.19,1914605.2,4235818.7,2.9,116.38,116.38,2025-10-12 21:29:11,60900.0,54100.0,-0.03486529318541997,-0.14263074484944532,-0.09077809798270897,0.03093532143646811,-0.01786477548571483,1.6929693,65052.018782641135,61972.73266685139,169926.36423110962
2025-06-26,100700.0,102500.0,98700.0,99100.0,1157512,0.0,0.0,기아,000270.KS,-1.978239366963408,98340.0,95545.0,91121.66666666667,59.02746197036222,-0.01998068469048348,97517.77108463265,95286.1623271479,2231.608757484748,2045.4938748861273,186.11488259862062,95545.0,103309.01279860157,87780.98720139843,16.252054631014857,101100.0,88400.0,700.0,286.7736864123057,3.5,2.783,2.71,4.19,1914605.2,4235818.7,2.9,116.38,116.38,2025-10-12 21:29:11,97700.0,105000.0,-0.014127144298688193,0.05953582240161453,-0.01978239366963408,0.0056993071889352535,-0.029040120517043806,0.40683115,99664.80134242348,96222.12405676095,139416.9664978981
2025-06-26,213500.0,218000.0,211000.0,216000.0,313116,0.0,0.0,LG화학,051910.KS,1.6470588235294015,210700.0,205050.0,210771.66666666666,59.638518086918054,0.01633641931969338,208424.53752798762,206357.37196561246,2067.1655623751576,440.16677838089447,1626.9987839942632,205050.0,217219.59109286894,192880.40890713106,11.869876706041396,216000.0,193900.0,5500.0,-31.60165723484658,3.5,2.783,2.71,4.19,1914605.2,4235818.7,2.9,116.38,116.38,2025-10-12 21:29:11,209000.0,305000.0,-0.032407407407407406,0.41203703703703703,0.016470588235294015,0.044195647518653916,0.08898891172896786,-0.05764786,225546.25986402927,235221.60493345707,203548.0570793152
2025-06-26,270000.0,275000.0,254000.0,261000.0,4314779,0.0,0.0,NAVER,035420.KS,-7.936507936507942,278900.0,221630.0,200200.0,66.83472314316604,-0.08269171584511341,249496.46618368907,226541.34217401696,22955.124009672116,15573.861648813552,7381.262360858564,221630.0,298519.5886457065,144740.41135429352,69.38554225123538,290500.0,185500.0,62100.0,125.70656430600131,3.5,2.783,2.71,4.19,1914605.2,4235818.7,2.9,116.38,116.38,2025-10-12 21:29:11,257500.0,227000.0,-0.013409961685823755,-0.13026819923371646,-0.07936507936507942,0.012312002191875771,-0.06634350695922177,-0.10415365,264213.43257207953,243684.3446836431,233815.90175628662
2025-06-26,269777.7663551402,270273.68136682245,261843.1261682243,265314.53125,241117,0.0,0.0,POSCO홀딩스,005490.KS,-0.7421136179608379,261049.665625,256288.88515625,253317.40104166666,58.70001592222335,-0.007448809808895223,259188.75472707424,255820.45835635945,3368.2963707147865,2279.173775521505,1089.1225951932815,256288.88515625,270486.4459421329,242091.32437036713,11.07934179605733,267298.1875,242006.53125,1983.65625,43.45952098404706,3.5,2.783,2.71,4.19,1914605.2,4235818.7,2.9,116.38,116.38,2025-10-12 21:29:11,257875.8125,331271.25,-0.028037358960149306,0.2485982145013024,-0.007421136179608379,0.0051272672483972884,-0.013598925901371732,-0.030190995,266674.869756602,261706.5385989741,257304.41910247318
2025-06-27,60100.0,61600.0,60000.0,60800.0,17340470,367.0,0.0,삼성전자,005930.KS,1.6161649925626298,59867.375,58524.6701171875,56415.178385416664,60.899721785608776,0.01603244075805634,59251.41626948761,58179.58392637698,1071.8323431106255,892.1930621410686,179.63928096955692,58524.6701171875,61555.87119334257,55493.46904103243,10.358712215158196,60926.29296875,55757.9921875,2855.41796875,86.12497881926728,3.5,2.783,2.71,4.19,1914605.2,4235818.7,2.9,116.38,116.38,2025-10-12 21:29:11,59800.0,65900.0,-0.01644736842105263,0.08388157894736842,0.016161649925626298,0.00774607500222292,-0.018666295036081915,-0.15731016,61270.96136013515,59665.08926180622,51235.544204711914
2025-06-27,287584.6056338028,294075.2304137324,280594.7020246479,283590.375,5134863,0.0,0.0,SK하이닉스,000660.KS,-3.0716764377632155,279795.8625,243847.7859375,206191.25208333333,77.30136862677121,-0.031198412977855892,262736.58308552764,241785.70193190273,20950.881153624912,16780.949542931463,4169.931610693449,243847.7859375,296050.38619413145,191645.18568086857,42.81572625802832,292577.40625,204205.046875,48430.046875,402.53548783797737,3.5,2.783,2.71,4.19,1914605.2,4235818.7,2.9,116.38,116.38,2025-10-12 21:29:11,291578.84375,265616.34375,0.02816904046902156,-0.06338025840968686,-0.030716764377632155,-0.011911880306445534,-0.12027472407302461,-0.09275873,280212.28039694,249481.62089710942,257284.89618531615
2025-06-27,297500.0,297500.0,287000.0,288000.0,219699,0.0,0.0,LG에너지솔루션,373220.KS,-3.0303030303030276,295500.0,292825.0,310433.3333333333,44.308963573059685,-0.03077165866675366,294523.4354823351,296205.4690087383,-1682.0335264031892,-2894.9302056892566,1212.8966792860674,292825.0,304591.4778077302,281058.5221922698,8.036525438559005,305000.0,284500.0,-8000.0,-42.97029702970298,3.5,2.783,2.71,4.19,1914605.2,4235818.7,2.9,116.38,116.38,2025-10-12 21:29:11,297000.0,363500.0,0.03125,0.2621527777777778,-0.030303030303030276,0.13444024893065623,0.13076351862514451,-0.044809114,326718.791692029,325659.89336404164,275094.97833251953
2025-06-27,1004000.0,1005000.0,993000.0,996000.0,38057,0.0,0.0,삼성바이오로직스,207940.KS,-0.30030030030030463,999000.0,1017250.0,1031700.0,42.294652152625076,-0.0030075210639553284,1007435.6851688648,1017419.7786576711,-9984.093488806277,-8228.241092927727,-1755.85239587855,1017250.0,1048631.3555106283,985868.6444893717,6.16984133902744,1043000.0,992000.0,-23000.0,169.13704388693608,3.5,2.783,2.71,4.19,1914605.2,4235818.7,2.9,116.38,116.38,2025-10-12 21:29:11,992000.0,1066000.0,-0.004016064257028112,0.07028112449799197,-0.0030030030030030463,-0.0816819786364479,0.039319901568629634,-1.9964204,914644.7492780979,1035162.6219623551,-992434.7019195557
2025-06-27,208602.2712652439,208602.2712652439,200693.18041158537,202670.453125,764378,0.0,0.0,현대차,005380.KS,-2.1479767437807773,205438.640625,197761.87734375,188150.36953125,55.469774026036525,-0.02171381523949663,202608.5380424019,197186.9639280065,5421.574114395393,4834.668106219021,586.9060081763719,197761.87734375,215505.60625990576,180018.14842759425,17.944539316153012,214534.09375,181909.09375,5931.8125,126.80430992411766,3.5,2.783,2.71,4.19,1914605.2,4235818.7,2.9,116.38,116.38,2025-10-12 21:29:11,201187.5,214039.78125,-0.007317066213323985,0.056097610429615995,-0.021479767437807773,0.008391778170042457,-0.02658717614250614,-0.066210695,204371.21860924698,197282.0180888841,189251.50315646548
2025-06-27,63000.0,63500.0,58900.0,60900.0,7751588,0.0,0.0,카카오,035720.KS,-3.4865293185419977,66280.0,54457.5,44033.333333333336,62.29183357514164,-0.035487594831316145,60324.096420211295,53848.707244769284,6475.389175442011,5685.858684932088,789.5304905099229,54457.5,73181.17696120233,35733.823038797666,68.76436472920106,70400.0,41600.0,9400.0,200.15025417299705,3.5,2.783,2.71,4.19,1914605.2,4235818.7,2.9,116.38,116.38,2025-10-12 21:29:11,60000.0,55800.0,-0.014778325123152709,-0.08374384236453201,-0.03486529318541998,0.037212260077724164,-0.03447394086892568,1.0752171,63166.22663873341,58800.537001082426,126380.73034286499
2025-06-27,99700.0,99700.0,97400.0,97700.0,574885,0.0,0.0,기아,000270.KS,-1.4127144298688221,98140.0,95980.0,91161.66666666667,55.46333242265961,-0.014227882287205278,97545.80630238148,95464.96511772955,2080.8411846519302,2052.5633368392882,28.277847812641994,95980.0,103152.3445480398,88807.6554519602,14.945498120524677,101100.0,88400.0,500.0,281.3096787334235,3.5,2.783,2.71,4.19,1914605.2,4235818.7,2.9,116.38,116.38,2025-10-12 21:29:11,96900.0,104100.0,-0.008188331627430911,0.06550665301944729,-0.014127144298688221,0.005732897008529235,-0.03303818347599023,0.5031725,98260.10403773331,94472.16947439576,146859.95489358902
2025-06-27,217000.0,218000.0,208000.0,209000.0,227948,0.0,0.0,LG화학,051910.KS,-3.240740740740744,210200.0,205805.0,209938.33333333334,52.291278946601196,-0.03294415571935403,208513.07021598952,206553.12219038192,1959.9480256075913,744.1230278262339,1215.8249977813575,205805.0,216886.9863315135,194723.0136684865,10.76940436968344,216000.0,195300.0,500.0,-33.8182701948284,3.5,2.783,2.71,4.19,1914605.2,4235818.7,2.9,116.38,116.38,2025-10-12 21:29:11,211500.0,307000.0,0.011961722488038277,0.4688995215311005,-0.03240740740740744,0.0417256815775117,0.11691496261803178,-0.059554137,217720.66744969995,233435.2271871686,196553.18063497543
2025-06-27,263500.0,265000.0,252000.0,257500.0,2316733,0.0,0.0,NAVER,035420.KS,-1.3409961685823757,276500.0,225120.0,201246.66666666666,64.68364653607615,-0.013500687218902576,250727.77907850614,228834.57608705273,21893.202991453407,16837.729917341523,5055.473074111884,225120.0,301861.3317580604,148378.66824193962,68.17815543537702,290500.0,185500.0,57000.0,122.67984792641889,3.5,2.783,2.71,4.19,1914605.2,4235818.7,2.9,116.38,116.38,2025-10-12 21:29:11,262500.0,234500.0,0.019417475728155338,-0.08932038834951456,-0.013409961685823757,-0.04257520091476952,-0.0674707422650088,-0.077080466,246536.88576444684,240126.28386676023,237651.77428722382
2025-06-27,265810.4528846154,266802.2829326923,256388.0674278846,257875.8125,264091,0.0,0.0,POSCO홀딩스,005490.KS,-2.803735896014925,260553.75,256809.59609375,252838.39322916666,51.71797273699475,-0.02843791040453353,258986.76361521665,255972.70681144396,3014.0568037726916,2426.150381171742,587.9064226009496,256809.59609375,270394.6919944001,243224.50019309993,10.579897408265667,267298.1875,242006.53125,-3967.328125,39.437294897966254,3.5,2.783,2.71,4.19,1914605.2,4235818.7,2.9,116.38,116.38,2025-10-12 21:29:11,258867.640625,329783.5,0.003846146388777738,0.27884618880260437,-0.02803735896014925,0.010391632254991654,-0.015126730069567206,-0.03297185,260555.5631109572,253974.99469284219,249373.16757634282
2025-06-30,61200.0,61200.0,59800.0,59800.0,17110294,0.0,0.0,삼성전자,005930.KS,-1.6447368421052655,60298.09296875,58726.7705078125,56454.3845703125,56.31286043045793,-0.016584128015535295,59335.81376648951,58299.614746645355,1036.1990198441563,920.9942536816861,115.20476616247015,58726.7705078125,61510.13927377935,55943.40174184565,9.479045899847584,60926.29296875,55857.3828125,2948.7109375,83.06371272026615,3.5,2.783,2.71,4.19,1914605.2,4235818.7,2.9,116.38,116.38,2025-10-12 21:29:11,60200.0,70400.0,0.006688963210702341,0.17725752508361203,-0.016447368421052655,0.009648852857301885,-0.014513243334896387,-0.15724042,60377.00140086666,58932.1080485732,50397.024631500244
2025-06-30,288083.8918557363,294075.23796018836,285587.49764554796,291578.84375,4375298,0.0,0.0,SK하이닉스,000660.KS,2.816904046902158,286286.4875,247842.01640625,207882.87213541666,79.39664561295788,0.027779589768726503,267173.85395698494,245474.08280731735,21699.77114966759,17764.71386427869,3935.0572853889025,247842.01640625,301878.27121520706,193805.76159729296,43.60540282272685,292577.40625,204205.046875,43936.53125,416.69143033200476,3.5,2.783,2.71,4.19,1914605.2,4235818.7,2.9,116.38,116.38,2025-10-12 21:29:11,285088.21875,261622.109375,-0.022260274156121796,-0.10273973924076925,0.028169040469021578,-0.06641163466056739,-0.13481834792652664,-0.079721026,272214.61610412435,252268.66574529817,268333.8769581858
2025-06-30,290000.0,297500.0,290000.0,297000.0,209821,0.0,0.0,LG에너지솔루션,373220.KS,3.125,296100.0,293275.0,309808.3333333333,50.304678241463094,0.030771658666753687,294904.4454081297,296264.3231562392,-1359.8777481094585,-2587.919714173297,1228.0419660638386,293275.0,304952.57635271514,281597.42364728486,7.9635675408508355,305000.0,284500.0,4000.0,-41.18811881188119,3.5,2.783,2.71,4.19,1914605.2,4235818.7,2.9,116.38,116.38,2025-10-12 21:29:11,297500.0,380500.0,0.0016835016835016834,0.28114478114478114,0.03125,0.06514307371867016,0.11885784744464464,-0.047694013,316347.4928944451,332300.7806910595,282834.873855114
2025-06-30,1001000.0,1001000.0,992000.0,992000.0,44549,0.0,0.0,삼성바이오로직스,207940.KS,-0.40160642570281624,999000.0,1015550.0,1031333.3333333334,41.141347387939504,-0.004024150299725491,1005060.9643736548,1015536.8320904361,-10475.86771678133,-8677.766417698447,-1798.1012990828822,1015550.0,1048576.1459421122,982523.8540578878,6.5040905799049185,1043000.0,992000.0,-23000.0,168.05617222473956,3.5,2.783,2.71,4.19,1914605.2,4235818.7,2.9,116.38,116.38,2025-10-12 21:29:11,1003000.0,1067000.0,0.011088709677419355,0.07560483870967742,-0.004016064257028162,-0.06530505640814853,0.04043261564189923,-1.9942157,927217.3840431166,1032109.1547167641,-986262.0010375977
2025-06-30,202176.13636363635,204647.72727272726,201187.5,201187.5,492507,0.0,0.0,현대차,005380.KS,-0.7317066213323953,205834.09375,198379.775,188297.8734375,53.94843510235384,-0.007343967247067666,202389.9168051093,197483.29993333935,4906.6168717699475,4849.057859329207,57.559012440740844,198379.775,215668.66411834583,181090.88588165416,17.430092476257556,214534.09375,181909.09375,1977.265625,125.14476777093564,3.5,2.783,2.71,4.19,1914605.2,4235818.7,2.9,116.38,116.38,2025-10-12 21:29:11,207613.640625,216017.046875,0.03194105312208761,0.0737100807704256,-0.007317066213323953,0.003641104893474761,-0.026256088687178224,-0.05370626,201920.04479075596,195905.10315724832,190382.46611505747
2025-06-30,61200.0,62000.0,59500.0,60000.0,4067265,0.0,0.0,카카오,035720.KS,-1.4778325123152691,64760.0,55257.5,44381.666666666664,60.479621143968416,-0.014888612493750637,60274.23543248649,54304.35855997156,5969.8768725149275,5742.662322448657,227.21455006627093,55257.5,73459.85019528162,37055.149804718385,65.88191718873135,70400.0,41600.0,6800.0,195.71453613103156,3.5,2.783,2.71,4.19,1914605.2,4235818.7,2.9,116.38,116.38,2025-10-12 21:29:11,60100.0,55900.0,0.0016666666666666668,-0.06833333333333333,-0.014778325123152691,0.019053128592258047,-0.034334326560086496,0.62151057,61143.187715535474,57939.94040639481,97290.63034057617
2025-06-30,96900.0,98200.0,96600.0,96900.0,693015,0.0,0.0,기아,000270.KS,-0.8188331627430934,98340.0,96165.0,91238.33333333333,53.47628939834068,-0.008222040152016531,97446.45148663048,95571.26399789772,1875.1874887327576,2017.0881672179821,-141.9006784852245,96165.0,103225.42342550184,89104.57657449816,14.683977383667319,101100.0,88400.0,-600.0,278.18738863120507,3.5,2.783,2.71,4.19,1914605.2,4235818.7,2.9,116.38,116.38,2025-10-12 21:29:11,98700.0,105500.0,0.018575851393188854,0.08875128998968008,-0.008188331627430934,0.005001292222873315,-0.029934090195214452,0.434309,97384.62521639642,93999.38666008372,138984.54265594482
2025-06-30,211000.0,215500.0,210000.0,211500.0,173180,0.0,0.0,LG화학,051910.KS,1.1961722488038173,212000.0,206415.0,209380.0,54.44960062723617,0.011890746521521554,208972.59787506805,206919.55758368695,2053.0402913810976,1005.9064805372066,1047.133810843891,206415.0,217331.19270428663,195498.80729571337,10.576937436026093,216000.0,195300.0,6000.0,-33.02662270912061,3.5,2.783,2.71,4.19,1914605.2,4235818.7,2.9,116.38,116.38,2025-10-12 21:29:11,229000.0,313000.0,0.08274231678486997,0.4799054373522459,0.011961722488038173,0.026601076213409496,0.10951098678951719,-0.0590846,217126.1276191361,234661.57370598288,199003.6083161831
2025-06-30,257000.0,268000.0,255500.0,262500.0,2219752,0.0,0.0,NAVER,035420.KS,1.9417475728155331,271000.0,228780.0,202438.33333333334,66.3498475830529,0.019231361927887592,252538.88998950517,231328.31119171547,21210.578797789698,17712.29969343116,3498.2791043585385,228780.0,305310.1894335662,152249.81056643382,66.9028668883348,290500.0,185500.0,53000.0,127.00372846867944,3.5,2.783,2.71,4.19,1914605.2,4235818.7,2.9,116.38,116.38,2025-10-12 21:29:11,262000.0,235500.0,-0.0019047619047619048,-0.10285714285714286,0.01941747572815533,-0.07759269403050324,-0.0710385843509692,-0.053970434,242131.91781699288,243852.3716078706,248332.7552676201
2025-06-30,259363.5556453544,264818.6208692529,257875.8105842912,258867.640625,207861,0.0,0.0,POSCO홀딩스,005490.KS,0.38461463887777825,262041.49375,257131.940625,252596.76744791667,52.528743359083386,0.003838768878361911,258968.43700133718,256187.14635318884,2781.290648148337,2497.1784345670612,284.1122135812757,257131.940625,270583.8503138316,243680.03093616842,10.463040613417828,267298.1875,242006.53125,1983.65625,39.973591146199006,3.5,2.783,2.71,4.19,1914605.2,4235818.7,2.9,116.38,116.38,2025-10-12 21:29:11,273745.09375,320361.09375,0.05747127408076364,0.23754785641238352,0.0038461463887777825,0.0023440920787759106,-0.0167348520682545,-0.029148238,259474.45021084044,254535.52895388255,251322.10942219011
2025-07-01,60400.0,61100.0,60200.0,60200.0,13650991,0.0,0.0,삼성전자,005930.KS,0.6688963210702337,60311.85859375,58943.9013671875,56483.69231770833,57.68573781793202,0.006666691358189297,59468.76549472189,58440.38402467163,1028.3814700502626,942.4716969554015,85.90977309486107,58943.9013671875,61448.340634347594,56439.462100027406,8.497704458206254,60926.29296875,56453.7265625,2454.19921875,84.28821915986661,3.5,2.783,2.71,4.19,1914605.2,4235818.7,2.9,116.38,116.38,2025-10-12 21:29:11,60800.0,70600.0,0.009966777408637873,0.17275747508305647,0.006688963210702337,0.005265555016639669,-0.020551375959875353,-0.15987368,60516.98641200171,58962.807167215506,50575.605404376984
2025-07-01,290580.2860113836,294075.23790499126,285088.21875,285088.21875,3687981,0.0,0.0,SK하이닉스,000660.KS,-2.226027415612175,287684.46875,251886.175,209361.65572916667,73.46304441024152,-0.022511773359914042,269929.91007898725,248408.46324751608,21521.44683147117,18516.060457717187,3005.386373753983,251886.175,304252.48611693736,199519.8638830626,41.57934520776092,292577.40625,207200.71875,36447.359375,405.18973743869566,3.5,2.783,2.71,4.19,1914605.2,4235818.7,2.9,116.38,116.38,2025-10-12 21:29:11,278597.59375,262121.390625,-0.022767075498450424,-0.08056042521048583,-0.02226027415612175,-0.036218603105605124,-0.12883135036456217,-0.07421039,274762.7217050098,248359.91855540982,263931.7064761296
2025-07-01,296500.0,300000.0,292500.0,297500.0,226370,0.0,0.0,LG에너지솔루션,373220.KS,0.16835016835017313,295500.0,293850.0,309300.0,50.62272789593903,0.00168208618298488,295303.7614991867,296355.8547742955,-1052.0932751088403,-2280.754426360406,1228.6611512515656,293850.0,305145.5510571206,282554.4489428794,7.687970772244758,305000.0,284500.0,3500.0,-41.08910891089109,3.5,2.783,2.71,4.19,1914605.2,4235818.7,2.9,116.38,116.38,2025-10-12 21:29:11,302500.0,392000.0,0.01680672268907563,0.3176470588235294,0.0016835016835017313,0.10273902767059655,0.12045136790032135,-0.039461054,328064.8607320025,333334.2819503456,285760.3298127651
2025-07-01,994000.0,1003000.0,994000.0,1003000.0,55763,0.0,0.0,삼성바이오로직스,207940.KS,1.1088709677419262,998800.0,1014100.0,1030416.6666666666,45.53938132821638,0.011027680677062645,1004743.892931554,1014608.177861515,-9864.284929960966,-8915.070120150951,-949.2148098100151,1014100.0,1046627.8827760884,981572.1172239116,6.41512331645566,1043000.0,992000.0,-7000.0,171.02856929578002,3.5,2.783,2.71,4.19,1914605.2,4235818.7,2.9,116.38,116.38,2025-10-12 21:29:11,1009000.0,1088000.0,0.005982053838484547,0.0847457627118644,0.011088709677419262,-0.07385427764509525,0.03634757240190559,-1.9622698,928924.1595219695,1039456.6151191113,-965156.5923690796
2025-07-01,201681.82232142857,212062.50435267857,201187.5041294643,207613.640625,1059697,0.0,0.0,현대차,005380.KS,3.1941053122087615,206625.003125,199600.74140625,188529.721875,59.17379360507025,0.03144154636027036,203193.566623554,198233.69554012903,4959.87108342498,4871.220504148361,88.65057927661837,199600.74140625,215788.1493567039,183413.33345579606,16.219787397991155,214534.09375,181909.09375,4943.1875,132.3361287584672,3.5,2.783,2.71,4.19,1914605.2,4235818.7,2.9,116.38,116.38,2025-10-12 21:29:11,211073.859375,215522.734375,0.016666625273673536,0.03809525099695024,0.031941053122087615,0.0012312587342469645,-0.0310305889269158,-0.045603905,207869.26673336833,201171.2670871452,198145.64249362517
2025-07-01,59900.0,63400.0,59300.0,60100.0,4862065,0.0,0.0,카카오,035720.KS,0.16666666666667052,62700.0,56127.5,44680.0,60.616719438973995,0.0016652793190612488,60247.42998133472,54733.665333307,5513.764648027718,5696.882787564469,-183.1181395367512,56127.5,73444.46688526464,38810.53311473536,61.705819376471936,70400.0,41600.0,8300.0,196.20739369125,3.5,2.783,2.71,4.19,1914605.2,4235818.7,2.9,116.38,116.38,2025-10-12 21:29:11,58700.0,56000.0,-0.02329450915141431,-0.06821963394342762,0.0016666666666667052,0.0198948212561884,-0.040361186219595516,0.39004585,61295.67875749693,57674.29270820231,83541.75746440887
2025-07-01,97000.0,100500.0,97000.0,98700.0,1019849,0.0,0.0,기아,000270.KS,1.8575851393188847,98700.0,96630.0,91330.0,57.1924059907431,0.018405427542715343,97639.30510407194,95803.02222027567,1836.2828837962734,1980.9271105336406,-144.64422673736726,96630.0,103006.30482002714,90253.69517997286,13.197360695492383,101100.0,88400.0,-900.0,285.2125413611965,3.5,2.783,2.71,4.19,1914605.2,4235818.7,2.9,116.38,116.38,2025-10-12 21:29:11,100000.0,105700.0,0.013171225937183385,0.07092198581560284,0.018575851393188847,0.00025268264712917805,-0.03699989896703328,0.38189167,98724.93977727165,95048.10997195382,136392.7134990692
2025-07-01,213000.0,236000.0,212000.0,229000.0,810916,0.0,0.0,LG화학,051910.KS,8.274231678486998,215600.0,208000.0,209130.0,66.03344320178405,0.079497005067907,212053.7366635191,208555.14591082127,3498.590752697841,1504.4433349693336,1994.1474177285072,208000.0,222088.29301225807,193911.70698774193,13.546435588709684,229000.0,195300.0,22000.0,-27.48509030916605,3.5,2.783,2.71,4.19,1914605.2,4235818.7,2.9,116.38,116.38,2025-10-12 21:29:11,240000.0,308000.0,0.048034934497816595,0.34497816593886466,0.08274231678486998,0.042685185547390196,0.09166942758562863,-0.055654306,238774.90749035234,249992.29891710897,216255.16819953918
2025-07-01,264000.0,269000.0,260000.0,262000.0,1791173,0.0,0.0,NAVER,035420.KS,-0.19047619047618536,265300.0,232505.0,203526.66666666666,66.01443823421636,-0.0019065782705815315,253994.44537573514,233600.2881404773,20394.15723525785,18248.671201796496,2145.486033461355,232505.0,307817.89048818196,157192.109511818,64.78388893845893,290500.0,185500.0,55500.0,126.57134041445342,3.5,2.783,2.71,4.19,1914605.2,4235818.7,2.9,116.38,116.38,2025-10-12 21:29:11,252000.0,233000.0,-0.03816793893129771,-0.11068702290076336,-0.0019047619047618536,-0.06275602141103358,-0.0656112422800494,-0.046885565,245557.92239030922,244809.85452262705,249715.9858942032
2025-07-01,261843.13315217392,281679.7341485507,260851.30310235507,273745.09375,651594,0.0,0.0,POSCO홀딩스,005490.KS,5.747127408076369,264620.253125,258421.31953125,252586.73984375,62.65817175187393,0.05588046757952656,261241.76880882378,257487.73504924893,3754.0337595748424,2748.5494995686176,1005.4842600062248,258421.31953125,273061.6224200474,243781.01664245257,11.33056894481728,273745.09375,242006.53125,18348.859375,48.018051767030954,3.5,2.783,2.71,4.19,1914605.2,4235818.7,2.9,116.38,116.38,2025-10-12 21:29:11,285647.0625,313914.21875,0.04347829064972968,0.146739159594527,0.05747127408076369,0.012543640814579954,-0.01421780813316931,-0.024615245,277178.85388075357,269853.0385296661,267006.7958052512
2025-07-02,60200.0,60900.0,59800.0,60800.0,15047951,0.0,0.0,삼성전자,005930.KS,0.9966777408637828,60286.6,59161.2150390625,56523.00006510417,59.72999605509144,0.009917436657345924,59673.57080322622,58615.17039321447,1058.4004100117527,965.6574395666718,92.74297044508091,59161.2150390625,61504.970601173445,56817.45947695156,7.923284065627881,60926.29296875,56851.2890625,1364.5625,86.12497881926728,3.5,2.783,2.71,4.19,1914605.2,4235818.7,2.9,116.38,116.38,2025-10-12 21:29:11,63800.0,72600.0,0.049342105263157895,0.19407894736842105,0.009966777408637828,0.00604653113600562,-0.022783810831379203,-0.15910399,61167.62909306914,59414.74430145215,51126.47743225098
2025-07-02,283091.1033266129,283091.1033266129,274104.0841733871,278597.59375,4702056,0.0,0.0,SK하이닉스,000660.KS,-2.2767075498450473,286286.4875,255456.01875,210717.31067708333,67.99096853501362,-0.023030247471142327,271263.39987452765,250644.69513658897,20618.70473793868,18936.589313761484,1682.1154241771947,255456.01875,304633.3119020217,206278.72559797825,38.50157329833649,292577.40625,217186.296875,32453.125,393.6880445453865,3.5,2.783,2.71,4.19,1914605.2,4235818.7,2.9,116.38,116.38,2025-10-12 21:29:11,278098.3125,263119.9375,-0.0017921233391844397,-0.0555555991768145,-0.022767075498450473,-0.011970386562796814,-0.12278410439962117,-0.07282792,275262.67285734747,244390.23771351675,258307.90624025837
2025-07-02,295500.0,303000.0,291500.0,302500.0,292735,0.0,0.0,LG에너지솔루션,373220.KS,1.680672268907557,296400.0,294750.0,308858.3333333333,53.80652057940719,0.016667052485211643,296410.87511469645,296810.9766428662,-400.1015281697619,-1904.6238467222772,1504.5223185525153,294750.0,305773.8974863377,283726.1025136623,7.480167929660861,305000.0,285000.0,10500.0,-40.099009900990104,3.5,2.783,2.71,4.19,1914605.2,4235818.7,2.9,116.38,116.38,2025-10-12 21:29:11,318500.0,393000.0,0.05289256198347107,0.2991735537190083,0.01680672268907557,0.13062571453138788,0.1189678818718457,-0.04275391,342014.27864574484,338487.7842662334,289566.9347047806
2025-07-02,999000.0,1025000.0,994000.0,1009000.0,74222,0.0,0.0,삼성바이오로직스,207940.KS,0.5982053838484491,999800.0,1013000.0,1029733.3333333334,47.82929047732041,0.005964232391673371,1005398.6786343919,1014192.7572791805,-8794.078644788591,-8890.87182507848,96.79318028988928,1013000.0,1044596.135673115,981403.864326885,6.238131426083915,1043000.0,992000.0,5000.0,172.64987678907482,3.5,2.783,2.71,4.19,1914605.2,4235818.7,2.9,116.38,116.38,2025-10-12 21:29:11,1044000.0,1098000.0,0.03468780971258672,0.08820614469772052,0.005982053838484491,-0.07527546916605554,0.028183010937768954,-2.1412988,933047.0516114499,1037436.658036209,-1151570.459842682
2025-07-02,212556.81389051522,215522.72292154568,207613.63217213115,211073.859375,1058819,0.0,0.0,현대차,005380.KS,1.6666625273673574,205932.95625,201058.9796875,188856.62864583332,61.6942200198849,0.0165292612367903,204405.9193545457,199184.81878715652,5221.100567389192,4941.196516796528,279.90405059266413,201058.9796875,215718.3521029271,186399.60727207287,14.58216135206868,214534.09375,183886.359375,7414.765625,136.20838795402054,3.5,2.783,2.71,4.19,1914605.2,4235818.7,2.9,116.38,116.38,2025-10-12 21:29:11,212062.5,220465.90625,0.004683861032945592,0.04449649474743253,0.016666625273673574,-0.0023792497163127664,-0.029344151312318968,-0.044386636,210571.661954961,204880.07610742486,201705.00307042524
2025-07-02,61000.0,61300.0,58100.0,58700.0,2974555,0.0,0.0,카카오,035720.KS,-2.329450915141429,60560.0,56905.0,44976.666666666664,57.60388380474342,-0.02357011470711111,60009.36383036015,55027.467901210184,4981.895929149963,5553.885415881568,-571.9894867316052,56905.0,73130.5775989991,40679.42240100091,57.026896051310395,70400.0,41600.0,3500.0,189.30738784819258,3.5,2.783,2.71,4.19,1914605.2,4235818.7,2.9,116.38,116.38,2025-10-12 21:29:11,59500.0,56300.0,0.013628620102214651,-0.04088586030664395,-0.02329450915141429,0.06116745864102773,-0.022359048320021103,0.2857375,62290.52982222833,57387.52386361476,75472.79210090637
2025-07-02,100200.0,100700.0,98750.0,100000.0,1023366,0.0,0.0,기아,000270.KS,1.317122593718345,98480.0,97210.0,91461.66666666667,59.69629724720833,0.013085239548655534,98002.48893421472,96113.90946321821,1888.579470996512,1962.457582626215,-73.87811162970297,97210.0,102441.84580490694,91978.15419509306,10.764007416740963,101100.0,89600.0,1100.0,290.28626277730143,3.5,2.783,2.71,4.19,1914605.2,4235818.7,2.9,116.38,116.38,2025-10-12 21:29:11,100100.0,110400.0,0.001,0.104,0.01317122593718345,0.00335211805350945,-0.0404801472506186,0.36489722,100335.21180535095,95951.98527493814,136489.72511291504
2025-07-02,227000.0,241500.0,226500.0,240000.0,627281,0.0,0.0,LG화학,051910.KS,4.8034934497816595,221100.0,210235.0,209255.0,71.0219339933132,0.04691691978775166,216353.1617922085,210884.39436187156,5468.767430336942,2297.308154042855,3171.459276294087,210235.0,229184.15912588756,191285.84087411244,18.026645540359652,240000.0,198700.0,32500.0,-24.001841372051757,3.5,2.783,2.71,4.19,1914605.2,4235818.7,2.9,116.38,116.38,2025-10-12 21:29:11,257000.0,306000.0,0.07083333333333333,0.275,0.048034934497816595,0.03768447052568842,0.05929798360211867,-0.056319393,249044.27292616523,254231.51606450847,226483.3402633667
2025-07-02,263000.0,263500.0,250000.0,252000.0,1870730,0.0,0.0,NAVER,035420.KS,-3.8167938931297662,259000.0,235780.0,204466.66666666666,59.53251150467105,-0.0389154162496735,253687.60762562204,234963.22975970118,18724.377865920862,18343.81253462137,380.56533129949094,235780.0,308314.9019438276,163245.09805617243,61.52761213319838,290500.0,185500.0,8500.0,117.9235793299323,3.5,2.783,2.71,4.19,1914605.2,4235818.7,2.9,116.38,116.38,2025-10-12 21:29:11,253000.0,234000.0,0.003968253968253968,-0.07142857142857142,-0.03816793893129766,0.00064574399205497,-0.06702901730489032,-0.045948464,252162.72748599784,235108.68763916765,240420.99165916443
2025-07-02,276224.6767578125,286638.892578125,271761.44140625,285647.0625,588727,0.0,0.0,POSCO홀딩스,005490.KS,4.3478290649729745,268290.028125,260603.34609375,252897.77317708332,68.45690817804251,0.04255964295811986,264996.42937669705,259573.61115671197,5422.818219985085,3283.4032436519115,2139.414976333174,260603.34609375,277738.58976042655,243468.10242707346,13.150440256060467,285647.0625,243494.28125,28763.078125,54.45362364316466,3.5,2.783,2.71,4.19,1914605.2,4235818.7,2.9,116.38,116.38,2025-10-12 21:29:11,309450.96875,310442.8125,0.08333327863296336,0.08680554871800931,0.043478290649729745,0.009323148368493794,-0.0007535213740195834,-0.024618855,288310.19244471187,285431.82133298035,278614.7562993318
2025-07-03,61300.0,63800.0,61100.0,63800.0,32040639,0.0,0.0,삼성전자,005930.KS,4.9342105263157965,61080.0,59478.83359375,56632.1859375,68.04317753474423,0.04816340137862294,60308.40606426834,58999.23184556895,1309.174218699387,1034.3607953932149,274.8134233061721,59478.83359375,62475.56762983941,56482.09955766059,10.076640226530278,63800.0,56851.2890625,4960.90625,95.30877711627059,3.5,2.783,2.71,4.19,1914605.2,4235818.7,2.9,116.38,116.38,2025-10-12 21:29:11,63300.0,71400.0,-0.007836990595611285,0.11912225705329153,0.049342105263157965,0.012997058865782389,-0.02251029935971206,-0.15882589,64629.21235563692,62363.84290085037,53666.90921783447
2025-07-03,280594.7066876122,283590.3797127469,276600.4759874327,278098.3125,3642140,0.0,0.0,SK하이닉스,000660.KS,-0.1792123339184437,283390.66875,258501.61953125,212119.46588541666,67.57399718103673,-0.00179373111338946,272314.9248938311,252678.29642276757,19636.62847106351,19076.59714522189,560.0313258416172,258501.61953125,305180.8551716252,211822.3838908748,36.11523651187972,292577.40625,224176.203125,32453.125,392.8032946784804,3.5,2.783,2.71,4.19,1914605.2,4235818.7,2.9,116.38,116.38,2025-10-12 21:29:11,270109.84375,273105.53125,-0.028725340611335064,-0.017953295743209516,-0.0017921233391844371,-0.029631171818761577,-0.14724825734531016,-0.06010614,269857.93361980485,237148.8206137035,261382.89131800085
2025-07-03,304500.0,325000.0,303000.0,318500.0,640510,0.0,0.0,LG에너지솔루션,373220.KS,5.289256198347103,300700.0,296250.0,308916.6666666667,62.204779061674486,0.051541197541321845,299809.2020201278,298417.57096561685,1391.6310545109445,-1245.372866475633,2637.003920986577,296250.0,311169.0799772718,281330.9200227282,10.071952727272093,318500.0,285000.0,27500.0,-36.93069306930693,3.5,2.783,2.71,4.19,1914605.2,4235818.7,2.9,116.38,116.38,2025-10-12 21:29:11,310500.0,382500.0,-0.02511773940345369,0.20094191522762953,0.05289256198347103,0.07261192515169843,0.12307614142151918,-0.04042654,341626.89816081594,357699.75104275387,305624.1430938244
2025-07-03,1015000.0,1053000.0,1002000.0,1044000.0,125757,0.0,0.0,삼성바이오로직스,207940.KS,3.468780971258667,1008800.0,1013500.0,1028583.3333333334,58.73033478494983,0.03409974808897503,1011337.3434598701,1016400.7011844264,-5063.35772455635,-8125.369004974054,3062.0112804177043,1013500.0,1046767.6545927944,980232.3454072056,6.5649047050408225,1044000.0,992000.0,45000.0,182.1075038332945,3.5,2.783,2.71,4.19,1914605.2,4235818.7,2.9,116.38,116.38,2025-10-12 21:29:11,1038000.0,1067000.0,-0.005747126436781609,0.022030651340996167,0.03468780971258667,-0.07565315133870881,0.010420532706249368,-2.2631533,965018.1100023879,1054879.0361453244,-1318732.060432434
2025-07-03,212556.81818181818,214534.0909090909,209096.5909090909,212062.5,562758,0.0,0.0,현대차,005380.KS,0.4683861032945602,206921.590625,202467.78671875,189240.65208333332,62.408299491919834,0.00467292588836138,205583.85483846176,200138.721099219,5445.133739242767,5041.983961285776,403.1497779569909,202467.78671875,215504.13690228394,189431.43653521605,12.877456107763813,214534.09375,187445.453125,7414.765625,137.31475521801326,3.5,2.783,2.71,4.19,1914605.2,4235818.7,2.9,116.38,116.38,2025-10-12 21:29:11,208107.953125,210579.546875,-0.01864802534630121,-0.0069930002947244324,0.004683861032945602,0.004623321703222875,-0.03525716670619243,-0.0500202,213042.93315868967,204585.77708536808,201455.08754253387
2025-07-03,59200.0,61400.0,58800.0,59500.0,3330017,0.0,0.0,카카오,035720.KS,1.3628620102214661,59840.0,57800.0,45254.166666666664,58.86214636381178,0.013536585717533323,59931.00016415089,55358.76657519462,4572.233588956275,5357.5550504965095,-785.3214615402348,57800.0,72360.21977856405,43239.780221435954,50.38138331683061,70400.0,44300.0,-900.0,193.25024832993964,3.5,2.783,2.71,4.19,1914605.2,4235818.7,2.9,116.38,116.38,2025-10-12 21:29:11,58400.0,58000.0,-0.018487394957983194,-0.025210084033613446,0.013628620102214661,0.0255074057196834,-0.03603976500509336,0.22461326,61017.69064032116,57355.633982196945,72864.49187994003
2025-07-03,100400.0,101500.0,99300.0,100100.0,774595,0.0,0.0,기아,000270.KS,0.09999999999998899,98680.0,97735.0,91616.66666666667,59.89064594875847,0.0009995003330834232,98325.18294433554,96409.17542890576,1916.007515429781,1953.1675691869282,-37.160053757147125,97735.0,101707.15306855194,93762.84693144806,8.12841473075549,101100.0,93100.0,1900.0,290.6765490400788,3.5,2.783,2.71,4.19,1914605.2,4235818.7,2.9,116.38,116.38,2025-10-12 21:29:11,99100.0,102300.0,-0.00999000999000999,0.02197802197802198,0.0009999999999998899,0.002334463078999135,-0.04296528034013758,0.41504753,100333.67975420783,95799.17543795223,141646.25738859177
2025-07-03,248000.0,262500.0,246500.0,257000.0,1201428,0.0,0.0,LG화학,051910.KS,7.08333333333333,229300.0,213150.0,209821.66666666666,76.71382659710433,0.06843716155322847,222606.5215164841,214300.36514988105,8306.156366603042,3499.0777965548923,4807.078570048149,213150.0,240639.90245238043,185660.09754761957,25.793950225081332,257000.0,201500.0,51000.0,-18.618638469238757,3.5,2.783,2.71,4.19,1914605.2,4235818.7,2.9,116.38,116.38,2025-10-12 21:29:11,264500.0,301500.0,0.029182879377431907,0.17315175097276264,0.0708333333333333,0.0005141681565189502,-0.001122702331998522,-0.06771618,257132.1412162254,256711.4655006764,239596.9414114952
2025-07-03,250500.0,260000.0,249500.0,253000.0,1207730,0.0,0.0,NAVER,035420.KS,0.3968253968253954,257400.0,239155.0,205373.33333333334,59.9559476133284,0.003960401216096914,253581.8218370648,236299.28681453812,17282.53502252669,18131.557032202436,-849.0220096757475,239155.0,308028.44534495776,170281.55465504222,57.59732838114008,290500.0,191200.0,1000.0,118.7883554383844,3.5,2.783,2.71,4.19,1914605.2,4235818.7,2.9,116.38,116.38,2025-10-12 21:29:11,249000.0,235000.0,-0.015810276679841896,-0.07114624505928854,0.003968253968253954,-0.012716140559072723,-0.06693340510529773,-0.03356479,249782.81643855458,236065.84850835966,244508.10408592224
2025-07-03,291598.0282451923,315897.8639322916,288622.5381610577,309450.96875,1420531,0.0,0.0,POSCO홀딩스,005490.KS,8.333327863296347,277117.315625,263901.18046875,253621.89765625,76.36275993658242,0.08004265718088605,271835.58928028215,263268.23023769626,8567.359042585886,4340.194403438707,4227.164639147179,263901.18046875,290141.10441658564,237661.2565209144,19.886173984691844,309450.96875,251428.921875,51575.15625,67.32475049809136,3.5,2.783,2.71,4.19,1914605.2,4235818.7,2.9,116.38,116.38,2025-10-12 21:29:11,313914.21875,305979.5625,0.014423124988197342,-0.01121795244016343,0.08333327863296347,0.007208594584502452,0.002391982982900148,-0.034086306,311681.67532750027,310191.17020129197,298902.9342100639
2025-07-04,64700.0,64700.0,63000.0,63300.0,23748959,0.0,0.0,삼성전자,005930.KS,-0.7836990595611271,61580.0,59706.8484375,56757.886067708336,65.6120775976184,-0.007867861200613679,60768.65128515013,59317.8072644157,1450.844020734432,1117.6574404614585,333.1865802729735,59706.8484375,63130.36322633554,56283.333648664455,11.467745755896706,63800.0,56851.2890625,4162.734375,93.77814406677003,3.5,2.783,2.71,4.19,1914605.2,4235818.7,2.9,116.38,116.38,2025-10-12 21:29:11,61700.0,68900.0,-0.02527646129541864,0.08846761453396525,-0.00783699059561127,0.011241755888913409,-0.01975953557311168,-0.15576449,64011.603147768226,62049.22139822203,53440.10964632034
2025-07-04,279096.86258086876,281093.97787661734,268612.00727818854,270109.84375,3654933,0.0,0.0,SK하이닉스,000660.KS,-2.8725340611335026,280694.5625,260798.3015625,213594.4765625,61.1157978546499,-0.0291459882906247,271975.68164093397,253969.52215071072,18006.159490223246,18862.509614222163,-856.3501239989164,260798.3015625,304810.3552484309,216786.2478765691,33.751794718174935,292577.40625,228669.703125,13480.515625,378.6473521844529,3.5,2.783,2.71,4.19,1914605.2,4235818.7,2.9,116.38,116.38,2025-10-12 21:29:11,270609.125,257627.890625,0.0018484378172537446,-0.04621065619716053,-0.028725340611335026,-0.002883303916184808,-0.13824005773578696,-0.05126995,269331.03497971554,232769.8433549956,256261.32597631775
2025-07-04,313000.0,314500.0,307000.0,310500.0,237717,0.0,0.0,LG에너지솔루션,373220.KS,-2.5117739403453743,305200.0,297225.0,308608.3333333333,56.658190525513135,-0.025438573638684635,301453.9401708774,299312.56570890447,2141.3744619729114,-568.023400785924,2709.3978627588353,297225.0,313210.108201396,281239.891798604,10.756233965107922,318500.0,285000.0,5500.0,-38.51485148514852,3.5,2.783,2.71,4.19,1914605.2,4235818.7,2.9,116.38,116.38,2025-10-12 21:29:11,315000.0,373000.0,0.014492753623188406,0.20128824476650564,-0.025117739403453743,0.14495092130314394,0.12483301230460704,-0.03500786,355507.26106462616,349260.6503205805,299630.06740808487
2025-07-04,1053000.0,1056000.0,1030000.0,1038000.0,80722,0.0,0.0,삼성바이오로직스,207940.KS,-0.5747126436781658,1017200.0,1014450.0,1028066.6666666666,56.54894266427131,-0.0057637047167501294,1015439.29061989,1018000.6492448393,-2561.358624949353,-7012.566928969114,4451.208304019761,1014450.0,1049420.5138953587,979479.4861046412,6.894477578068652,1044000.0,992000.0,22000.0,180.48619633999965,3.5,2.783,2.71,4.19,1914605.2,4235818.7,2.9,116.38,116.38,2025-10-12 21:29:11,1029000.0,1034000.0,-0.008670520231213872,-0.0038535645472061657,-0.005747126436781658,-0.09624830134569999,0.02772497756454242,-2.6834998,938094.2632031634,1066778.526711995,-1747472.8059768677
2025-07-04,212062.49855255344,214039.77126633018,207613.63494655583,208107.953125,415693,0.0,0.0,현대차,005380.KS,-1.8648025346301167,208009.090625,203500.91171875,189591.27760416668,57.76931999787417,-0.018824092071201375,205972.17765177536,200729.03458261018,5243.143069165177,5082.215782861656,160.9272863035203,203500.91171875,214665.1360577759,192336.68737972408,10.972161495232525,214534.09375,194761.359375,494.3125,132.88930364765648,3.5,2.783,2.71,4.19,1914605.2,4235818.7,2.9,116.38,116.38,2025-10-12 21:29:11,206130.6875,207613.640625,-0.009501153585477609,-0.0023752696260632158,-0.018648025346301167,-0.0011649094825906946,-0.03797294505686761,-0.052669283,207865.52619700215,200205.4812550872,197147.0556715019
2025-07-04,60000.0,60400.0,58300.0,58400.0,2125150,0.0,0.0,카카오,035720.KS,-1.8487394957983239,59340.0,58505.0,45530.0,56.38421036849488,-0.018660422717402748,59695.46167735845,55584.04312518021,4111.418552178242,5108.3277508328565,-996.9091986546146,58505.0,71605.17677663299,45404.823223367006,44.78310153536618,70400.0,50000.0,-8200.0,187.8288151675374,3.5,2.783,2.71,4.19,1914605.2,4235818.7,2.9,116.38,116.38,2025-10-12 21:29:11,60100.0,55500.0,0.02910958904109589,-0.04965753424657534,-0.01848739495798324,0.035569039528455526,-0.010421425956562636,0.09573394,60477.23190846181,57791.38872413674,63990.85865020752
2025-07-04,100500.0,101500.0,99100.0,99100.0,470300,0.0,0.0,기아,000270.KS,-0.9990009990009985,98960.0,98035.0,91773.33333333333,56.934040418004585,-0.01004024498523259,98444.38556828392,96608.49576750533,1835.8898007785901,1929.7120155052605,-93.82221472667038,98035.0,101391.86257028733,94678.13742971267,6.848294120033305,101100.0,94500.0,400.0,286.7736864123057,3.5,2.783,2.71,4.19,1914605.2,4235818.7,2.9,116.38,116.38,2025-10-12 21:29:11,98600.0,100800.0,-0.005045408678102927,0.017154389505549948,-0.009990009990009985,0.0027873141500543023,-0.03713449968660915,0.44471085,99376.22283227037,95419.97108105703,143170.84530591965
2025-07-04,251000.0,268500.0,245000.0,264500.0,706352,0.0,0.0,LG화학,051910.KS,2.9182879377431803,240400.0,216300.0,210405.0,78.70145109388197,0.028765166403134174,229051.67205240962,218018.85662026022,11032.815432149393,5005.825323673793,6026.9901084756,216300.0,251520.20950951386,181079.79049048614,32.566074442453875,264500.0,201500.0,53000.0,-16.24369601211537,3.5,2.783,2.71,4.19,1914605.2,4235818.7,2.9,116.38,116.38,2025-10-12 21:29:11,258500.0,290000.0,-0.022684310018903593,0.09640831758034027,0.029182879377431803,-0.01004983984183704,0.00693088305760918,-0.071163535,261841.8173618341,266333.2185687376,245677.24496126175
2025-07-04,252500.0,254500.0,247500.0,249000.0,874760,0.0,0.0,NAVER,035420.KS,-1.5810276679841917,255700.0,242045.0,206226.66666666666,57.37004877098531,-0.01593659226281264,252876.92616982406,237240.08038383158,15636.845785992482,17632.614782960445,-1995.7689969679632,242045.0,307195.94942153175,176894.05057846822,53.833749444551025,290500.0,198500.0,-20500.0,115.32925100457594,3.5,2.783,2.71,4.19,1914605.2,4235818.7,2.9,116.38,116.38,2025-10-12 21:29:11,256000.0,225000.0,0.028112449799196786,-0.0963855421686747,-0.015810276679841917,-0.006223664460196718,-0.06421231033662196,-0.029210117,247450.30754941102,233011.13472618113,241726.68743133545
2025-07-04,307467.3232622433,322344.7743878357,304987.74807464454,313914.21875,1007067,0.0,0.0,POSCO홀딩스,005490.KS,1.4423124988197422,288324.996875,266851.875,254387.69140625,77.5014027609041,0.01432010115647756,278309.22458331566,267019.78494231135,11289.439641004312,5730.043450951828,5559.396190052484,266851.875,300931.3219087092,232772.4280912908,25.54184557159974,313914.21875,251428.921875,53558.828125,69.73809628814426,3.5,2.783,2.71,4.19,1914605.2,4235818.7,2.9,116.38,116.38,2025-10-12 21:29:11,310938.71875,288126.625,-0.009478704124484644,-0.08214853679672642,0.014423124988197422,-0.006263797574464339,-0.006903002539536207,-0.0350074,311947.92362800386,311747.2681007722,302924.89272858016
2025-07-07,62900.0,63300.0,61700.0,61700.0,17164708,0.0,0.0,삼성전자,005930.KS,-2.5276461295418606,61960.0,59820.0765625,56904.958203125,58.41911413294451,-0.025601398238788337,60911.93570281935,59494.26598557009,1417.6697172492568,1177.6598958190182,240.00982143023862,59820.0765625,63353.81563659007,56286.337488409925,11.814558847640471,63800.0,56851.2890625,4053.58984375,88.88011830836827,3.5,2.783,2.71,4.19,1914605.2,4235818.7,2.9,116.38,116.38,2025-10-12 21:29:11,61400.0,69700.0,-0.004862236628849271,0.12965964343598055,-0.025276461295418606,0.017290990317330467,-0.01375196653522549,-0.16188517,62766.85410257929,60851.50366477659,51711.6867184639
2025-07-07,265616.33671586716,271607.68265682657,264118.5002306273,270609.125,2523564,0.0,0.0,SK하이닉스,000660.KS,0.18484378172536342,276500.61875,262895.27265625,215366.86822916666,61.36433233955822,0.0018467315583569283,271765.44215771335,255202.08532473215,16563.356832981197,18402.679057973968,-1839.3222249927712,262895.27265625,304386.16904381226,221404.37626868772,31.564581567667744,292577.40625,230167.546875,11483.40625,379.53210205135906,3.5,2.783,2.71,4.19,1914605.2,4235818.7,2.9,116.38,116.38,2025-10-12 21:29:11,281593.28125,257627.890625,0.04059048729417384,-0.047970423669194455,0.0018484378172536342,-0.038012991925274194,-0.11029237127055612,-0.042866893,260322.46251646947,240763.00291629968,259008.9545795098
2025-07-07,327500.0,331000.0,306500.0,315000.0,610772,0.0,0.0,LG에너지솔루션,373220.KS,1.449275362318847,308800.0,298725.0,308475.0,58.87929972033494,0.01438873745209967,303537.94937535777,300474.59787861526,3063.3514967425144,158.2515787197637,2905.099918022751,298725.0,315491.1155781165,281958.8844218835,11.225117133227215,318500.0,288000.0,21000.0,-37.62376237623762,3.5,2.783,2.71,4.19,1914605.2,4235818.7,2.9,116.38,116.38,2025-10-12 21:29:11,307000.0,375500.0,-0.025396825396825397,0.19206349206349208,0.01449275362318847,0.1404054000399046,0.12053607348874053,-0.047242578,359227.70101256995,352968.8631489533,300118.5867190361
2025-07-07,1039000.0,1040000.0,1024000.0,1029000.0,45249,0.0,0.0,삼성바이오로직스,207940.KS,-0.8670520231213841,1024600.0,1014250.0,1028416.6666666666,53.348087237927906,-0.008708327891784308,1017525.5536014454,1018815.4159674438,-1289.8623659984441,-5868.02601637498,4578.163650376536,1014250.0,1048817.2494833234,979682.7505166766,6.816317374083988,1044000.0,992000.0,37000.0,178.0542351000575,3.5,2.783,2.71,4.19,1914605.2,4235818.7,2.9,116.38,116.38,2025-10-12 21:29:11,1013000.0,1048000.0,-0.015549076773566569,0.0184645286686103,-0.00867052023121384,-0.07983294598392734,0.025420119554029372,-2.6755526,946851.8985825388,1055157.3030210962,-1724143.6321735382
2025-07-07,207613.64208633095,208107.96028177458,204647.73291366905,206130.6875,398058,0.0,0.0,현대차,005380.KS,-0.9501153585477651,208997.728125,204029.83203125,190115.39609375,55.54607929290579,-0.009546577493858956,205996.56378227146,201129.15702093535,4867.406761336111,5039.253978556548,-171.8472172204365,204029.83203125,214594.71337493192,193464.95068756808,10.356212362184133,214534.09375,194761.359375,6920.453125,130.67658660528517,3.5,2.783,2.71,4.19,1914605.2,4235818.7,2.9,116.38,116.38,2025-10-12 21:29:11,208602.28125,208602.28125,0.011990421125432865,0.011990421125432865,-0.00950115358547765,0.00526038355010398,-0.03907412429574088,-0.04934831,207215.01397769662,198076.31139545847,195958.48957933113
2025-07-07,57600.0,61000.0,57500.0,60100.0,3213170,0.0,0.0,카카오,035720.KS,2.910958904109595,59360.0,58940.0,45854.166666666664,59.24001765265355,0.02869395170698058,59757.69834238023,55918.55844924093,3839.139893139298,4854.4901792941455,-1015.3502861548477,58940.0,71617.77167868742,46262.228321312585,43.01924560124676,70400.0,50000.0,-7500.0,196.20739369125,3.5,2.783,2.71,4.19,1914605.2,4235818.7,2.9,116.38,116.38,2025-10-12 21:29:11,60800.0,55400.0,0.011647254575707155,-0.07820299500831947,0.02910958904109595,0.027783781989529778,-0.04069549961341715,0.06776162,61769.80529757073,57654.20047323363,64172.47574329376
2025-07-07,98900.0,100000.0,98300.0,98600.0,430089,0.0,0.0,기아,000270.KS,-0.5045408678102881,99300.0,98200.0,92006.66666666667,55.45980310535724,-0.0050581797273525275,98468.3262500864,96756.01459954197,1712.3116505444195,1886.2319425130925,-173.92029196867293,98200.0,101305.8518621274,95094.1481378726,6.325563873986553,101100.0,94500.0,2700.0,284.82225509841925,3.5,2.783,2.71,4.19,1914605.2,4235818.7,2.9,116.38,116.38,2025-10-12 21:29:11,99100.0,102800.0,0.005070993914807302,0.04259634888438134,-0.005045408678102881,0.0027873141500543023,-0.036072507339844205,0.42999452,98874.82917519535,95043.25077629136,140997.46589660645
2025-07-07,267500.0,270500.0,257000.0,258500.0,514957,0.0,0.0,LG화학,051910.KS,-2.2684310018903586,249800.0,219150.0,211155.0,73.3103650207083,-0.022945557349870246,233582.18404434662,221017.45983357428,12564.724210772343,6517.605101093503,6047.11910967884,219150.0,258329.88205564272,179970.11794435728,35.75622364192811,264500.0,202500.0,56000.0,-18.14364997781408,3.5,2.783,2.71,4.19,1914605.2,4235818.7,2.9,116.38,116.38,2025-10-12 21:29:11,254500.0,289500.0,-0.015473887814313346,0.11992263056092843,-0.022684310018903586,-0.004634069205474661,0.03285002920841777,-0.08257773,257302.0931103848,266991.732550376,237153.66315841675
2025-07-07,248500.0,260500.0,248500.0,256000.0,1175356,0.0,0.0,NAVER,035420.KS,2.8112449799196693,254400.0,244920.0,207296.66666666666,60.5746742593361,0.02772454801485477,253357.39906677423,238629.70405910333,14727.695007670904,17051.630827902536,-2323.9358202316325,244920.0,306981.6535560078,182858.3464439922,50.67912261637089,290500.0,198900.0,-34000.0,121.38268376374074,3.5,2.783,2.71,4.19,1914605.2,4235818.7,2.9,116.38,116.38,2025-10-12 21:29:11,258000.0,232500.0,0.0078125,-0.091796875,0.028112449799196693,-0.020636725502433496,-0.06764989027363755,-0.028888386,250716.99827137703,238681.6280899488,248604.5684814453
2025-07-07,317385.6140350877,319369.274122807,306971.3985745614,310938.71875,497135,0.0,0.0,POSCO홀딩스,005490.KS,-0.9478704124484594,298739.2125,269604.203125,255398.36197916666,74.91063980718907,-0.009523912947936605,283329.1467628055,270273.03929843643,13056.107464369095,7195.2562536352825,5860.851210733813,269604.203125,308506.83322745824,230701.5730225418,28.85906796076269,313914.21875,251428.921875,59509.796875,68.12919909477566,3.5,2.783,2.71,4.19,1914605.2,4235818.7,2.9,116.38,116.38,2025-10-12 21:29:11,308459.15625,287630.71875,-0.007974441105205718,-0.07496010819656083,-0.009478704124484594,-0.043464938574020506,-0.005769354521582264,-0.055687234,297423.7864392466,309144.8030470447,293623.39698638953
2025-07-08,61600.0,62400.0,61000.0,61400.0,20213724,0.0,0.0,삼성전자,005930.KS,-0.4862236628849326,62200.0,59948.121875,57042.060807291666,57.153923211361125,-0.004874095758245407,60987.02251777022,59635.431468120456,1351.5910496497672,1212.446126585168,139.1449230645992,59948.121875,63517.60215581033,56378.64159418966,11.908564169043316,63800.0,56851.2890625,1268.828125,87.96173847866793,3.5,2.783,2.71,4.19,1914605.2,4235818.7,2.9,116.38,116.38,2025-10-12 21:29:11,60400.0,69900.0,-0.016286644951140065,0.13843648208469056,-0.004862236628849326,0.0099257131624854,-0.015152052159394375,-0.16556874,62009.43878817661,60469.66399741318,51234.08124446869
2025-07-08,270609.14616578014,284588.95445478725,268112.75182845746,281593.28125,3119395,0.0,0.0,SK하이닉스,000660.KS,4.0590487294173805,275801.63125,265466.559375,217244.24973958332,66.44556949978349,0.03978832827373268,273277.4174026805,257156.98872660386,16120.42867607664,17946.228981594504,-1825.8003055178633,265466.559375,304731.86474411073,226201.2540058893,29.58211042592695,292577.40625,235160.328125,3494.96875,398.9965437468232,3.5,2.783,2.71,4.19,1914605.2,4235818.7,2.9,116.38,116.38,2025-10-12 21:29:11,280594.71875,263119.9375,-0.0035461162126005094,-0.06560292798179111,0.040590487294173805,-0.020641547780936822,-0.11711597493429655,-0.03547459,275780.76008028735,248614.20958145868,271603.87268333696
2025-07-08,314000.0,318500.0,305000.0,307000.0,325080,0.0,0.0,LG에너지솔루션,373220.KS,-2.5396825396825418,310700.0,299650.0,308291.6666666667,53.61863325780316,-0.02572489123843593,304070.57254837966,300957.9609987178,3112.611549661844,749.1235729081799,2363.487976753664,299650.0,316078.7937219294,283221.2062780706,10.965322023647206,318500.0,288000.0,6500.0,-39.20792079207921,3.5,2.783,2.71,4.19,1914605.2,4235818.7,2.9,116.38,116.38,2025-10-12 21:29:11,305000.0,386500.0,-0.006514657980456026,0.25895765472312704,-0.025396825396825418,0.1665133866524311,0.12788506608489666,-0.03978585,358119.6097022963,346260.7152880633,294785.7403755188
2025-07-08,1030000.0,1035000.0,1007000.0,1013000.0,69904,0.0,0.0,삼성바이오로직스,207940.KS,-1.554907677356654,1026600.0,1012900.0,1028566.6666666666,48.132078149347166,-0.015671231585366194,1016829.3145858385,1018384.6444142999,-1555.3298284613993,-5005.486778792264,3450.1569503308647,1012900.0,1045272.1777879872,980527.8222120128,6.391979028134498,1044000.0,992000.0,9000.0,173.73074845127135,3.5,2.783,2.71,4.19,1914605.2,4235818.7,2.9,116.38,116.38,2025-10-12 21:29:11,1018000.0,1051000.0,0.004935834155972359,0.03751233958538993,-0.01554907677356654,-0.08209491871389461,0.014362736152078242,-2.7252142,929837.8473428248,1027549.4517220552,-1747642.028093338
2025-07-08,204647.73563388624,209096.59945201423,203164.7810278436,208602.28125,499225,0.0,0.0,현대차,005380.KS,1.1990421125432915,209195.45625,204721.878125,190679.08203125,57.73565577698122,0.011919105529403456,206397.44339269123,201682.72177864384,4714.72161404739,4974.347505654717,-259.6258916073266,204721.878125,214515.57706752387,194928.1791824761,9.567808806974707,214534.09375,196738.640625,4943.1875,133.44249602245992,3.5,2.783,2.71,4.19,1914605.2,4235818.7,2.9,116.38,116.38,2025-10-12 21:29:11,207119.328125,208107.953125,-0.007108997639497291,-0.0023697158153681503,0.011990421125432915,-0.0006715363689545219,-0.03886597044057518,-0.044440225,208462.19723149374,200494.75115310095,199331.95209281333
2025-07-08,61400.0,61600.0,59900.0,60800.0,2354516,0.0,0.0,카카오,035720.KS,1.1647254575707144,59500.0,59480.0,46216.666666666664,60.39008396245954,0.011579947430959418,59918.05244355251,56280.14671226012,3637.9057312923906,4611.173289693795,-973.2675584014041,59480.0,71454.99148445282,47505.008515547175,40.26560687442107,70400.0,50500.0,-9600.0,199.65739661277868,3.5,2.783,2.71,4.19,1914605.2,4235818.7,2.9,116.38,116.38,2025-10-12 21:29:11,60500.0,54700.0,-0.004934210526315789,-0.10032894736842106,0.011647254575707144,0.03205739273695553,-0.03310793992514131,0.01195835,62749.0894784069,58787.03725255141,61527.06832885742
2025-07-08,98600.0,99800.0,97500.0,99100.0,643120,0.0,0.0,기아,000270.KS,0.5070993914807254,99380.0,98430.0,92253.33333333333,56.66813830038231,0.005058179727352525,98565.50682699618,96929.64314772405,1635.8636792721227,1836.1582898648985,-200.29461059277583,98430.0,101020.75278635505,95839.24721364495,5.2641527712182254,101100.0,95900.0,2200.0,286.7736864123057,3.5,2.783,2.71,4.19,1914605.2,4235818.7,2.9,116.38,116.38,2025-10-12 21:29:11,99600.0,101400.0,0.005045408678102927,0.02320887991927346,0.005070993914807254,-0.002291774776304138,-0.04380593958342514,0.38229766,98872.88511966825,94758.83138728257,136985.69563627243
2025-07-08,255000.0,264250.0,253000.0,254500.0,355808,0.0,0.0,LG화학,051910.KS,-1.5473887814313358,254900.0,221550.0,211871.66666666666,69.8739753686055,-0.0155948579579064,236800.3095759856,223497.64799405026,13302.661581935332,7874.616397261871,5428.045184673461,221550.0,263265.7044768437,179834.29552315627,37.658049629287945,264500.0,202500.0,43500.0,-19.41028595494655,3.5,2.783,2.71,4.19,1914605.2,4235818.7,2.9,116.38,116.38,2025-10-12 21:29:11,260000.0,298000.0,0.021611001964636542,0.17092337917485265,-0.015473887814313358,0.00014615918723956167,0.058382084621973716,-0.09027551,254537.19751315247,269358.2405362923,231524.87862110138
2025-07-08,261500.0,263000.0,255000.0,258000.0,903743,0.0,0.0,NAVER,035420.KS,0.78125,253600.0,247820.0,208603.33333333334,61.46597338162996,0.007782140442054949,254071.64536419357,240064.54079546605,14007.104568727518,16442.725576067533,-2435.6210073400143,247820.0,306364.4716253841,189275.52837461588,47.2475761644614,290500.0,198900.0,-32500.0,123.11223598064495,3.5,2.783,2.71,4.19,1914605.2,4235818.7,2.9,116.38,116.38,2025-10-12 21:29:11,254000.0,232000.0,-0.015503875968992248,-0.10077519379844961,0.0078125,-0.02277425031451226,-0.0550238363598363,-0.028532734,252124.24341885583,243803.85021916224,250638.5521888733
2025-07-08,303995.9208701768,311434.6465032154,303004.09078577167,308459.15625,388969,0.0,0.0,POSCO홀딩스,005490.KS,-0.7974441105205732,305682.025,272034.1875,256424.96432291667,72.72879285792334,-0.008006407014262978,287195.3020685278,273101.6405541078,14093.661514420004,8574.937305792228,5518.7242086277765,272034.1875,314299.9395689295,229768.4354310705,31.07385322216495,313914.21875,251428.921875,47607.859375,66.78846269852896,3.5,2.783,2.71,4.19,1914605.2,4235818.7,2.9,116.38,116.38,2025-10-12 21:29:11,309450.96875,295565.34375,0.003215377076361305,-0.041800712472771666,-0.007974441105205732,-0.00862828453175692,-0.007825810420262517,-0.058477476,305797.68288344936,306045.2133707934,290421.2478660252
2025-07-09,61400.0,61400.0,60200.0,60400.0,17533415,0.0,0.0,삼성전자,005930.KS,-1.6286644951140072,62120.0,59991.38046875,57170.77923177083,53.03109602122252,-0.01642073021232752,60896.71136119019,59692.06617418561,1204.6451870045785,1210.8859386690501,-6.240751664471645,59991.38046875,63560.74149085543,56422.019446644576,11.899579553648495,63800.0,56851.2890625,-526.29296875,84.90047237966682,3.5,2.783,2.71,4.19,1914605.2,4235818.7,2.9,116.38,116.38,2025-10-12 21:29:11,61000.0,68800.0,0.009933774834437087,0.1390728476821192,-0.016286644951140072,0.009194108376829477,-0.013322095080038763,-0.16457248,60955.3241459605,59595.345457165655,50459.822368621826
2025-07-09,282092.5553269573,283590.39190391457,277099.7667370996,280594.71875,2626484,0.0,0.0,SK하이닉스,000660.KS,-0.3546116212600481,276201.05625,267513.603125,219179.74557291667,65.60090525598511,-0.003552418586408307,274403.1560714989,258893.11687648506,15510.039195013815,17458.991024278366,-1948.9518292645516,267513.603125,305355.7604382268,229671.44581177327,28.29176301404337,292577.40625,235160.328125,-4992.78125,397.227044013011,3.5,2.783,2.71,4.19,1914605.2,4235818.7,2.9,116.38,116.38,2025-10-12 21:29:11,296571.625,258127.15625,0.05693944034718223,-0.08007122372113427,-0.003546116212600481,-0.008503573925277412,-0.11545062324839542,-0.033870712,278208.66081606696,248199.8835901043,271090.7800453901
2025-07-09,310000.0,316000.0,302000.0,305000.0,246419,0.0,0.0,LG에너지솔루션,373220.KS,-0.6514657980456029,311200.0,300275.0,308141.6666666667,52.35914146964033,-0.006535970979785533,304213.5613870905,301257.3712951091,2956.190091981378,1190.5368767228197,1765.6532152585582,300275.0,316508.4125867096,284041.5874132904,10.812363724392373,318500.0,288000.0,7000.0,-39.603960396039604,3.5,2.783,2.71,4.19,1914605.2,4235818.7,2.9,116.38,116.38,2025-10-12 21:29:11,318000.0,384000.0,0.04262295081967213,0.25901639344262295,-0.006514657980456029,0.14398789091181213,0.12343768597971887,-0.047076777,348916.30672810273,342648.4942238142,290641.58767461777
2025-07-09,1017000.0,1025000.0,1008000.0,1018000.0,50361,0.0,0.0,삼성바이오로직스,207940.KS,0.49358341559724295,1028400.0,1011650.0,1029000.0,49.78439337702097,0.004923692861784741,1017009.420034171,1018356.1522354628,-1346.7322012918303,-4273.735863292178,2927.0036620003475,1011650.0,1040909.456411114,982390.543588886,5.784501835835311,1044000.0,992000.0,14000.0,175.08183802901704,3.5,2.783,2.71,4.19,1914605.2,4235818.7,2.9,116.38,116.38,2025-10-12 21:29:11,1080000.0,1031000.0,0.060903732809430254,0.012770137524557957,0.0049358341559724295,-0.08591820853159234,-0.01834095564093521,-2.4530675,930535.263714839,999328.907157528,-1479222.7568626404
2025-07-09,206130.69171390214,207119.328125,203164.78248060858,207119.328125,524731,0.0,0.0,현대차,005380.KS,-0.7108997639497239,208404.55,205142.04921875,191237.55911458333,55.95482516964783,-0.007134386963200674,206508.5025822772,202085.4333598554,4423.069222421793,4864.091849008132,-441.02262658633936,205142.04921875,214564.85194761233,195719.24648988768,9.186612656690848,214534.09375,196738.640625,-7414.765625,131.7829538692779,3.5,2.783,2.71,4.19,1914605.2,4235818.7,2.9,116.38,116.38,2025-10-12 21:29:11,205636.359375,208107.953125,-0.007159972772338289,0.004773214595420801,-0.007108997639497239,0.0018536107883131263,-0.036812286016915434,-0.042026218,207503.24674608067,199494.79217843115,198414.88531205896
2025-07-09,60700.0,61000.0,59500.0,60500.0,2152533,0.0,0.0,카카오,035720.KS,-0.49342105263158187,59860.0,59935.0,46574.166666666664,59.613759443370995,-0.004946423935325574,60007.58283685212,56592.72843727789,3414.8543995742293,4371.909511669882,-957.0551120956525,59935.0,71292.96034321218,48577.03965678782,37.90092714845142,70400.0,50500.0,-8900.0,198.17882393212352,3.5,2.783,2.71,4.19,1914605.2,4235818.7,2.9,116.38,116.38,2025-10-12 21:29:11,60800.0,56800.0,0.0049586776859504135,-0.06115702479338843,-0.004934210526315819,0.035952061760186095,-0.016947551339333504,0.06771518,62675.099736491255,59474.67314397033,64596.76766395569
2025-07-09,98300.0,99800.0,97400.0,99600.0,1037777,0.0,0.0,기아,000270.KS,0.5045408678102881,99300.0,98565.0,92516.66666666667,57.8981827837801,0.005032723254610199,98724.65962284291,97127.44735900375,1597.2122638391593,1788.3690846597508,-191.15682082059152,98565.0,101100.86899877612,96029.13100122388,5.145577027902638,101100.0,95900.0,-1500.0,288.72511772619225,3.5,2.783,2.71,4.19,1914605.2,4235818.7,2.9,116.38,116.38,2025-10-12 21:29:11,100100.0,101800.0,0.0050200803212851405,0.02208835341365462,0.005045408678102881,-0.003023379561960059,-0.04380593958342514,0.3635241,99298.87139562878,95236.92841749085,135806.99830055237
2025-07-09,258000.0,266500.0,256000.0,260000.0,294670,0.0,0.0,LG화학,051910.KS,2.16110019646365,258900.0,224125.0,212813.33333333334,71.82931334494478,0.021380795024950255,240369.49271814164,226201.52592041693,14167.966797724715,9133.286477354439,5034.680320370277,224125.0,268708.30464008875,179541.69535991125,39.78432092813274,264500.0,202500.0,47500.0,-17.668661486389404,3.5,2.783,2.71,4.19,1914605.2,4235818.7,2.9,116.38,116.38,2025-10-12 21:29:11,274000.0,301000.0,0.05384615384615385,0.1576923076923077,0.0216110019646365,-0.009226145003900106,0.05770450975797399,-0.08572356,257601.20229898597,275003.17253707326,237711.8694782257
2025-07-09,258500.0,258500.0,251000.0,254000.0,952460,0.0,0.0,NAVER,035420.KS,-1.5503875968992276,254000.0,250470.0,209888.33333333334,58.61200319370861,-0.01562531790308087,254060.6230004715,241096.79703283892,12963.825967632583,15746.945654380543,-2783.1196867479593,250470.0,304732.60125295795,196207.39874704208,43.3286231907677,290500.0,198900.0,-29500.0,119.6531315468365,3.5,2.783,2.71,4.19,1914605.2,4235818.7,2.9,116.38,116.38,2025-10-12 21:29:11,259500.0,228500.0,0.021653543307086614,-0.10039370078740158,-0.015503875968992276,-0.01771974755593514,-0.05897530416151468,-0.032354906,249499.18412079246,239020.27274297527,245781.85760974884
2025-07-09,311434.62880608975,317385.60897435894,306971.3936798878,309450.96875,345470,0.0,0.0,POSCO홀딩스,005490.KS,0.32153770763612144,310442.80625,274290.6,257500.815625,73.06670935558836,0.0032102188057220485,290619.2507887543,275794.18338343315,14825.06740532117,9824.963325698016,5000.104079623154,274290.6,319536.34155407926,229044.8584459207,32.9910988959004,313914.21875,251428.921875,42152.78125,67.32475049809136,3.5,2.783,2.71,4.19,1914605.2,4235818.7,2.9,116.38,116.38,2025-10-12 21:29:11,311930.5625,296061.28125,0.008012880877433026,-0.043269172993985014,0.0032153770763612144,-0.01648179808333651,-0.015389998955891576,-0.055426713,304350.66036636964,304688.51866403787,292299.1175402142
2025-07-10,60600.0,61200.0,60400.0,61000.0,14768473,0.0,0.0,삼성전자,005930.KS,0.9933774834437026,61560.0,60084.5171875,57253.176497395834,55.12284854165145,0.009884759232541925,60912.60192100708,59788.95016128297,1123.651759724111,1193.4391028800624,-69.78734315595148,60084.5171875,63657.247773156676,56511.78660184333,11.892350152394823,63800.0,56851.2890625,1167.0,86.7372320390675,3.5,2.783,2.71,4.19,1914605.2,4235818.7,2.9,116.38,116.38,2025-10-12 21:29:11,62600.0,70500.0,0.02622950819672131,0.1557377049180328,0.009933774834437026,0.005177103586741267,-0.0167156518616208,-0.16177748,61315.80331879121,59980.34523644113,51131.57272338867
2025-07-10,283590.3754208754,296571.625,283091.09659090906,296571.625,4556065,0.0,0.0,SK하이닉스,000660.KS,5.693944034718212,279895.71875,270584.16796875,221079.1734375,71.78177850644632,0.055377411346252424,277813.68975280673,261684.1174782269,16129.572274579841,17193.10727433866,-1063.53499975882,270584.16796875,307322.8010004618,233845.53493703823,27.155049985004858,296571.625,235160.328125,3994.21875,425.53887362459557,3.5,2.783,2.71,4.19,1914605.2,4235818.7,2.9,116.38,116.38,2025-10-12 21:29:11,294075.25,261622.109375,-0.008417443846827896,-0.1178451095076948,0.056939440347182124,-0.002168488802972915,-0.11996527212854068,-0.010531823,295928.512751908,260993.32930127147,293448.17929366976
2025-07-10,309500.0,318000.0,307000.0,318000.0,583717,0.0,0.0,LG에너지솔루션,373220.KS,4.2622950819672045,311100.0,300975.0,307616.6666666667,59.086496013329004,0.04173960617276513,306334.5519429227,302497.5660139899,3836.985928932787,1719.8266871648132,2117.159241767974,300975.0,318993.92280207627,282956.07719792373,11.97370067419305,318500.0,288000.0,21000.0,-37.02970297029703,3.5,2.783,2.71,4.19,1914605.2,4235818.7,2.9,116.38,116.38,2025-10-12 21:29:11,321500.0,386500.0,0.0110062893081761,0.21540880503144655,0.042622950819672045,0.11173174455024812,0.11882433849469336,-0.045523208,353530.6947669789,355786.13964131253,303523.6140489578
2025-07-10,1019000.0,1087000.0,1018000.0,1080000.0,206766,0.0,0.0,삼성바이오로직스,207940.KS,6.090373280943018,1035600.0,1014200.0,1030016.6666666666,64.77093787402714,0.059121123007797254,1026700.2784904523,1022922.363180984,3777.9153094682842,-2663.4056287400854,6441.32093820837,1014200.0,1056019.6629652432,972380.3370347569,8.246827640552782,1080000.0,992000.0,81000.0,191.83534879306325,3.5,2.783,2.71,4.19,1914605.2,4235818.7,2.9,116.38,116.38,2025-10-12 21:29:11,1057000.0,1029000.0,-0.021296296296296296,-0.04722222222222222,0.06090373280943018,-0.10988222317348238,-0.059522995564001285,-2.4743834,961327.198972639,1015715.1647908785,-1592334.0225219727
2025-07-10,207613.6320612981,209096.58657602163,203164.7685171274,205636.359375,719453,0.0,0.0,현대차,005380.KS,-0.7159972772338263,207119.321875,205463.35546875,191625.01875,54.155898208231726,-0.007185728390707897,206374.32670423458,202348.46491653277,4025.8617877018114,4696.445836746868,-670.5840490450564,205463.35546875,214463.26090196977,196463.45003553023,8.760594231206948,214534.09375,196738.640625,-1482.96875,130.12339423048172,3.5,2.783,2.71,4.19,1914605.2,4235818.7,2.9,116.38,116.38,2025-10-12 21:29:11,205636.359375,210085.234375,0.0,0.021634671093777723,-0.007159972772338263,0.0007042848154095082,-0.03598848514135306,-0.041511796,205781.1859404039,198235.81831111087,197100.02928546444
2025-07-10,61000.0,61800.0,59700.0,60800.0,3149990,0.0,0.0,카카오,035720.KS,0.49586776859504855,60120.0,60450.0,46920.833333333336,60.16523292667432,0.004946423935325617,60129.4931696441,56904.37818266471,3225.114986979388,4142.550606731784,-917.4356197523957,60450.0,70904.81505789663,49995.18494210337,34.58995883505916,70400.0,51500.0,-2300.0,199.65739661277868,3.5,2.783,2.71,4.19,1914605.2,4235818.7,2.9,116.38,116.38,2025-10-12 21:29:11,60000.0,63600.0,-0.013157894736842105,0.046052631578947366,0.0049586776859504855,0.025375308855727967,-0.024376352881956064,0.087419815,62342.81877842826,59317.91774477707,66115.12794494629
2025-07-10,99900.0,101200.0,99300.0,100100.0,1142761,0.0,0.0,기아,000270.KS,0.5020080321285203,99300.0,98650.0,92715.0,59.14706481644932,0.005007521730622413,98936.25045009785,97347.636443522,1588.6140065758518,1748.4180690429712,-159.80406246711937,98650.0,101274.98120294145,96025.01879705855,5.321806797651183,101100.0,95900.0,1000.0,290.6765490400788,3.5,2.783,2.71,4.19,1914605.2,4235818.7,2.9,116.38,116.38,2025-10-12 21:29:11,100800.0,101800.0,0.006993006993006993,0.016983016983016984,0.005020080321285203,-0.0015959836906079175,-0.04380593958342514,0.4039324,99940.24203257015,95715.02544769914,140533.62653255463
2025-07-10,264500.0,275000.0,264000.0,274000.0,622092,0.0,0.0,LG화학,051910.KS,5.384615384615388,262300.0,227300.0,213621.66666666666,76.08442420455152,0.052446475372542524,245543.41691535062,229742.15363001567,15801.26328533495,10466.881838950541,5334.381446384408,227300.0,276593.3218493822,178006.6781506178,43.37291847723906,274000.0,202500.0,58000.0,-13.235435566425757,3.5,2.783,2.71,4.19,1914605.2,4235818.7,2.9,116.38,116.38,2025-10-12 21:29:11,272000.0,292500.0,-0.0072992700729927005,0.06751824817518248,0.05384615384615388,-0.015047721573261705,0.03568781862374567,-0.0806972,269876.9242889263,283778.4623029063,251888.9729976654
2025-07-10,255500.0,265000.0,251000.0,259500.0,1754234,0.0,0.0,NAVER,035420.KS,2.1653543307086576,255300.0,253500.0,211148.33333333334,61.274557297241564,0.02142243558740671,254897.4502311682,242459.99725262861,12437.452978539572,15085.047119212348,-2647.594140672776,253500.0,302111.23976591846,204888.76023408154,38.352062931691094,290500.0,200500.0,-1500.0,124.40940014332314,3.5,2.783,2.71,4.19,1914605.2,4235818.7,2.9,116.38,116.38,2025-10-12 21:29:11,253000.0,235500.0,-0.025048169556840076,-0.09248554913294797,0.021653543307086576,-0.029528536507695245,-0.04567231453460902,-0.031752728,251837.34477625307,247648.03437826896,251260.17290353775
2025-07-10,312922.3925874404,315401.96780604136,306971.4120627981,311930.5625,515384,0.0,0.0,POSCO홀딩스,005490.KS,0.8012880877433126,310938.725,276720.584375,258429.86067708334,73.93622614243831,0.007980948215777793,293897.91412894597,278470.95220688253,15426.961922063434,10945.3630449711,4481.598877092334,276720.584375,324629.81013277295,228811.35861722703,34.62642713477969,313914.21875,251428.921875,46616.03125,68.66550379167877,3.5,2.783,2.71,4.19,1914605.2,4235818.7,2.9,116.38,116.38,2025-10-12 21:29:11,318377.4375,295069.4375,0.020667660611165668,-0.05405409737623898,0.008012880877433126,-0.012202562919279365,-0.01946768316208078,-0.053842146,308124.2101846475,305857.9971406804,295135.557437893
2025-07-11,61300.0,62800.0,61200.0,62600.0,19140650,0.0,0.0,삼성전자,005930.KS,2.6229508196721207,61420.0,60317.2880859375,57382.118489583336,60.21158468781216,0.02589141393274149,61172.201625467525,59997.17607526201,1175.0255502055152,1189.756392345153,-14.730842139637844,60317.2880859375,63909.54888155896,56725.02729031604,11.911214544338808,63800.0,56851.2890625,1800.0,91.63525779746927,3.5,2.783,2.71,4.19,1914605.2,4235818.7,2.9,116.38,116.38,2025-10-12 21:29:11,62500.0,71800.0,-0.001597444089456869,0.14696485623003194,0.026229508196721207,0.007179622472383706,-0.01782559551392924,-0.15869449,63049.44436677122,61484.11772082803,52665.72394371033
2025-07-11,299068.03862478776,306057.94269949064,291578.8556876061,294075.25,3732533,0.0,0.0,SK하이닉스,000660.KS,-0.8417443846827855,284688.8,273529.9140625,222976.86510416667,69.67517542052269,-0.008453070592241574,280315.4682523749,264083.46062798786,16232.007624387043,17000.88734434834,-768.8797199612964,273529.9140625,307664.7491809586,239395.07894404136,24.958758339432674,296571.625,245645.1875,10484.875,421.1151796665353,3.5,2.783,2.71,4.19,1914605.2,4235818.7,2.9,116.38,116.38,2025-10-12 21:29:11,299567.3125,256130.046875,0.018675704602818498,-0.12903229062969426,-0.008417443846827855,-0.017853593198248054,-0.12822251818907587,-0.037749477,288824.9501168269,256368.18090791794,282974.06538404524
2025-07-11,316000.0,326000.0,315000.0,321500.0,390914,0.0,0.0,LG에너지솔루션,373220.KS,1.1006289308176154,313300.0,302250.0,307383.3333333333,60.6957109590293,0.010946160897497295,308667.69779785763,303905.15371665737,4762.5440812002635,2328.3701659719036,2434.17391522836,302250.0,322282.8677296462,282217.1322703538,13.25582645468732,321500.0,288000.0,33500.0,-36.336633663366335,3.5,2.783,2.71,4.19,1914605.2,4235818.7,2.9,116.38,116.38,2025-10-12 21:29:11,315000.0,378500.0,-0.02021772939346812,0.17729393468118196,0.011006289308176154,0.1362044181192166,0.12490053431033696,-0.03903343,365289.7204253281,361655.5217807733,308950.7577419281
2025-07-11,1067000.0,1084000.0,1057000.0,1057000.0,324342,0.0,0.0,삼성바이오로직스,207940.KS,-2.1296296296296258,1039400.0,1016100.0,1030216.6666666666,57.871008085294704,-0.021526334248027704,1031361.7741073058,1025446.6325749853,5915.141532320529,-947.6961965279622,6862.837728848492,1016100.0,1062083.5210757782,970116.4789242217,9.05098338269427,1080000.0,992000.0,61000.0,185.62033673543317,3.5,2.783,2.71,4.19,1914605.2,4235818.7,2.9,116.38,116.38,2025-10-12 21:29:11,1042000.0,1022000.0,-0.014191106906338695,-0.033112582781456956,-0.021296296296296258,-0.10960439128440214,-0.04217877208705036,-3.1186647,941148.1584123869,1012417.0379039878,-2239428.6317825317
2025-07-11,206624.99571814903,209096.58657602163,205142.04120342547,205636.359375,592335,0.0,0.0,현대차,005380.KS,0.0,206625.003125,205908.24140625,192166.90755208334,54.155898208231726,0.0,206260.7932689677,202592.012654197,3668.780614770716,4490.912792351638,-822.132177580922,205908.24140625,213917.35103390308,197899.1317785969,7.779299723949743,214534.09375,199210.234375,2965.90625,130.12339423048172,3.5,2.783,2.71,4.19,1914605.2,4235818.7,2.9,116.38,116.38,2025-10-12 21:29:11,214534.09375,210085.234375,0.043269266203911076,0.021634671093777723,0.0,-0.00397635943021062,-0.037456268726520595,-0.03890219,204818.67529820505,197933.98863830662,197636.66009990685
2025-07-11,62000.0,62000.0,59900.0,60000.0,2465478,0.0,0.0,카카오,035720.KS,-1.3157894736842146,60440.0,60875.0,47270.833333333336,57.89492322431591,-0.01324522675002068,60109.57114354501,57133.68350246733,2975.8876410776793,3909.218013600963,-933.3303725232836,60875.0,70452.13834855973,51297.86165144027,31.464930919292755,70400.0,51800.0,-900.0,195.71453613103156,3.5,2.783,2.71,4.19,1914605.2,4235818.7,2.9,116.38,116.38,2025-10-12 21:29:11,58300.0,63800.0,-0.028333333333333332,0.06333333333333334,-0.013157894736842146,0.012230674612381805,-0.01108142378397005,0.03018509,60733.8404767429,59335.1145729618,61811.10620498657
2025-07-11,100100.0,102100.0,99800.0,100800.0,1087429,0.0,0.0,기아,000270.KS,0.6993006993007089,99640.0,98830.0,93028.33333333333,60.89592585617941,0.0069686693160934355,99222.98115008281,97603.36707733519,1619.6140727476159,1722.6572697839001,-103.04319703628425,98830.0,101529.00566486137,96130.99433513863,5.461915743926679,101100.0,95900.0,3100.0,293.40855287951985,3.5,2.783,2.71,4.19,1914605.2,4235818.7,2.9,116.38,116.38,2025-10-12 21:29:11,103000.0,101900.0,0.021825396825396824,0.010912698412698412,0.006993006993007089,0.0004065351950345207,-0.04778745710390662,0.42577335,100840.97874765946,95983.0243239262,143717.95692443848
2025-07-11,277000.0,278500.0,270500.0,272000.0,359580,0.0,0.0,LG화학,051910.KS,-0.7299270072992692,263800.0,230475.0,214463.33333333334,74.3565220052983,-0.007326040092072898,249613.66046683514,232872.36447223675,16741.29599459839,11721.764670080112,5019.531324518277,230475.0,282759.11754412483,178190.8824558752,45.370749577285885,274000.0,202500.0,63000.0,-13.868753554991986,3.5,2.783,2.71,4.19,1914605.2,4235818.7,2.9,116.38,116.38,2025-10-12 21:29:11,273500.0,276500.0,0.0055147058823529415,0.016544117647058824,-0.007299270072992692,-0.05936535686937666,0.07910010081334604,-0.07838658,255852.62293152956,293515.2274212301,250678.84349822998
2025-07-11,261000.0,261500.0,253000.0,253000.0,1249355,0.0,0.0,NAVER,035420.KS,-2.5048169556840083,256100.0,256125.0,212315.0,56.637292761856095,-0.0253672138784231,254605.53481098847,243240.73819687834,11364.79661411012,14340.997018191903,-2976.200404081783,256125.0,297870.9421286811,214379.0578713189,32.59810024689594,290500.0,206500.0,-4500.0,118.7883554383844,3.5,2.783,2.71,4.19,1914605.2,4235818.7,2.9,116.38,116.38,2025-10-12 21:29:11,249000.0,229500.0,-0.015810276679841896,-0.09288537549407115,-0.025048169556840083,0.006089240900119262,-0.04128080953981536,-0.02733327,254540.57794773017,242555.9551864267,246084.68532562256
2025-07-11,315401.9474299066,327303.9077102804,313418.28738317755,318377.4375,638710,0.0,0.0,POSCO홀딩스,005490.KS,2.066766061116576,311831.36875,279547.29921875,259564.50989583333,76.0969317759095,0.02045698238581648,297663.99464756966,281426.98815452086,16237.0064930488,12003.69173458664,4233.31475846216,279547.29921875,330344.7190225878,228749.87941491214,36.34262963427029,318377.4375,251428.921875,60501.625,72.15142518085646,3.5,2.783,2.71,4.19,1914605.2,4235818.7,2.9,116.38,116.38,2025-10-12 21:29:11,318873.375,293085.78125,0.0015577030328978636,-0.07943922298199915,0.02066766061116576,-0.052402544101924034,-0.024369278808783264,-0.054666247,301693.6497903487,310618.80895913654,300972.94609506056
2025-07-14,62300.0,62600.0,61800.0,62500.0,13563846,0.0,0.0,삼성전자,005930.KS,-0.15974440894568342,61580.0,60599.7236328125,57492.828776041664,59.75551902641009,-0.0015987213636969929,61376.478298472524,60182.57044005742,1193.9078584151066,1190.586685559144,3.3211728559626863,60599.7236328125,63922.730800373945,57276.716465251055,10.967070370473309,63800.0,57646.41015625,2700.0,91.32913118756916,3.5,2.783,2.71,4.19,1914605.2,4235818.7,2.9,116.38,116.38,2025-10-12 21:29:11,63700.0,71000.0,0.0192,0.136,-0.0015974440894568342,0.011244674467088163,-0.015521240340096224,-0.15524964,63202.79215419301,61529.92247874398,52796.896547079086
2025-07-14,292078.1296875,302063.70677083335,292078.1296875,299567.3125,2936976,0.0,0.0,SK하이닉스,000660.KS,1.8675704602818533,290480.4375,276126.1640625,224976.05885416668,71.64661616641487,0.018503454916326385,283277.2904443172,266711.8940999888,16565.396344328416,16913.789144344355,-348.39280001593943,276126.1640625,309866.990565231,242385.33755976896,24.438702951085745,299567.3125,245645.1875,7988.46875,430.84737282603226,3.5,2.783,2.71,4.19,1914605.2,4235818.7,2.9,116.38,116.38,2025-10-12 21:29:11,298069.46875,266614.90625,-0.0050000239929381485,-0.11000000625902734,0.018675704602818533,-0.016168580868189935,-0.12725403872268318,0.0044444343,294723.7341823774,261446.16211507487,300898.7334117815
2025-07-14,321000.0,321000.0,313500.0,315000.0,191507,0.0,0.0,LG에너지솔루션,373220.KS,-2.021772939346811,313300.0,303350.0,306916.6666666667,56.26932685879811,-0.020424904852041004,309641.89813664876,304726.99418209016,4914.903954558598,2845.676923689243,2069.2270308693555,303350.0,323658.4115318551,283041.5884681449,13.389425766840363,321500.0,288000.0,18000.0,-37.62376237623762,3.5,2.783,2.71,4.19,1914605.2,4235818.7,2.9,116.38,116.38,2025-10-12 21:29:11,316500.0,389000.0,0.004761904761904762,0.23492063492063492,-0.02021772939346811,0.18989224194535315,0.12896417701282822,-0.042574022,374816.0562127862,355623.7157590409,301589.17486667633
2025-07-14,1054000.0,1059000.0,1037000.0,1042000.0,55795,0.0,0.0,삼성바이오로직스,207940.KS,-1.4191106906338735,1042000.0,1017450.0,1030283.3333333334,53.842555497208835,-0.014292763556925448,1032998.4242446434,1026672.8079398011,6325.6163048422895,506.9663037460882,5818.650001096201,1017450.0,1064860.7471715924,970039.2528284076,9.319523744968782,1080000.0,992000.0,50000.0,181.56706800219618,3.5,2.783,2.71,4.19,1914605.2,4235818.7,2.9,116.38,116.38,2025-10-12 21:29:11,1031000.0,1032000.0,-0.01055662188099808,-0.009596928982725527,-0.014191106906338735,-0.10328900442285412,-0.031049773074591055,-3.0978367,934372.857391386,1009646.1364562762,-2185945.875644684
2025-07-14,206130.68454781105,215522.7301267281,205636.36635944698,214534.09375,1241993,0.0,0.0,현대차,005380.KS,4.326926620391114,208305.684375,206674.434375,192827.83151041667,62.53690898352442,0.04235930780418025,207533.60872758806,203476.6112538861,4056.997473701951,4404.129728621701,-347.13225491975027,206674.434375,214914.18044978124,198434.68830021878,7.973648119274045,214534.09375,199210.234375,13346.59375,140.08066463518801,3.5,2.783,2.71,4.19,1914605.2,4235818.7,2.9,116.38,116.38,2025-10-12 21:29:11,208602.28125,210085.234375,-0.027649742734655668,-0.02073730705099175,0.04326926620391114,0.009550226041833641,-0.041664313743090424,-0.036367606,216582.94283899243,205595.67795941042,206732.00467280857
2025-07-14,59500.0,59600.0,56500.0,58300.0,3469359,0.0,0.0,카카오,035720.KS,-2.833333333333332,60080.0,61130.0,47592.5,53.29286422082708,-0.02874246886565398,59831.175582999625,57220.07731709938,2611.0982659002475,3649.59406406082,-1038.4957981605726,61130.0,70098.97576738137,52161.02423261863,29.34394165673605,70400.0,51800.0,-1700.0,187.33595760731902,3.5,2.783,2.71,4.19,1914605.2,4235818.7,2.9,116.38,116.38,2025-10-12 21:29:11,57200.0,64200.0,-0.018867924528301886,0.10120068610634649,-0.02833333333333332,0.017907179357254673,-0.010335676027804908,-0.006686279,59343.98855652795,57697.43008757897,57910.19044518471
2025-07-14,100200.0,103300.0,99600.0,103000.0,1173952,0.0,0.0,기아,000270.KS,2.182539682539675,100520.0,99105.0,93361.66666666667,65.84471824117927,0.021590632592367452,99804.06097314699,98003.11766419926,1800.9433089477243,1738.314477616665,62.628831331059246,99105.0,102307.28536813223,95902.71463186777,6.462409299494941,103000.0,95900.0,6100.0,301.99485066062044,3.5,2.783,2.71,4.19,1914605.2,4235818.7,2.9,116.38,116.38,2025-10-12 21:29:11,100000.0,101600.0,-0.02912621359223301,-0.013592233009708738,0.021825396825396748,0.00033620677927269295,-0.059119066752890206,0.45283198,103034.62929826509,96910.7361244523,149641.69430732727
2025-07-14,272500.0,277500.0,269500.0,273500.0,208053,0.0,0.0,LG화학,051910.KS,0.5514705882353033,266800.0,233875.0,215280.0,74.81842652254612,0.00549955556603867,253288.48193347588,235881.81895577477,17406.66297770111,12858.744331604314,4547.918646096798,233875.0,288127.69821084815,179622.30178915188,46.39461097667398,274000.0,202500.0,62000.0,-13.393765063567308,3.5,2.783,2.71,4.19,1914605.2,4235818.7,2.9,116.38,116.38,2025-10-12 21:29:11,273000.0,277500.0,-0.0018281535648994515,0.014625228519195612,0.005514705882353033,-0.06362865291534384,0.0686833525890617,-0.08763976,256097.56342765345,292284.8969331084,249530.5286347866
2025-07-14,252000.0,252500.0,244000.0,249000.0,1205192,0.0,0.0,NAVER,035420.KS,-1.5810276679841917,254700.0,258100.0,213420.0,53.93232466500704,-0.01593659226281264,253743.14484006717,243667.35018229476,10075.794657772407,13487.956546108006,-3412.1618883355986,258100.0,293867.67137779784,222332.32862220219,27.71613434932029,290500.0,206500.0,-13500.0,115.32925100457594,3.5,2.783,2.71,4.19,1914605.2,4235818.7,2.9,116.38,116.38,2025-10-12 21:29:11,249500.0,223000.0,0.002008032128514056,-0.10441767068273092,-0.015810276679841917,-0.0010642876216045204,-0.04168259243514407,-0.027212497,248734.9923822205,238621.03448364913,242224.08735752106
2025-07-14,320361.1201399689,320361.1201399689,311930.5643468118,318873.375,323036,0.0,0.0,POSCO홀딩스,005490.KS,0.1557703032897928,313418.3,282646.76875,260715.6046875,76.25997466623552,0.0015564910719488363,300926.9762402512,284200.7945875193,16726.181652731902,12948.189718215694,3777.991934516209,282646.76875,335157.5696401579,230135.96785984206,37.15648413203941,318873.375,251428.921875,60005.734375,72.41958597797837,3.5,2.783,2.71,4.19,1914605.2,4235818.7,2.9,116.38,116.38,2025-10-12 21:29:11,318377.4375,303995.90625,-0.0015552803679516987,-0.04665635301159904,0.001557703032897928,-0.0634138588999515,-0.03874789227517905,-0.055770606,298652.38379079866,306517.7038160772,301089.60419878364
2025-07-15,62300.0,63800.0,62000.0,63700.0,18442202,0.0,0.0,삼성전자,005930.KS,1.9200000000000106,62040.0,60897.43359375,57616.91302083333,63.343606183462,0.01901800583576195,61733.9431756306,60443.12077783094,1290.8223977996604,1210.6338280072473,80.18856979241309,60897.43359375,64210.740179175176,57584.127008324824,10.881596776404141,63800.0,57646.41015625,3500.0,95.00265050637049,3.5,2.783,2.71,4.19,1914605.2,4235818.7,2.9,116.38,116.38,2025-10-12 21:29:11,64700.0,71100.0,0.015698587127158554,0.11616954474097331,0.019200000000000106,0.007109294056621878,-0.021965137470276543,-0.15634294,64152.86203140682,62300.820743143384,53740.95576405525
2025-07-15,295573.0745393635,298069.46875,289581.72843383584,298069.46875,4196196,0.0,0.0,SK하이닉스,000660.KS,-0.5000023992938196,293775.675,278597.59453125,226943.64348958334,70.30421440044003,-0.005012565937050298,285553.01018365304,269034.677407397,16518.332776256022,16834.69787072669,-316.3650944706678,278597.59453125,311079.21134922595,246115.97771327407,23.31794491810123,299567.3125,245645.1875,12981.25,428.19312322531397,3.5,2.783,2.71,4.19,1914605.2,4235818.7,2.9,116.38,116.38,2025-10-12 21:29:11,295573.0625,268612.03125,-0.008375249771367266,-0.09882742309547596,-0.005000023992938196,-0.0158024441370728,-0.11960217636998467,-0.04669428,293359.24262111116,262419.7115780549,284151.32989914715
2025-07-15,317000.0,319000.0,314500.0,316500.0,137843,0.0,0.0,LG에너지솔루션,373220.KS,0.4761904761904745,315200.0,304475.0,306441.6666666667,57.047792007125324,0.004750602758597799,310696.9907310105,305599.0686871205,5097.922043889994,3296.125947729393,1801.7960961606009,304475.0,325093.01715924125,283856.98284075875,13.543323530169143,321500.0,288000.0,19000.0,-37.32673267326733,3.5,2.783,2.71,4.19,1914605.2,4235818.7,2.9,116.38,116.38,2025-10-12 21:29:11,311000.0,388500.0,-0.017377567140600316,0.22748815165876776,0.004761904761904745,0.17284555926331197,0.12278455877904677,-0.045353048,371205.61950683827,355361.3128535683,302145.7580924034
2025-07-15,1040000.0,1050000.0,1023000.0,1031000.0,76808,0.0,0.0,삼성바이오로직스,207940.KS,-1.055662188099804,1045600.0,1018500.0,1030233.3333333334,51.03681878537783,-0.010612738296352262,1032690.9743608522,1026993.340685001,5697.633675851161,1545.0997781671026,4152.533897684058,1018500.0,1066145.6216577992,970854.3783422009,9.356037635306661,1080000.0,992000.0,28000.0,178.59467093115575,3.5,2.783,2.71,4.19,1914605.2,4235818.7,2.9,116.38,116.38,2025-10-12 21:29:11,1033000.0,1021000.0,0.0019398642095053346,-0.009699321047526674,-0.01055662188099804,-0.08410299685813095,-0.03536963373425257,-2.933395,944289.810239267,994533.9076199855,-1993330.1510810852
2025-07-15,214534.0996741706,215028.41787618483,207119.32664395735,208602.28125,1111748,0.0,0.0,현대차,005380.KS,-2.7649742734655702,208305.684375,206971.02578125,193264.72317708333,55.2811527574869,-0.028039192450271574,207698.0198848822,203856.29051285752,3841.7293720246817,4291.649657302298,-449.92028527761613,206971.02578125,215028.96232680636,198913.08923569365,7.786535835284381,214534.09375,199210.234375,988.640625,133.44249602245992,3.5,2.783,2.71,4.19,1914605.2,4235818.7,2.9,116.38,116.38,2025-10-12 21:29:11,205142.046875,210579.546875,-0.01658771109436273,0.009478638551561861,-0.027649742734655702,0.004579251041517987,-0.040101430487889216,-0.037632026,209557.52346367706,200237.031368838,200752.15016196482
2025-07-15,57400.0,58000.0,56300.0,57200.0,2979693,0.0,0.0,카카오,035720.KS,-1.8867924528301883,59360.0,61400.0,47898.333333333336,50.4958429214779,-0.019048194970694474,59426.37933946122,57218.59010842535,2207.789231035873,3361.233097455831,-1153.4438664199579,61400.0,69466.04318310184,53333.95681689817,26.27375629674864,70400.0,55200.0,-2900.0,181.9145244449168,3.5,2.783,2.71,4.19,1914605.2,4235818.7,2.9,116.38,116.38,2025-10-12 21:29:11,56100.0,63700.0,-0.019230769230769232,0.11363636363636363,-0.018867924528301883,0.0164444428708194,-0.01110984571666713,-0.07247428,58140.622132210876,56564.516825006634,53054.469990730286
2025-07-15,102100.0,102300.0,99800.0,100000.0,1241921,0.0,0.0,기아,000270.KS,-2.9126213592232997,100700.0,99125.0,93598.33333333333,55.52537648024054,-0.02955880224154439,99834.20543881669,98151.03487425858,1683.1705645581096,1727.285695004954,-44.11513044684443,99125.0,102345.24843762192,95904.75156237808,6.497348676160246,103000.0,95900.0,1300.0,290.28626277730143,3.5,2.783,2.71,4.19,1914605.2,4235818.7,2.9,116.38,116.38,2025-10-12 21:29:11,99500.0,101800.0,-0.005,0.018,-0.029126213592232997,0.008426863249354578,-0.041424616118156656,0.52212054,100842.68632493545,95857.53838818434,152212.0475769043
2025-07-15,273000.0,274000.0,265500.0,273000.0,256242,0.0,0.0,LG화학,051910.KS,-0.1828153564899404,270500.0,237175.0,216080.0,74.33775526537919,-0.001829826677076116,256321.02317447957,238631.3138479396,17689.709326539974,13824.937330591447,3864.7719959485275,237175.0,292561.9403189437,181788.0596810563,46.705546806319134,274000.0,202500.0,44000.0,-13.552094560708872,3.5,2.783,2.71,4.19,1914605.2,4235818.7,2.9,116.38,116.38,2025-10-12 21:29:11,263500.0,275500.0,-0.0347985347985348,0.009157509157509158,-0.001828153564899404,-0.030432050983882682,0.0711714098492438,-0.08525256,264692.0500814,292429.79488884355,249726.04483366013
2025-07-15,247500.0,253000.0,247000.0,249500.0,791762,0.0,0.0,NAVER,035420.KS,0.20080321285140812,253000.0,260250.0,214513.33333333334,54.22660920191585,0.002006018726865766,253090.3533262107,244099.3983169396,8990.9550092711,12588.556238740626,-3597.6012294695265,260250.0,286987.51553235203,233512.48446764794,20.547562368762378,290500.0,243500.0,-12500.0,115.76163905880202,3.5,2.783,2.71,4.19,1914605.2,4235818.7,2.9,116.38,116.38,2025-10-12 21:29:11,250000.0,223000.0,0.002004008016032064,-0.1062124248496994,0.002008032128514081,0.011316838671040856,-0.021512472836722148,-0.021009834,252323.55124842472,244132.63802723782,244258.0393254757
2025-07-15,316393.77745327103,320361.09754672897,312922.37237149535,318377.4375,276462,0.0,0.0,POSCO홀딩스,005490.KS,-0.1555280367951717,315401.95625,285795.82890625,261809.35546875,75.70387706743665,-0.0015564910719487901,303611.6625879049,286732.39776622155,16879.264821683348,13734.404738909225,3144.860082774123,285795.82890625,338975.4301920283,232616.22762047173,37.21509966698839,318873.375,251428.921875,44632.34375,72.15142518085646,3.5,2.783,2.71,4.19,1914605.2,4235818.7,2.9,116.38,116.38,2025-10-12 21:29:11,303004.09375,303500.0,-0.04828653647920638,-0.04672893160024884,-0.0015552803679517169,-0.031244283186510676,-0.035938185780795336,-0.058032356,308429.96268255444,306935.53000271146,299901.2517564185
2025-07-16,63700.0,64700.0,63100.0,64700.0,23042660,0.0,0.0,삼성전자,005930.KS,1.5698587127158659,62900.0,61160.66171875,57789.13756510417,66.0593004748559,0.01557663892873732,62190.25961014897,60758.445164658275,1431.8144454906942,1254.8699515039368,176.94449398675738,61160.66171875,64804.88715209224,57516.43628540776,11.91689341132498,64700.0,57646.41015625,3900.0,98.06391660537159,3.5,2.783,2.71,4.19,1914605.2,4235818.7,2.9,116.38,116.38,2025-10-12 21:29:11,66700.0,71900.0,0.030911901081916538,0.11128284389489954,0.01569858712715866,0.007310434851379179,-0.023758181943412875,-0.15640931,65172.98513488424,63162.84562826119,54580.316787958145
2025-07-16,298069.4566089527,299068.0142525338,292078.1107474662,295573.0625,3123297,0.0,0.0,SK하이닉스,000660.KS,-0.8375249771367277,296771.34375,281069.02421875,228979.26484375,68.01684275707619,-0.00841051924087133,287094.5566938603,271000.4837105528,16094.072983307473,16686.572893242846,-592.4999099353736,281069.02421875,310535.56239897275,251602.48603852728,20.967474635191074,299567.3125,245645.1875,16975.46875,423.76937389078336,3.5,2.783,2.71,4.19,1914605.2,4235818.7,2.9,116.38,116.38,2025-10-12 21:29:11,269111.28125,277599.03125,-0.08952703952850913,-0.06081078937969863,-0.008375249771367277,-0.02183079692667769,-0.13830399649481895,0.0021260697,289120.46699556627,254694.1267000371,296201.479702197
2025-07-16,315000.0,315500.0,310500.0,311000.0,155707,0.0,0.0,LG에너지솔루션,373220.KS,-1.7377567140600347,316400.0,305425.0,305908.3333333333,53.3011217351766,-0.017530329404996776,310743.6075416243,305999.1376732597,4744.469868364569,3585.7947318564284,1158.675136508141,305425.0,325362.4680332977,285487.5319667023,13.055557359939552,321500.0,288000.0,8500.0,-38.415841584158414,3.5,2.783,2.71,4.19,1914605.2,4235818.7,2.9,116.38,116.38,2025-10-12 21:29:11,317000.0,389500.0,0.01929260450160772,0.25241157556270094,-0.017377567140600347,0.20254243955247603,0.12681568752547379,-0.043305762,373990.69870082004,350439.6788204223,297531.9103002548
2025-07-16,1028000.0,1036000.0,1023000.0,1033000.0,47965,0.0,0.0,삼성바이오로직스,207940.KS,0.19398642095054264,1048600.0,1019950.0,1030400.0,51.531361788860515,0.001937985102678713,1032738.5167668748,1027438.278412038,5300.238354836823,2296.127493501047,3004.1108613357765,1019950.0,1067502.6301226253,972397.3698773748,9.324502205524823,1080000.0,992000.0,24000.0,179.13510676225403,3.5,2.783,2.71,4.19,1914605.2,4235818.7,2.9,116.38,116.38,2025-10-12 21:29:11,1070000.0,1040000.0,0.03581800580832527,0.006776379477250726,0.0019398642095054264,-0.08860443903420773,-0.046168263695166904,-2.7388837,941471.6144776634,985308.1836028926,-1796266.8969631195
2025-07-16,208602.27417168676,208602.27417168676,205142.046875,205142.046875,492782,0.0,0.0,현대차,005380.KS,-1.6587711094362745,207910.228125,207045.1734375,193730.09921875,51.525614130682094,-0.016726827737413068,207304.79326797725,203951.53172486808,3353.261543109169,4103.972034463673,-750.7104913545036,207045.1734375,215001.44119620975,199088.90567879024,7.685538017249639,214534.09375,199210.234375,-5931.8125,129.57021934129241,3.5,2.783,2.71,4.19,1914605.2,4235818.7,2.9,116.38,116.38,2025-10-12 21:29:11,207613.640625,213545.453125,0.012048206536156996,0.040963841289545486,-0.016587711094362745,0.004761133268587319,-0.04109176794901471,-0.04413365,206118.75549916265,196712.3974882266,196088.37687467784
2025-07-16,56900.0,57600.0,56000.0,56100.0,1844953,0.0,0.0,카카오,035720.KS,-1.9230769230769273,58480.0,61445.0,48204.166666666664,47.794443490484504,-0.019418085857101627,58914.62867185181,57135.73158187532,1778.89708997649,3044.765895959963,-1265.868805983473,61445.0,69374.28615623455,53515.71384376545,25.809378000600695,70400.0,56100.0,-2600.0,176.49309128251454,3.5,2.783,2.71,4.19,1914605.2,4235818.7,2.9,116.38,116.38,2025-10-12 21:29:11,57500.0,63500.0,0.024955436720142603,0.1319073083778966,-0.019230769230769273,0.016551176376064278,-0.006915155871331912,-0.14093441,57028.5209946972,55712.05975561828,48193.57972741127
2025-07-16,99700.0,100500.0,99100.0,99500.0,668896,0.0,0.0,기아,000270.KS,-0.5000000000000004,100680.0,99155.0,93845.0,54.0062004165002,-0.005012541823544286,99782.78921746027,98250.95821690609,1531.8310005541862,1688.1947561148006,-156.36375556061444,99155.0,102377.60110698536,95932.39889301464,6.500128298089567,103000.0,95900.0,-500.0,288.3348314634149,3.5,2.783,2.71,4.19,1914605.2,4235818.7,2.9,116.38,116.38,2025-10-12 21:29:11,100200.0,103200.0,0.007035175879396985,0.0371859296482412,-0.0050000000000000044,0.0020557093643983827,-0.036072507339844205,0.5280406,99704.54308175764,95910.7855196855,152040.04442691803
2025-07-16,271000.0,272500.0,262000.0,263500.0,327945,0.0,0.0,LG화학,051910.KS,-3.4798534798534786,271200.0,239975.0,216805.0,65.70101347276534,-0.035418427203542706,257425.48114763654,240473.43874809222,16952.042399544327,14450.358344382023,2501.6840551623045,239975.0,294703.4925311886,185246.50746881144,45.61182834144271,274000.0,202500.0,23500.0,-16.560355006398485,3.5,2.783,2.71,4.19,1914605.2,4235818.7,2.9,116.38,116.38,2025-10-12 21:29:11,269500.0,279500.0,0.022770398481973434,0.06072106261859583,-0.034798534798534786,0.011258603159286472,0.06236828500245532,-0.08450296,266466.641932472,279934.04309814697,241233.47651958466
2025-07-16,251000.0,255500.0,249000.0,250000.0,785410,0.0,0.0,NAVER,035420.KS,0.2004008016031955,252200.0,260575.0,215606.66666666666,54.53935495606764,0.0020020026706729687,252614.91435294753,244536.4799230922,8078.434429855319,11686.531876963567,-3608.097447108248,260575.0,286603.8807208379,234546.11927916206,19.978033749084087,290500.0,249000.0,-2000.0,116.19402711302804,3.5,2.783,2.71,4.19,1914605.2,4235818.7,2.9,116.38,116.38,2025-10-12 21:29:11,243500.0,225000.0,-0.026,-0.1,0.002004008016031955,0.011173280767007819,-0.018752377678323585,-0.01696893,252793.32019175193,245311.9055804191,245757.77351856232
2025-07-16,314906.0548792962,316889.71506751224,301516.3486088379,303004.09375,516090,0.0,0.0,POSCO홀딩스,005490.KS,-4.828653647920634,314112.58125,288101.834375,262712.32135416666,60.88292931916098,-0.04949127319210075,303518.19045899645,287937.7085798347,15580.481879161729,14103.620166959725,1476.8617122020041,288101.834375,339986.74520583695,236216.923544163,36.01845225553294,318873.375,251428.921875,17357.03125,63.83882910891367,3.5,2.783,2.71,4.19,1914605.2,4235818.7,2.9,116.38,116.38,2025-10-12 21:29:11,304987.75,306475.5,0.0065466318472801165,0.011456631516220233,-0.04828653647920633,0.014614372144877503,-0.020384038858555057,-0.057104487,307432.30833748385,296827.64652869874,285701.20606985316
2025-07-17,65900.0,66800.0,64400.0,66700.0,39448683,0.0,0.0,삼성전자,005930.KS,3.091190108191655,64040.0,61553.70703125,57988.06940104167,70.72987584970483,0.030443751414723164,62884.0658239722,61198.560337646544,1685.5054863256591,1340.9970584682812,344.5084278573779,61553.70703125,65791.05224531167,57316.361817188335,13.767961081240564,66700.0,57646.41015625,2900.0,104.18644880337382,3.5,2.783,2.71,4.19,1914605.2,4235818.7,2.9,116.38,116.38,2025-10-12 21:29:11,67100.0,71600.0,0.005997001499250375,0.0734632683658171,0.03091190108191655,0.007891197122377742,-0.030357870465026963,-0.15816712,67226.3428480626,64675.1300399827,56150.25284290314
2025-07-17,283091.0880681818,289082.4338474026,267613.4448051948,269111.28125,9328322,0.0,0.0,SK하이닉스,000660.KS,-8.952703952850916,291279.275,282242.32890625,230557.24375,49.59658681901652,-0.0937910777057645,284327.8989332664,270860.54278754885,13467.356145717553,16042.729543737787,-2575.373398020234,282242.32890625,307310.3276918137,257174.3301206863,17.763458006251305,299567.3125,256629.328125,-8987.03125,376.8778524506407,3.5,2.783,2.71,4.19,1914605.2,4235818.7,2.9,116.38,116.38,2025-10-12 21:29:11,268612.03125,276101.1875,-0.001855180495150647,0.025974036530659193,-0.08952703952850916,-0.095257337267464,-0.1364255512997394,0.019453,243476.45716948938,232397.62634448952,274346.31611150503
2025-07-17,314500.0,318500.0,310500.0,317000.0,146499,0.0,0.0,LG에너지솔루션,373220.KS,1.9292604501607746,316200.0,306725.0,305483.3333333333,56.64620547037218,0.019108861698046507,311706.12945829745,306814.0163641293,4892.113094168133,3847.0584043187696,1045.0546898493635,306725.0,326084.4122355273,287365.5877644727,12.623302460202005,321500.0,288000.0,-1500.0,-37.227722772277225,3.5,2.783,2.71,4.19,1914605.2,4235818.7,2.9,116.38,116.38,2025-10-12 21:29:11,322500.0,394000.0,0.017350157728706624,0.24290220820189273,0.019292604501607746,0.15830914699012116,0.1250497860574505,-0.04776706,367183.9995958684,356640.7821802118,301857.8473329544
2025-07-17,1048000.0,1084000.0,1037000.0,1070000.0,106309,0.0,0.0,삼성바이오로직스,207940.KS,3.581800580832528,1046600.0,1023500.0,1030583.3333333334,59.65079679787255,0.035191458336313326,1038471.052648894,1030590.9985296648,7880.0541192292,3412.912818646678,4467.1413005825225,1023500.0,1074911.6513519757,972088.3486480241,10.046243547039726,1080000.0,992000.0,26000.0,189.13316963757188,3.5,2.783,2.71,4.19,1914605.2,4235818.7,2.9,116.38,116.38,2025-10-12 21:29:11,1051000.0,1033000.0,-0.017757009345794394,-0.03457943925233645,0.03581800580832528,-0.08047502295153804,-0.058711378133947105,-2.7348962,983891.7254418542,1007178.8253966765,-1856338.9158248901
2025-07-17,206130.68604910714,209590.91339285715,203164.77689732143,207613.640625,611349,0.0,0.0,현대차,005380.KS,1.2048206536156902,208305.684375,207193.46875,194236.66848958333,53.93297693619801,0.011976204647918253,207352.30824598073,204222.79905080376,3129.509195176972,3909.0794666063325,-779.5702714293607,207193.46875,215071.76732359707,199315.17017640293,7.604775016439386,214534.09375,199210.234375,-4448.859375,132.3361287584672,3.5,2.783,2.71,4.19,1914605.2,4235818.7,2.9,116.38,116.38,2025-10-12 21:29:11,208107.953125,215028.40625,0.0023809249648140745,0.035714250772148654,0.012048206536156902,0.00037783542792509605,-0.04386013016689258,-0.034934457,207692.08441374864,198507.67932276503,200360.76996927056
2025-07-17,57500.0,59100.0,57000.0,57500.0,3318001,0.0,0.0,카카오,035720.KS,2.4955436720142554,57820.0,61300.0,48525.833333333336,51.360913845098096,0.024649135274654076,58696.993491566915,57162.71442766233,1534.2790639045852,2742.6685295488874,-1208.3894656443022,61300.0,69413.66618412743,53186.33381587257,26.47199407545655,70400.0,56100.0,-2000.0,183.3930971255719,3.5,2.783,2.71,4.19,1914605.2,4235818.7,2.9,116.38,116.38,2025-10-12 21:29:11,56900.0,64400.0,-0.010434782608695653,0.12,0.024955436720142554,0.010511503769034682,-0.028378538816737093,-0.13667454,58104.411466719495,55868.23401803761,49641.21490716934
2025-07-17,100000.0,100700.0,98500.0,100200.0,687922,0.0,0.0,기아,000270.KS,0.7035175879396949,100700.0,99255.0,94098.33333333333,55.828305323671906,0.007010544486217302,99846.97549169714,98395.33168232045,1451.643809376692,1640.884566767179,-189.24075739048703,99255.0,102476.9477600401,96033.0522399599,6.492262878525214,103000.0,95900.0,100.0,291.066835302856,3.5,2.783,2.71,4.19,1914605.2,4235818.7,2.9,116.38,116.38,2025-10-12 21:29:11,99800.0,103700.0,-0.003992015968063872,0.03493013972055888,0.007035175879396949,-0.002291774776304138,-0.04154942194208459,0.42764297,99970.36416741433,96036.74792140313,143049.82273578644
2025-07-17,265500.0,272500.0,264000.0,269500.0,318854,0.0,0.0,LG화학,051910.KS,2.2770398481973375,270300.0,243150.0,217613.33333333334,68.21291990394087,0.02251502236763477,259283.09943261553,242623.55439638166,16659.545036233874,14892.195682752394,1767.3493534814806,243150.0,296939.1595417708,189360.84045822918,44.243602337463145,274000.0,202500.0,12500.0,-14.660401040699789,3.5,2.783,2.71,4.19,1914605.2,4235818.7,2.9,116.38,116.38,2025-10-12 21:29:11,272500.0,282500.0,0.011131725417439703,0.04823747680890538,0.022770398481973375,-0.02905485607293207,0.06835354240013797,-0.07886671,261669.7162883448,287921.2796768372,248245.41890621185
2025-07-17,254000.0,255000.0,242500.0,243500.0,1262077,0.0,0.0,NAVER,035420.KS,-2.6000000000000023,249000.0,260150.0,216605.0,49.77786734343108,-0.026343975339601977,251212.61983710944,244459.7036324928,6752.916204616631,10699.80874249418,-3946.8925378775493,260150.0,287032.0033714718,233267.99662852823,20.666541127404784,290500.0,243500.0,-9500.0,110.57298240808935,3.5,2.783,2.71,4.19,1914605.2,4235818.7,2.9,116.38,116.38,2025-10-12 21:29:11,242000.0,224500.0,-0.006160164271047228,-0.07802874743326489,-0.026000000000000023,0.012343235720061857,-0.017354310641058437,-0.015407038,246505.5778978351,239274.22535890227,239748.38921427727
2025-07-17,304491.8349593496,306971.4101626016,299036.7695121951,304987.75,327730,0.0,0.0,POSCO홀딩스,005490.KS,0.6546631847280215,312724.01875,290457.43125,263640.16848958336,61.91890611847014,0.006525295722220369,303744.2765422278,289200.6746109581,14543.601931269688,14191.616519821719,351.98541144796945,290457.43125,340819.8104463281,240095.05205367194,34.677976032212854,318873.375,251428.921875,-4463.21875,64.91142160537918,3.5,2.783,2.71,4.19,1914605.2,4235818.7,2.9,116.38,116.38,2025-10-12 21:29:11,308459.15625,304987.75,0.011382116986665858,0.0,0.006546631847280215,-0.024581830073587167,-0.028902014441353607,-0.047298,297490.59295497433,296172.98964506405,290562.43508066237
2025-07-18,67000.0,67800.0,66300.0,67100.0,23951531,0.0,0.0,삼성전자,005930.KS,0.599700149925031,64940.0,61951.84375,58190.3548828125,71.57244166460842,0.0059790910560580095,63532.671081822635,61635.7040163394,1896.967065483237,1452.1910598712725,444.7760056119646,61951.84375,66698.88977638436,57204.797723615644,15.324954800507792,67100.0,57646.41015625,3800.0,105.41095524297424,3.5,2.783,2.71,4.19,1914605.2,4235818.7,2.9,116.38,116.38,2025-10-12 21:29:11,67800.0,70000.0,0.010432190760059613,0.043219076005961254,0.0059970014992503096,0.007891197122377742,-0.027811046282608203,-0.15925251,67629.49932691155,65233.87879443699,56414.15561437607
2025-07-18,269610.5889869888,274603.3776719331,266614.9157760223,268612.03125,5359504,0.0,0.0,SK하이닉스,000660.KS,-0.18551804951506545,286186.63125,282841.4640625,232126.90182291667,49.325173289295684,-0.0018569034737727728,281910.0731358408,270693.98637736007,11216.086758480757,15077.400986686382,-3861.314228205625,282841.4640625,305817.4314667039,259865.4966582961,16.24653406484055,299567.3125,259125.71875,-1497.8125,375.993157960205,3.5,2.783,2.71,4.19,1914605.2,4235818.7,2.9,116.38,116.38,2025-10-12 21:29:11,272106.96875,267114.1875,0.013011098139335485,-0.0055762347763415755,-0.0018551804951506545,0.013346470507875666,-0.13384075318820113,0.38653105,272197.05380313867,232660.7946720874,372438.93907818943
2025-07-18,317000.0,323000.0,317000.0,322500.0,281309,0.0,0.0,LG에너지솔루션,373220.KS,1.7350157728706517,316400.0,307600.0,305225.0,59.50940014850124,0.01720136235854646,313366.7249262517,307975.9410778975,5390.7838483541855,4155.8034931258535,1234.980355228332,307600.0,328174.89528015384,287025.10471984616,13.377695240672196,322500.0,288000.0,12000.0,-36.13861386138614,3.5,2.783,2.71,4.19,1914605.2,4235818.7,2.9,116.38,116.38,2025-10-12 21:29:11,331000.0,383000.0,0.02635658914728682,0.1875968992248062,0.017350157728706517,0.1678215853928162,0.12153116633359494,-0.047250915,376622.46128918324,361693.80114258436,307261.576205492
2025-07-18,1080000.0,1080000.0,1033000.0,1051000.0,76032,0.0,0.0,삼성바이오로직스,207940.KS,-1.7757009345794383,1045400.0,1025250.0,1030616.6666666666,54.59324369635197,-0.017916556579000723,1040398.5830106025,1032102.7764163562,8295.8065942463,4389.491573766602,3906.3150204796975,1025250.0,1077953.2406873398,972546.7593126603,10.281051584948012,1080000.0,992000.0,13000.0,183.9990292421384,3.5,2.783,2.71,4.19,1914605.2,4235818.7,2.9,116.38,116.38,2025-10-12 21:29:11,1039000.0,1028000.0,-0.011417697431018078,-0.021883920076117985,-0.017757009345794383,-0.0770076915036975,-0.0501372669047017,-2.8504581,970064.9162296139,998305.7324831586,-1944831.5105438232
2025-07-18,207613.63494655583,210085.22583877674,206130.68041122326,208107.953125,317353,0.0,0.0,현대차,005380.KS,0.2380924964814124,208800.003125,207218.184375,194662.07005208332,54.42051422706813,0.002378095053950265,207468.5613042914,204510.58824148498,2957.9730628064135,3718.858185846349,-760.8851230399355,207218.184375,215105.1298179485,199331.23893205152,7.6122136353396375,214534.09375,199210.234375,0.0,132.88930364765648,3.5,2.783,2.71,4.19,1914605.2,4235818.7,2.9,116.38,116.38,2025-10-12 21:29:11,206625.0,214039.78125,-0.007125883959414394,0.02850361091888232,0.002380924964814124,-0.005280194429422834,-0.044980914928728105,-0.032006733,207009.1026701908,198747.06698949262,201447.09585876018
2025-07-18,57700.0,57800.0,56100.0,56900.0,1334076,0.0,0.0,카카오,035720.KS,-1.043478260869568,57200.0,60815.0,48824.166666666664,49.79098312294178,-0.010489606671019547,58420.53295440278,57143.25409968734,1277.2788547154341,2449.590594582197,-1172.3117398667628,60815.0,68752.45949016308,52877.54050983693,26.103624073544594,70400.0,56100.0,-1500.0,180.4359517642616,3.5,2.783,2.71,4.19,1914605.2,4235818.7,2.9,116.38,116.38,2025-10-12 21:29:11,56900.0,65000.0,0.0,0.14235500878734622,-0.01043478260869568,0.0125599753841474,-0.009928583766994866,-0.12925167,57614.66259935799,56335.06358365799,49545.580607652664
2025-07-18,100500.0,101400.0,99400.0,99800.0,586973,0.0,0.0,기아,000270.KS,-0.39920159680638667,100500.0,99310.0,94306.66666666667,54.49964371279331,-0.004000005333346128,99839.74849297451,98499.38118733375,1340.367305640757,1580.7811145418946,-240.4138089011376,99310.0,102529.61096048086,96090.38903951914,6.483961253611638,103000.0,95900.0,700.0,289.50569025174684,3.5,2.783,2.71,4.19,1914605.2,4235818.7,2.9,116.38,116.38,2025-10-12 21:29:11,99300.0,102200.0,-0.00501002004008016,0.02404809619238477,-0.003992015968063867,0.001965019609080229,-0.04074261577315269,0.41901645,99996.1089569862,95733.88694583936,141617.844748497
2025-07-18,272500.0,277500.0,270000.0,272500.0,244314,0.0,0.0,LG화학,051910.KS,1.1131725417439675,270400.0,246200.0,218480.0,69.41887280616348,0.011070223754246893,261316.46875067468,244836.6244410941,16479.84430958057,15209.725408118029,1270.1189014625415,246200.0,299346.66895537486,193053.33104462514,43.17357348121435,274000.0,202500.0,8000.0,-13.710424057850435,3.5,2.783,2.71,4.19,1914605.2,4235818.7,2.9,116.38,116.38,2025-10-12 21:29:11,287000.0,276000.0,0.05321100917431193,0.012844036697247707,0.011131725417439675,-0.040277414778714396,0.07979802058840159,-0.07133401,261524.40447280032,294244.9606103395,253061.48380041122
2025-07-18,243500.0,245000.0,240000.0,242000.0,703602,0.0,0.0,NAVER,035420.KS,-0.6160164271047264,246800.0,258775.0,217513.33333333334,48.72078331870029,-0.00617921636595812,249795.29370832338,244277.50336341927,5517.790344904119,9663.405062976168,-4145.614718072049,258775.0,286445.00085596467,231104.99914403536,21.385374055426258,290500.0,242000.0,-7000.0,109.27581824541117,3.5,2.783,2.71,4.19,1914605.2,4235818.7,2.9,116.38,116.38,2025-10-12 21:29:11,240000.0,226000.0,-0.008264462809917356,-0.06611570247933884,-0.006160164271047264,0.013584170089547673,-0.017354310641058437,-0.013526121,245287.36916167053,237800.25682486387,238726.67372226715
2025-07-18,309450.98633440514,316393.7969252411,303500.00582797424,308459.15625,557426,0.0,0.0,POSCO홀딩스,005490.KS,1.1382116986665913,310740.3625,292862.61953125,264642.2317708333,63.72926140098696,0.01131782806256436,304469.6426511158,290627.22880644264,13842.413844673138,14121.775984792002,-279.3621401188648,292862.61953125,341744.8292362697,243980.40982623023,33.38234820357724,318873.375,251428.921875,-5455.0625,66.78846269852896,3.5,2.783,2.71,4.19,1914605.2,4235818.7,2.9,116.38,116.38,2025-10-12 21:29:11,324328.4375,299036.75,0.05144694501186492,-0.030546690085488427,0.011382116986665913,-0.025134929626570112,-0.026205401653990504,-0.03868898,300706.05706498504,300375.8601666177,296525.1930043828
2025-07-21,67400.0,68800.0,67200.0,67800.0,17723148,0.0,0.0,삼성전자,005930.KS,1.0432190760059523,66000.0,62459.5232421875,58402.65052083333,73.03528506143562,0.010378150968713688,64189.18322308069,62092.31853364759,2096.864689433103,1581.1257857836385,515.7389036494646,62459.5232421875,67434.15408588103,57484.89239849396,15.929134855558694,67800.0,59800.0,6100.0,107.55384151227503,3.5,2.783,2.71,4.19,1914605.2,4235818.7,2.9,116.38,116.38,2025-10-12 21:29:11,66000.0,70000.0,-0.02654867256637168,0.032448377581120944,0.010432190760059523,0.007891197122377742,-0.03052930433476283,-0.16424367,68335.02316489721,65730.11316610308,56664.277267456055
2025-07-21,267114.1803325688,274104.08411697246,266115.62264908256,272106.96875,2424891,0.0,0.0,SK하이닉스,000660.KS,1.301109813933543,280694.5625,283490.5265625,233728.22864583333,51.33297369251594,0.012927180921572832,280401.90323032683,270798.6517382964,9603.251492030453,13982.571087755197,-4379.319595724744,283490.5265625,304274.47174578765,262706.5813792123,14.662885166080155,299567.3125,268612.03125,1497.84375,382.1863516520774,3.5,2.783,2.71,4.19,1914605.2,4235818.7,2.9,116.38,116.38,2025-10-12 21:29:11,268112.75,262620.65625,-0.014678855041267664,-0.034862438634254936,0.01301109813933543,0.011599160414613313,-0.13718361781614755,0.18611111,275263.1811304654,234778.35034388962,322749.0939992778
2025-07-21,324500.0,333000.0,320000.0,331000.0,329882,0.0,0.0,LG에너지솔루션,373220.KS,2.635658914728678,319600.0,309450.0,305200.0,63.51925274739341,0.02601523914123568,316079.5364760591,309681.4269239792,6398.109552079928,4604.264704916669,1793.8448471632591,309450.0,331478.45050335524,287421.54949664476,14.237163033352878,331000.0,288000.0,16000.0,-34.45544554455445,3.5,2.783,2.71,4.19,1914605.2,4235818.7,2.9,116.38,116.38,2025-10-12 21:29:11,333500.0,384000.0,0.0075528700906344415,0.16012084592145015,0.02635658914728678,0.10987349959980848,0.10313204912795028,-0.0452334,367368.12836753664,365136.70826135157,316027.75490283966
2025-07-21,1054000.0,1057000.0,1035000.0,1039000.0,57668,0.0,0.0,삼성바이오로직스,207940.KS,-1.141769743101806,1044800.0,1027600.0,1030066.6666666666,51.61660601487685,-0.011483379777723714,1040183.4163935868,1032613.6818669965,7569.734526590328,5025.540164331347,2544.1943622589806,1027600.0,1078210.5876170953,976989.4123829048,9.850250606674829,1080000.0,992000.0,10000.0,180.7564142555488,3.5,2.783,2.71,4.19,1914605.2,4235818.7,2.9,116.38,116.38,2025-10-12 21:29:11,1042000.0,1024000.0,0.0028873917228103944,-0.014436958614051972,-0.011417697431018059,-0.08949178186307763,-0.03798198476066188,-2.67112,946018.0386442624,999536.7178336723,-1736293.6055660248
2025-07-21,207119.31818181818,208107.95454545456,205636.36363636365,206625.0,460835,0.0,0.0,현대차,005380.KS,-0.7125883959414381,207218.184375,207588.92265625,195061.13020833334,52.62127235132818,-0.007151394332059228,207338.7826420927,204667.21133470832,2671.57130738438,3509.4008101539557,-837.8295027695758,207588.92265625,214531.4571855772,200646.38812692283,6.688733137098497,214534.09375,201187.5,494.3125,131.22976149447445,3.5,2.783,2.71,4.19,1914605.2,4235818.7,2.9,116.38,116.38,2025-10-12 21:29:11,204153.40625,216511.359375,-0.011961736237144586,0.04784686932849365,-0.007125883959414381,-0.000902233697389372,-0.04129673695741968,-0.03433561,206438.57596227693,198092.06172617315,199530.4039120674
2025-07-21,56700.0,57400.0,56400.0,56900.0,1111739,0.0,0.0,카카오,035720.KS,0.0,56920.0,60280.0,49124.166666666664,49.79098312294179,0.0,58186.60480757158,57125.23527748828,1061.3695300832987,2171.9463816824173,-1110.5768515991185,60280.0,67718.61900030271,52841.38099969729,24.680222296956575,70400.0,56100.0,-3200.0,180.4359517642616,3.5,2.783,2.71,4.19,1914605.2,4235818.7,2.9,116.38,116.38,2025-10-12 21:29:11,56500.0,65200.0,-0.007029876977152899,0.14586994727592267,0.0,0.0005537562072825245,-0.022975726708614124,-0.13029742,56931.50872819438,55592.68115027985,49486.07666492462
2025-07-21,99700.0,100200.0,99100.0,99300.0,422784,0.0,0.0,기아,000270.KS,-0.501002004008011,99760.0,99480.0,94495.0,52.80782841700091,-0.005022612266291332,99756.71026328612,98558.68628456828,1198.0239787178434,1504.2296873770845,-306.20570865924105,99480.0,102272.16950171764,96687.83049828236,5.6135293560869295,103000.0,96900.0,700.0,287.5542589378603,3.5,2.783,2.71,4.19,1914605.2,4235818.7,2.9,116.38,116.38,2025-10-12 21:29:11,97800.0,104000.0,-0.015105740181268883,0.0473313192346425,-0.00501002004008011,0.0015155523768415357,-0.03158645290601822,0.42537245,99450.49435102036,96163.46522643238,141539.48739767075
2025-07-21,273000.0,293000.0,271000.0,287000.0,575916,0.0,0.0,LG화학,051910.KS,5.321100917431187,273100.0,250425.0,219638.33333333334,74.46198160011338,0.05184360165632229,265267.7812505709,247959.83744545752,17307.943805113377,15629.369087517098,1678.5747175962788,250425.0,302365.52773174574,198484.4722682543,41.48190295038093,287000.0,209000.0,28500.0,-9.118868640745227,3.5,2.783,2.71,4.19,1914605.2,4235818.7,2.9,116.38,116.38,2025-10-12 21:29:11,289000.0,277500.0,0.006968641114982578,-0.033101045296167246,0.053211009174311874,-0.0361285384209026,0.06071046005981539,-0.07193762,276631.109473201,304423.902037167,266353.9028763771
2025-07-21,241500.0,245500.0,240000.0,240000.0,674282,0.0,0.0,NAVER,035420.KS,-0.8264462809917328,245000.0,256275.0,218388.33333333334,47.27911297905072,-0.008298802814695066,248288.3254455044,243960.65126242526,4327.674183079129,8596.25888699676,-4268.5847039176315,256275.0,280937.9383147356,231612.06168526437,19.247244807129537,290500.0,240000.0,-16000.0,107.54626602850692,3.5,2.783,2.71,4.19,1914605.2,4235818.7,2.9,116.38,116.38,2025-10-12 21:29:11,235000.0,225500.0,-0.020833333333333332,-0.06041666666666667,-0.008264462809917328,0.008541077393058042,-0.023999452928583707,-0.008721187,242049.85857433395,234240.1312971399,237906.9185256958
2025-07-21,307467.3260703364,326808.0127102446,305979.5809441896,324328.4375,569061,0.0,0.0,POSCO홀딩스,005490.KS,5.144694501186486,311831.375,296507.5953125,265941.5018229167,70.60814415182989,0.05016725840820266,307524.8418586364,293123.61463559506,14401.227223041351,14177.666232441872,223.56099059947883,296507.5953125,343203.958186466,249811.23243853403,31.49758293695716,324328.4375,257875.8125,13389.71875,75.36921956759369,3.5,2.783,2.71,4.19,1914605.2,4235818.7,2.9,116.38,116.38,2025-10-12 21:29:11,320361.09375,299532.6875,-0.01223248809318486,-0.07645259290591809,0.051446945011864864,-0.031192709675491346,-0.04931699439186098,-0.03831697,314211.75470955676,308333.53376669146,311901.1560783535
2025-07-22,68100.0,68500.0,65600.0,66000.0,20829006,0.0,0.0,삼성전자,005930.KS,-2.6548672566371723,66460.0,62752.9646484375,58591.57220052083,63.925804250984065,-0.02690745291992438,64467.770419529814,62381.776420044065,2085.9939994857486,1682.0994285240606,403.89457096168803,62752.9646484375,67840.40264604999,57665.526650825,16.21417577994594,67800.0,59800.0,4600.0,102.04356253407303,3.5,2.783,2.71,4.19,1914605.2,4235818.7,2.9,116.38,116.38,2025-10-12 21:29:11,66400.0,70500.0,0.006060606060606061,0.06818181818181818,-0.026548672566371723,0.016617940761891638,-0.023548857315798637,-0.16794114,67096.78409028484,64445.775417157296,54915.88389873505
2025-07-22,272606.2597765363,273105.5386405959,266614.9134078212,268112.75,3139858,0.0,0.0,SK하이닉스,000660.KS,-1.4678855041267647,274703.21875,282991.2484375,235309.50052083333,48.946131253893675,-0.014787655456970457,278511.264271815,270599.6960539781,7911.5682178369025,12768.370513771539,-4856.802295934636,282991.2484375,304776.242109641,261206.25476535893,15.396231362223467,299567.3125,268112.75,-13480.53125,375.1084080932988,3.5,2.783,2.71,4.19,1914605.2,4235818.7,2.9,116.38,116.38,2025-10-12 21:29:11,268612.03125,255131.484375,0.0018622062919424758,-0.04841718875734183,-0.014678855041267647,0.011077986983291639,-0.13602061540077007,0.12578794,271082.8995545545,231643.8887482072,301838.1094662547
2025-07-22,333000.0,341500.0,330000.0,333500.0,298394,0.0,0.0,LG에너지솔루션,373220.KS,0.7552870090634434,323000.0,311100.0,305225.0,64.62876025648477,0.007524489978615501,318759.60778743465,311445.7656703511,7313.84211708355,5146.180187350045,2167.6619297335046,311100.0,335156.0748427904,287043.9251572096,15.465171869360574,333500.0,288000.0,26500.0,-33.96039603960396,3.5,2.783,2.71,4.19,1914605.2,4235818.7,2.9,116.38,116.38,2025-10-12 21:29:11,336500.0,377500.0,0.008995502248875561,0.13193403298350825,0.007552870090634434,0.11072533047018994,0.1045063053143038,-0.043801997,370426.8977118083,368352.8528223203,318892.02535152435
2025-07-22,1039000.0,1051000.0,1036000.0,1042000.0,47332,0.0,0.0,삼성바이오로직스,207940.KS,0.2887391722810495,1047000.0,1029500.0,1029516.6666666666,52.31657565644703,0.0028832312140849347,1040462.8907945734,1033308.9646916634,7153.926102909958,5451.21735204707,1702.7087508628883,1029500.0,1079225.5626307807,979774.4373692194,9.66013844211378,1080000.0,992000.0,29000.0,181.56706800219618,3.5,2.783,2.71,4.19,1914605.2,4235818.7,2.9,116.38,116.38,2025-10-12 21:29:11,1064000.0,1019000.0,0.02111324376199616,-0.022072936660268713,0.002887391722810495,-0.09387507970373984,-0.04036382698280761,-2.6407917,944182.166948703,999940.8922839145,-1709704.9040794373
2025-07-22,206624.99712469734,207119.3152996368,202176.13355024214,204153.40625,441603,0.0,0.0,현대차,005380.KS,-1.1961736237144582,206328.409375,207613.63828125,195446.63177083334,49.67355075929118,-0.012033853479284031,206848.7247356169,204629.151698804,2219.5730368129152,3251.435255485748,-1031.8622186728326,207613.63828125,214500.56307866,200726.71348384,6.634366464962597,214534.09375,201187.5,-4448.875,128.4638520772997,3.5,2.783,2.71,4.19,1914605.2,4235818.7,2.9,116.38,116.38,2025-10-12 21:29:11,219477.28125,217994.328125,0.07506058939440301,0.06779667373294194,-0.011961736237144582,0.004440185246487538,-0.04129673695741968,-0.03303851,205059.88519245142,195722.53673313253,197408.48455596343
2025-07-22,57100.0,57100.0,56100.0,56500.0,1274106,0.0,0.0,카카오,035720.KS,-0.7029876977152849,56780.0,59585.0,49412.5,48.64142187474876,-0.0070547029798899265,57927.12714486826,57078.92155322989,848.2055916383688,1907.1982236736076,-1058.9926320352388,59585.0,65479.60949111285,53690.39050888715,19.785548346439047,69400.0,56100.0,-4300.0,178.46452152338807,3.5,2.783,2.71,4.19,1914605.2,4235818.7,2.9,116.38,116.38,2025-10-12 21:29:11,55000.0,65300.0,-0.02654867256637168,0.15575221238938053,-0.007029876977152849,0.0057183596552115535,-0.014574727399277431,-0.12764959,56823.08732051945,55676.527901940826,49287.797302007675
2025-07-22,99200.0,99700.0,97600.0,97800.0,646392,0.0,0.0,기아,000270.KS,-1.5105740181268867,99320.0,99525.0,94678.33333333333,47.99438719464735,-0.015220994010355243,99455.67791508825,98502.48730052618,953.1906145620742,1394.0218728140826,-440.8312582520084,99525.0,102167.0685675803,96882.9314324197,5.309356578910417,103000.0,96900.0,-1300.0,281.69996499620083,3.5,2.783,2.71,4.19,1914605.2,4235818.7,2.9,116.38,116.38,2025-10-12 21:29:11,106100.0,105100.0,0.08486707566462168,0.07464212678936605,-0.015105740181268867,-0.0017398080411102335,-0.03262098806239581,0.40858173,97629.84677357943,94609.66736749769,137759.29355621338
2025-07-22,292000.0,299000.0,287000.0,289000.0,418076,0.0,0.0,LG화학,051910.KS,0.6968641114982521,276300.0,254325.0,220863.33333333334,75.07259810716856,0.006944472352810995,268918.8918274061,250999.84948653475,17919.042340871383,16087.303738187955,1831.7386026834283,254325.0,305509.1618184012,203140.8381815988,40.250987373165195,289000.0,209000.0,34500.0,-8.485550652178986,3.5,2.783,2.71,4.19,1914605.2,4235818.7,2.9,116.38,116.38,2025-10-12 21:29:11,291000.0,283500.0,0.006920415224913495,-0.01903114186851211,0.006968641114982521,-0.015001730280681911,0.06891844831447672,-0.06889686,284664.49994888296,308917.4315628838,269088.7988805771
2025-07-22,241500.0,242000.0,234500.0,235000.0,930384,0.0,0.0,NAVER,035420.KS,-2.083333333333337,242100.0,253500.0,219076.66666666666,43.7904739206039,-0.02105340919783238,246243.96768465757,243296.89931706045,2947.068367597123,7466.420783116833,-4519.35241551971,253500.0,274104.03639557405,232895.96360442595,16.25565001623199,283500.0,235000.0,-23000.0,103.22238548624637,3.5,2.783,2.71,4.19,1914605.2,4235818.7,2.9,116.38,116.38,2025-10-12 21:29:11,231500.0,221500.0,-0.014893617021276596,-0.0574468085106383,-0.02083333333333337,0.008822110025485266,-0.019983343650684084,-0.005099206,237073.19585598903,230303.91424208923,233801.69332027435
2025-07-22,329287.5638544892,330279.39386609907,315401.94369195047,320361.09375,412371,0.0,0.0,POSCO홀딩스,005490.KS,-1.223248809318489,312228.10625,299483.08515625,267158.29010416666,67.1779739719307,-0.01230792075965048,309499.6498419231,295141.20568110654,14358.44416081655,14213.821818116809,144.62234269974215,299483.08515625,344153.01128136384,254813.15903113614,29.83135164499064,324328.4375,257875.8125,11901.9375,73.22401767732197,3.5,2.783,2.71,4.19,1914605.2,4235818.7,2.9,116.38,116.38,2025-10-12 21:29:11,332263.0625,296557.1875,0.03715172966442652,-0.0743033617826759,-0.01223248809318489,-0.006900882818491035,-0.035824423181355675,-0.04031678,318150.31938242767,308884.342356658,307445.172246946
2025-07-23,66200.0,66500.0,64900.0,66400.0,15687058,0.0,0.0,삼성전자,005930.KS,0.60606060606061,66800.0,63026.65,58775.56497395833,64.97138138525455,0.006042314455962662,64765.03650883292,62679.42261115191,2085.6138976810107,1762.8023223554508,322.81157532555994,63026.65,68286.34149685355,57766.95850314645,16.69037303062609,67800.0,59800.0,6000.0,103.2680689736735,3.5,2.783,2.71,4.19,1914605.2,4235818.7,2.9,116.38,116.38,2025-10-12 21:29:11,66000.0,70600.0,-0.006024096385542169,0.06325301204819277,0.0060606060606061,0.007047070625057121,-0.03054432114538525,-0.17279527,66867.92548950379,64371.85707594641,54926.39236450195
2025-07-23,267114.19464451674,270609.1467239777,264118.52143355017,268612.03125,3116279,0.0,0.0,SK하이닉스,000660.KS,0.18622062919424476,269311.0125,282142.475,236779.4828125,49.263704694561,0.0018604745353975592,276988.30534538196,270452.4616240538,6535.843721328187,11521.86515528287,-4986.021433954684,282142.475,304806.5959470536,259478.35405294638,16.065727747694563,299567.3125,268112.75,-11982.6875,375.993157960205,3.5,2.783,2.71,4.19,1914605.2,4235818.7,2.9,116.38,116.38,2025-10-12 21:29:11,269111.28125,244646.640625,0.0018586285866523337,-0.0892193492356832,0.0018622062919424476,0.0031970880898483487,-0.1311454161174841,0.20237616,269470.80757589935,233384.7946375561,322972.693865262
2025-07-23,337500.0,339500.0,330000.0,336500.0,177219,0.0,0.0,LG에너지솔루션,373220.KS,0.8995502248875464,328100.0,313025.0,305016.6666666667,65.96640348519304,0.00895528372910399,321488.8988970601,313301.6348799547,8187.264017105394,5754.396953301115,2432.8670638042786,313025.0,338769.64686308766,287280.35313691234,16.44893977355653,336500.0,288000.0,31500.0,-33.366336633663366,3.5,2.783,2.71,4.19,1914605.2,4235818.7,2.9,116.38,116.38,2025-10-12 21:29:11,368000.0,372500.0,0.09361069836552749,0.10698365527488855,0.008995502248875464,0.09871571421286666,0.10685204610055066,-0.047784053,369717.8378326297,372455.71351283527,320420.6737577915
2025-07-23,1058000.0,1078000.0,1046000.0,1064000.0,107244,0.0,0.0,삼성바이오로직스,207940.KS,2.111324376199608,1053200.0,1032500.0,1029483.3333333334,57.20594075199869,0.020893447588277388,1044083.9845184851,1035582.3747145032,8501.609803981963,6061.295842434049,2440.313961547914,1032500.0,1082981.8883623811,982018.1116376189,9.778574016926129,1080000.0,992000.0,46000.0,187.5118621442771,3.5,2.783,2.71,4.19,1914605.2,4235818.7,2.9,116.38,116.38,2025-10-12 21:29:11,1088000.0,1017000.0,0.022556390977443608,-0.044172932330827065,0.02111324376199608,-0.09012163301315917,-0.056401050221807435,-2.7603374,968110.5824739987,1003989.282563997,-1872998.9433288574
2025-07-23,210579.55363175677,220465.91765202704,210579.55363175677,219477.28125,2832242,0.0,0.0,현대차,005380.KS,7.506058939440297,209195.45625,207860.79765625,196016.00625,63.37298977074259,0.07237702221868705,208791.57958398352,205729.01314704074,3062.566436942783,3213.6614917771553,-151.09505483437215,207860.79765625,216029.06485633104,199692.53045616898,7.859362893035085,219477.28125,201187.5,12357.953125,145.61248346953755,3.5,2.783,2.71,4.19,1914605.2,4235818.7,2.9,116.38,116.38,2025-10-12 21:29:11,215028.40625,218982.953125,-0.02027032125904831,-0.0022522974687157965,0.07506058939440297,0.0017811569607793954,-0.045716874362601266,-0.02882583,219868.20473723134,209443.46595764844,213150.66875801794
2025-07-23,56700.0,56900.0,54100.0,55000.0,1861734,0.0,0.0,카카오,035720.KS,-2.6548672566371723,56560.0,58865.0,49672.5,44.49294636194662,-0.02690745291992438,57476.799891811606,56924.92736410175,551.8725277098565,1636.1330844808574,-1084.260556771001,58865.0,62952.606428691026,54777.393571308974,13.88807076765829,63100.0,55000.0,-5500.0,171.0716581201123,3.5,2.783,2.71,4.19,1914605.2,4235818.7,2.9,116.38,116.38,2025-10-12 21:29:11,54100.0,64000.0,-0.016363636363636365,0.16363636363636364,-0.026548672566371723,0.008257721315694962,-0.017656565784615035,-0.12656768,55454.17467236322,54028.88888184617,48038.778603076935
2025-07-23,100800.0,106100.0,100500.0,106100.0,3318750,0.0,0.0,기아,000270.KS,8.48670756646217,100640.0,99775.0,94946.66666666667,66.29930377616924,0.08145746857916583,100477.88131276699,99065.26601900572,1412.6152937612642,1397.740557003519,14.874736757745268,99775.0,103686.0504713542,95863.9495286458,7.839740358515066,106100.0,96900.0,6500.0,314.09372480671686,3.5,2.783,2.71,4.19,1914605.2,4235818.7,2.9,116.38,116.38,2025-10-12 21:29:11,105000.0,103900.0,-0.010367577756833177,-0.020735155513666354,0.0848670756646217,0.02374992117092972,-0.05330770804947508,0.43738776,108619.86663623565,100444.0521759507,152506.8354845047
2025-07-23,296000.0,301000.0,289000.0,291000.0,431760,0.0,0.0,LG화학,051910.KS,0.6920415224913601,281800.0,258250.0,221980.0,75.69834946366188,0.006896579059060459,272315.98539242055,253962.8235986433,18353.161793777253,16540.475349305816,1812.6864444714374,258250.0,307947.5060265889,208552.4939734111,38.48790398961386,291000.0,209000.0,31000.0,-7.852232663612757,3.5,2.783,2.71,4.19,1914605.2,4235818.7,2.9,116.38,116.38,2025-10-12 21:29:11,305000.0,293000.0,0.048109965635738834,0.006872852233676976,0.006920415224913601,-0.02227557683072209,0.07605749530283078,-0.07617411,284517.80714225984,313132.73113312374,268833.3252668381
2025-07-23,236000.0,237500.0,229500.0,231500.0,719824,0.0,0.0,NAVER,035420.KS,-1.4893617021276562,238400.0,250900.0,219720.0,41.48298591998738,-0.015005640617870162,243975.66496394103,242423.05492320412,1552.6100407369086,6283.6586346408485,-4731.04859390394,250900.0,268463.7185848266,233336.28141517338,14.00057280576056,262500.0,231500.0,-22500.0,100.19566910666397,3.5,2.783,2.71,4.19,1914605.2,4235818.7,2.9,116.38,116.38,2025-10-12 21:29:11,227000.0,223000.0,-0.019438444924406047,-0.0367170626349892,-0.014893617021276562,0.00770537905548498,-0.020187814915532006,-0.006098894,233283.7952513448,226826.52084705434,230088.1124138832
2025-07-23,327303.91231343284,339205.87276119407,326312.08227611944,332263.0625,768304,0.0,0.0,POSCO홀딩스,005490.KS,3.715172966442659,318079.9,302731.32890625,268442.56979166664,71.6305863347702,0.03647823451766266,313001.71332778106,297890.9728528764,15110.740474904655,14393.20554947438,717.5349254302746,302731.32890625,346993.22520409373,258469.4326084063,29.241701846821915,332263.0625,257875.8125,22812.09375,79.65958955345567,3.5,2.783,2.71,4.19,1914605.2,4235818.7,2.9,116.38,116.38,2025-10-12 21:29:11,331271.25,300028.59375,-0.0029850218454541572,-0.09701490291295922,0.03715172966442659,-0.013205773649126583,-0.046596135164806124,-0.043662123,327875.2717046594,316780.8879294776,317755.7491942607
2025-07-24,66500.0,66800.0,65900.0,66000.0,12660193,0.0,0.0,삼성전자,005930.KS,-0.6024096385542133,66660.0,63335.0,58952.89108072917,63.00477446005296,-0.006042314455962586,64955.030892089395,62925.39130662214,2029.639585467252,1816.1697749778111,213.46981048944076,63335.0,68529.03504031009,58140.96495968991,16.40178429086631,67800.0,59800.0,5000.0,102.04356253407303,3.5,2.783,2.71,4.19,1914605.2,4235818.7,2.9,116.38,116.38,2025-10-12 21:29:11,65900.0,71400.0,-0.0015151515151515152,0.08181818181818182,-0.0060240963855421326,0.010978391662591352,-0.02352756249056487,-0.17146482,66724.57384973104,64447.18087562272,54683.32314491272
2025-07-24,276600.46347402595,278597.5787337662,268612.00243506493,269111.28125,3667144,0.0,0.0,SK하이닉스,000660.KS,0.18586285866524221,269311.0125,280969.16875,238302.64010416667,49.601296874543685,0.0018569034737728532,275776.45548455394,270353.11492967943,5423.340554874507,10302.160235201198,-4878.819680326691,280969.16875,303787.8479228536,258150.48957714642,16.242834951871274,299567.3125,268112.75,-27460.34375,376.8778524506407,3.5,2.783,2.71,4.19,1914605.2,4235818.7,2.9,116.38,116.38,2025-10-12 21:29:11,265616.34375,250637.984375,-0.012986960203846898,-0.06864556843991466,0.0018586285866524221,0.0031430292215794704,-0.13176535089952615,0.17925629,269957.1058708255,233651.7388450727,317351.1791972779
2025-07-24,340500.0,370000.0,340000.0,368000.0,1038021,0.0,0.0,LG에너지솔루션,373220.KS,9.361069836552737,338300.0,316575.0,305458.3333333333,76.16070383894558,0.08948478908414834,328644.452912897,317353.3656295877,11291.087283309316,6861.735019302755,4429.352264006561,316575.0,351099.2477718249,282050.7522281751,21.81110180641231,368000.0,288000.0,50000.0,-27.12871287128713,3.5,2.783,2.71,4.19,1914605.2,4235818.7,2.9,116.38,116.38,2025-10-12 21:29:11,363500.0,367500.0,-0.012228260869565218,-0.001358695652173913,0.09361069836552738,0.11803645095021822,0.07127752112139932,-0.04988229,411437.41394968034,394230.12777267495,349643.3162689209
2025-07-24,1080000.0,1130000.0,1078000.0,1088000.0,184742,0.0,0.0,삼성바이오로직스,207940.KS,2.2556390977443552,1056800.0,1036950.0,1030183.3333333334,61.80685082542135,0.022305757514298186,1050840.2945925645,1039465.1617726882,11375.132819876308,7124.063237922501,4251.069581953807,1036950.0,1090590.0282585619,983309.9717414381,10.345730895137056,1088000.0,992000.0,8000.0,193.9970921174563,3.5,2.783,2.71,4.19,1914605.2,4235818.7,2.9,116.38,116.38,2025-10-12 21:29:11,1066000.0,1030000.0,-0.02022058823529412,-0.05330882352941176,0.022556390977443552,-0.09848043171364584,-0.05995478227672893,-2.9233277,980853.2902955533,1022769.196882919,-2092580.5206298828
2025-07-24,218488.6334770115,222937.4970545977,212062.49719827587,215028.40625,1417925,0.0,0.0,현대차,005380.KS,-2.0270321259048263,210678.409375,208256.2515625,196529.1140625,58.40244691300402,-0.020478583387260243,209751.09137875529,206417.85708059327,3333.234298162017,3237.576053054128,95.65824510788889,208256.2515625,217017.64964901895,199494.85347598104,8.414055300413931,219477.28125,201187.5,9392.046875,140.63383952437732,3.5,2.783,2.71,4.19,1914605.2,4235818.7,2.9,116.38,116.38,2025-10-12 21:29:11,214039.78125,217500.0,-0.00459764836302878,0.011494266237207904,-0.020270321259048263,0.003489615940573912,-0.038607537464790904,-0.025787676,215778.7728041262,206726.68899970883,209483.32863867097
2025-07-24,55500.0,55900.0,53500.0,54100.0,1968455,0.0,0.0,카카오,035720.KS,-1.6363636363636358,55880.0,58415.0,49916.666666666664,42.169074017655866,-0.016498999380035077,56957.29221614828,56715.673485279396,241.61873086888227,1357.2302137584625,-1115.6114828895802,58415.0,62521.105851441855,54308.894148558145,14.058395451311664,60900.0,54100.0,-6700.0,166.6359400781468,3.5,2.783,2.71,4.19,1914605.2,4235818.7,2.9,116.38,116.38,2025-10-12 21:29:11,55800.0,63600.0,0.031423290203327174,0.1756007393715342,-0.016363636363636358,0.0071182570579557064,-0.013837411898980903,-0.12670532,54485.097706835404,53351.396016265135,47245.243871212006
2025-07-24,107200.0,109000.0,104000.0,105000.0,2027261,0.0,0.0,기아,000270.KS,-1.0367577756833168,101600.0,100070.0,95216.66666666667,63.12799306309843,-0.010421695462414072,101173.59188003361,99504.87594352382,1668.7159365097905,1451.9356329047735,216.78030360501702,100070.0,104606.6809105575,95533.3190894425,9.067014910677514,106100.0,96900.0,4900.0,309.80057591616645,3.5,2.783,2.71,4.19,1914605.2,4235818.7,2.9,116.38,116.38,2025-10-12 21:29:11,104100.0,104800.0,-0.008571428571428572,-0.0019047619047619048,-0.010367577756833168,0.006250625263202387,-0.05319491509395924,0.44786978,105656.31565263626,99414.53391513428,152026.32665634155
2025-07-24,288500.0,305000.0,287500.0,305000.0,546808,0.0,0.0,LG화학,051910.KS,4.810996563573888,288900.0,262700.0,223346.66666666666,79.56535358457877,0.04698850943591916,277344.29533204815,257743.35518392897,19600.940148119174,17152.568309068487,2448.3718390506874,262700.0,312406.93057681335,212993.06942318665,37.84311425718565,305000.0,209000.0,31000.0,-3.419006743649111,3.5,2.783,2.71,4.19,1914605.2,4235818.7,2.9,116.38,116.38,2025-10-12 21:29:11,307000.0,287500.0,0.006557377049180328,-0.05737704918032787,0.04810996563573888,-0.024101493879050608,0.0642033155759377,-0.075226955,297649.0443668896,324582.011250661,282055.7764172554
2025-07-24,233000.0,234500.0,225000.0,227000.0,1177878,0.0,0.0,NAVER,035420.KS,-1.943844492440605,235100.0,249200.0,220311.66666666666,38.662167343494026,-0.019629856044886092,241364.0242002578,241280.60641037417,83.41778988362057,5043.610465689403,-4960.1926758057825,249200.0,269076.9901353996,229323.00986460035,15.95264055810565,262500.0,227000.0,-32500.0,96.30417661862948,3.5,2.783,2.71,4.19,1914605.2,4235818.7,2.9,116.38,116.38,2025-10-12 21:29:11,234500.0,222000.0,0.03303964757709251,-0.022026431718061675,-0.01943844492440605,0.004281416788097496,-0.008719152981431746,-0.003428309,227971.88161089816,225020.75227321498,226221.78035974503
2025-07-24,330279.4199101796,334246.74026946106,327799.8446856287,331271.25,361085,0.0,0.0,POSCO홀딩스,005490.KS,-0.2985021845454128,323336.6,306029.16484375,269759.3971354167,70.76902114016545,-0.0029894859089276966,315812.4112773532,300363.58597488556,15448.825302467623,14604.329500073029,844.4958023945946,306029.16484375,348338.2888198295,263720.0408676705,27.65038684968564,332263.0625,257875.8125,19340.6875,79.12330175389329,3.5,2.783,2.71,4.19,1914605.2,4235818.7,2.9,116.38,116.38,2025-10-12 21:29:11,329783.5,297549.0,-0.004491032650735613,-0.10179648852715109,-0.0029850218454541277,-0.009649091222546148,-0.045400834076489587,-0.03950368,328074.78348934307,316231.2589444387,318184.8120479286
2025-07-25,65700.0,66300.0,65500.0,65900.0,8080910,0.0,0.0,삼성전자,005930.KS,-0.15151515151514694,66420.0,63590.0,59128.550520833334,62.49548021920229,-0.0015163005179639638,65100.410754844874,63145.7326913168,1954.6780635280738,1843.871432687864,110.80663084020989,63590.0,68760.72732336576,58419.27267663424,16.26270584483649,67800.0,59800.0,3300.0,101.7374359241729,3.5,2.783,2.71,4.19,1914605.2,4235818.7,2.9,116.38,116.38,2025-10-12 21:29:11,70400.0,71500.0,0.06828528072837632,0.08497723823975721,-0.0015151515151514694,0.010093693286794377,-0.02627029056533142,-0.17103241,66565.17438759975,64168.787851744666,54628.96294593811
2025-07-25,272606.2475328948,274603.3628994361,265117.0649083647,265616.34375,2171063,0.0,0.0,SK하이닉스,000660.KS,-1.2986960203846931,268711.875,280070.4671875,239666.21145833333,47.232018164805744,-0.013072028089672802,274213.36137154564,270002.24299044395,4211.118381101696,9083.951864381297,-4872.833483279601,280070.4671875,303850.03731984796,256290.897055152,16.981133620509997,299567.3125,265616.34375,-28458.90625,370.6846587587682,3.5,2.783,2.71,4.19,1914605.2,4235818.7,2.9,116.38,116.38,2025-10-12 21:29:11,261622.109375,259125.71875,-0.015037607696156686,-0.024436090446712206,-0.012986960203846931,0.001545937300887682,-0.12970480375727114,0.15588233,266026.9699635285,231164.62800918237,307021.2458834499
2025-07-25,363500.0,366500.0,356500.0,363500.0,379275,0.0,0.0,LG에너지솔루션,373220.KS,-1.2228260869565188,346500.0,320350.0,305791.6666666667,72.80563661529963,-0.012303641195356842,334006.8447724513,320771.6348422108,13235.209930240526,8136.430001490309,5098.779928750217,320350.0,358080.48467332544,282619.51532667456,23.555788776853714,368000.0,297000.0,42000.0,-28.01980198019802,3.5,2.783,2.71,4.19,1914605.2,4235818.7,2.9,116.38,116.38,2025-10-12 21:29:11,380500.0,380000.0,0.04676753782668501,0.0453920220082531,-0.012228260869565188,0.08425811397173913,0.07727575147943354,-0.042945072,394127.82442872715,391589.7356627741,347889.4608914852
2025-07-25,1089000.0,1089000.0,1062000.0,1066000.0,57983,0.0,0.0,삼성바이오로직스,207940.KS,-2.0220588235294157,1059800.0,1040450.0,1030700.0,55.8764358961503,-0.020427822690098126,1053172.556962939,1041430.7053450816,11741.851617857348,8047.62091390947,3694.2307039478783,1040450.0,1091931.1155974527,988968.8844025473,9.895932644039164,1088000.0,992000.0,9000.0,188.05229797537538,3.5,2.783,2.71,4.19,1914605.2,4235818.7,2.9,116.38,116.38,2025-10-12 21:29:11,1067000.0,1030000.0,0.0009380863039399625,-0.03377110694183865,-0.020220588235294157,-0.08986237537111169,-0.05990617837445181,-2.9828324,970206.707854395,1002140.0138528344,-2113699.372291565
2025-07-25,212556.82664549653,218488.6450635104,211568.19024249422,214039.78125,665815,0.0,0.0,현대차,005380.KS,-0.45976483630287834,211864.775,208824.71796875,197027.3703125,57.32642636677778,-0.004608250055982074,210410.88982048526,206982.44405610487,3428.4457643803908,3275.749995319381,152.69576906100974,208824.71796875,217535.32793477227,200114.1080027277,8.342508540895816,219477.28125,201187.5,8403.421875,139.52748974599874,3.5,2.783,2.71,4.19,1914605.2,4235818.7,2.9,116.38,116.38,2025-10-12 21:29:11,216017.046875,219477.28125,0.00923784173882396,0.02540415603232635,-0.0045976483630287834,0.004443162910659267,-0.03634633582191469,-0.046101086,214990.7948674556,206260.21948143834,204172.3133263439
2025-07-25,54000.0,55900.0,53700.0,55800.0,1822409,0.0,0.0,카카오,035720.KS,3.1423290203327126,55660.0,58160.0,50214.166666666664,47.723263187715354,0.03093968353482937,56779.24725981777,56647.84581970315,131.40144011461962,1112.064459029694,-980.6630189150744,58160.0,62249.73039905193,54070.26960094807,14.063722142544458,60800.0,54100.0,-4200.0,175.01451860185938,3.5,2.783,2.71,4.19,1914605.2,4235818.7,2.9,116.38,116.38,2025-10-12 21:29:11,55900.0,64700.0,0.0017921146953405018,0.15949820788530467,0.031423290203327126,0.0011894667256176852,-0.02497379730203722,-0.124394186,55866.372243289465,54406.46211054632,48858.80484580994
2025-07-25,105000.0,107000.0,102400.0,104100.0,1395349,0.0,0.0,기아,000270.KS,-0.8571428571428563,102460.0,100390.0,95481.66666666667,60.57495418234921,-0.008608374536600164,101623.8085138746,99845.25550326279,1778.5530106118094,1517.2591084461808,261.29390216562865,100390.0,105121.48468965369,95658.51531034631,9.42620717133916,106100.0,96900.0,3300.0,306.28799955117086,3.5,2.783,2.71,4.19,1914605.2,4235818.7,2.9,116.38,116.38,2025-10-12 21:29:11,105500.0,104700.0,0.013448607108549471,0.005763688760806916,-0.008571428571428563,0.008575051365798019,-0.04630757821693796,0.6982017,104992.66284717958,99279.38110761676,176782.79242515564
2025-07-25,305000.0,308000.0,299000.0,307000.0,382336,0.0,0.0,LG화학,051910.KS,0.6557377049180246,295800.0,267600.0,224721.66666666666,80.05365593316176,0.006535970979785449,281906.71143480996,261391.99554067495,20514.715894135006,17824.99782608179,2689.7180680532147,267600.0,314244.90720776294,220955.09279223703,34.86166457979294,307000.0,211500.0,35000.0,-2.7856887550828713,3.5,2.783,2.71,4.19,1914605.2,4235818.7,2.9,116.38,116.38,2025-10-12 21:29:11,313000.0,292500.0,0.019543973941368076,-0.04723127035830619,0.006557377049180246,-0.03475168808980088,0.027611219790353084,-0.07170235,296331.2317564311,315476.6444756384,284987.3751401901
2025-07-25,226500.0,236000.0,225000.0,234500.0,1202489,0.0,0.0,NAVER,035420.KS,3.3039647577092435,233600.0,248050.0,220995.0,45.334146926808494,0.03250557040493131,240308.0204771412,240778.33926886498,-470.31879172378103,3940.8246142067665,-4411.1434059305475,248050.0,268556.4816454299,227543.51835457006,16.53415169960083,262500.0,227000.0,-18500.0,102.78999743202033,3.5,2.783,2.71,4.19,1914605.2,4235818.7,2.9,116.38,116.38,2025-10-12 21:29:11,235500.0,225500.0,0.0042643923240938165,-0.03837953091684435,0.033039647577092435,0.024010662205783493,-0.003062358618325398,-0.0026753084,240130.5002872562,233781.8769040027,233872.64335155487
2025-07-25,329287.584962406,332758.99022556393,324824.34962406015,329783.5,275438,0.0,0.0,POSCO홀딩스,005490.KS,-0.44910326507355824,327601.46875,309624.54921875,271002.35078125,69.4201811071926,-0.004501147633711047,317961.80954237573,302542.8388656348,15418.970676740922,14767.257735406609,651.7129413343137,309624.54921875,346587.63659807394,272661.461839426,23.87607020992997,332263.0625,258867.640625,11406.0625,78.31885315720896,3.5,2.783,2.71,4.19,1914605.2,4235818.7,2.9,116.38,116.38,2025-10-12 21:29:11,320361.09375,303500.0,-0.028571490841718884,-0.07969925723997713,-0.0044910326507355824,-0.010973186431889673,-0.04393095078700243,-0.044268332,326164.7241723389,315295.79729113454,315184.5417660177
2025-07-28,68200.0,70400.0,67200.0,70400.0,35332500,0.0,0.0,삼성전자,005930.KS,6.828528072837625,66940.0,64120.0,59377.553450520834,73.05196985325564,0.06605482165553511,65915.73217717643,63683.08582529334,2232.646351883086,1921.6264165269085,311.0199353561775,64120.0,69802.69765441996,58437.30234558005,17.72519542863367,70400.0,60200.0,7900.0,115.5131333696779,3.5,2.783,2.71,4.19,1914605.2,4235818.7,2.9,116.38,116.38,2025-10-12 21:29:11,70600.0,70300.0,0.002840909090909091,-0.0014204545454545455,0.06828528072837625,0.0037674825075863254,-0.025997297139581047,-0.16947225,70665.23076853408,68569.79028137348,58469.15588378906
2025-07-28,260623.55170562977,265117.0612177958,258127.1575322042,261622.109375,2877357,0.0,0.0,SK하이닉스,000660.KS,-1.5037607696156696,266614.903125,278572.63046875,241003.08229166668,44.60943848713605,-0.015151818941127819,272276.2456797694,269381.4923522629,2894.753327506478,7846.112157006333,-4951.358829499855,278572.63046875,303063.23733677383,254082.0236007262,17.58292394110206,299567.3125,261622.109375,-37945.203125,363.6066875117545,3.5,2.783,2.71,4.19,1914605.2,4235818.7,2.9,116.38,116.38,2025-10-12 21:29:11,262121.390625,261122.828125,0.0019084061786396947,-0.0019084061786396947,-0.015037607696156696,0.001545937300887682,-0.1015491749971604,0.21782541,262026.56075261973,235054.6000069519,318610.0533341989
2025-07-28,369500.0,384000.0,369500.0,380500.0,716214,0.0,0.0,LG에너지솔루션,373220.KS,4.676753782668497,356400.0,324525.0,306366.6666666667,76.93872492263102,0.04570688032816644,341159.6378843819,325195.9581872322,15963.679697149724,9701.879940622193,6261.799756527531,324525.0,369213.95424575056,279836.04575424944,27.54114736661309,380500.0,297500.0,65500.0,-24.653465346534652,3.5,2.783,2.71,4.19,1914605.2,4235818.7,2.9,116.38,116.38,2025-10-12 21:29:11,392000.0,381000.0,0.030223390275952694,0.001314060446780552,0.04676753782668497,0.038606065307067366,0.04831683599891648,-0.06488728,395189.60784933914,398884.55609758775,355810.387969017
2025-07-28,1078000.0,1079000.0,1054000.0,1067000.0,62136,0.0,0.0,삼성바이오로직스,207940.KS,0.09380863039398779,1065400.0,1044200.0,1031200.0,56.08271061041014,0.0009376465759634323,1055299.8558917176,1043324.7271713719,11975.128720345674,8833.122475196711,3142.006245148963,1044200.0,1091584.6521899055,996815.3478100945,9.075780921261353,1088000.0,1003000.0,25000.0,188.32251589092454,3.5,2.783,2.71,4.19,1914605.2,4235818.7,2.9,116.38,116.38,2025-10-12 21:29:11,1088000.0,1019000.0,0.019681349578256794,-0.04498594189315839,0.0009380863039398779,-0.13038697281555112,-0.057309597807771555,-2.905894,927877.100005807,1005850.6591391078,-2033588.9418125153
2025-07-28,218982.95598541189,219971.5923555492,213545.45594965675,216017.046875,692799,0.0,0.0,현대차,005380.KS,0.9237841738823915,213743.184375,209566.1953125,197555.32994791667,58.955218199649146,0.0091954338503326,211273.3755211798,207651.67389454154,3621.7016266382707,3344.9403215831594,276.7613050551113,209566.1953125,218061.53982301222,201070.85080198778,8.107552363437406,219477.28125,204153.40625,1482.953125,141.74020678837005,3.5,2.783,2.71,4.19,1914605.2,4235818.7,2.9,116.38,116.38,2025-10-12 21:29:11,215522.734375,216017.046875,-0.0022883032017655437,0.0,0.009237841738823915,-0.0004797888045724563,-0.03933033268685503,-0.041126095,215913.40431431256,207521.0245553743,207133.11416412238
2025-07-28,56800.0,57200.0,55400.0,55900.0,1437014,0.0,0.0,카카오,035720.KS,0.17921146953405742,55460.0,57955.0,50511.666666666664,48.03939665046249,0.0017905107737882938,56643.97845061504,56592.449833058476,51.528617556563404,899.9572907350679,-848.4286731785045,57955.0,62067.356220501584,53842.643779498416,14.191549376245655,60800.0,54100.0,-2400.0,175.50737616207775,3.5,2.783,2.71,4.19,1914605.2,4235818.7,2.9,116.38,116.38,2025-10-12 21:29:11,56000.0,65000.0,0.0017889087656529517,0.16279069767441862,0.0017921146953405742,0.0011894667256176852,-0.026707573704002396,-0.119107045,55966.49118996202,54407.04662994627,49241.91492199898
2025-07-28,106300.0,107500.0,104500.0,105500.0,1045072,0.0,0.0,기아,000270.KS,1.344860710854956,103700.0,100820.0,95761.66666666667,63.076500298799616,0.013358977295198074,102220.1456655862,100264.12546598406,1956.020199602135,1605.0113266773717,351.0088729247634,100820.0,105773.93517157993,95866.06482842007,9.827286593096463,106100.0,97800.0,2500.0,311.752007230053,3.5,2.783,2.71,4.19,1914605.2,4235818.7,2.9,116.38,116.38,2025-10-12 21:29:11,105700.0,103000.0,0.0018957345971563982,-0.023696682464454975,0.01344860710854956,0.002961476265933576,-0.05447588627488189,0.713174,105812.435746056,99752.79399799996,180739.85546827316
2025-07-28,309500.0,318500.0,309500.0,313000.0,312827,0.0,0.0,LG화학,051910.KS,1.9543973941368087,301000.0,272675.0,226255.0,81.48318781430271,0.019355442952956072,286690.294290993,265214.8106858101,21475.483605182904,18555.094981902013,2920.388623280891,272675.0,315554.6050158534,229795.3949841466,31.45107180038757,313000.0,229000.0,39500.0,-0.8857347893841627,3.5,2.783,2.71,4.19,1914605.2,4235818.7,2.9,116.38,116.38,2025-10-12 21:29:11,308000.0,289500.0,-0.01597444089456869,-0.07507987220447285,0.019543973941368087,-0.02428312166137821,0.017825094276284884,-0.07878764,305399.3829199886,318579.25450847717,288339.473426342
2025-07-28,236000.0,237000.0,232000.0,235500.0,600063,0.0,0.0,NAVER,035420.KS,0.4264392324093924,232700.0,246700.0,221661.66666666666,46.17483535450019,0.004255325570138491,239568.32501911948,240387.35117487496,-819.0261557554768,2988.854460214318,-3807.8806159697947,246700.0,266750.9876381147,226649.01236188528,16.255360874028955,262000.0,227000.0,-13500.0,103.65477354047243,3.5,2.783,2.71,4.19,1914605.2,4235818.7,2.9,116.38,116.38,2025-10-12 21:29:11,233000.0,221000.0,-0.010615711252653927,-0.06157112526539278,0.004264392324093924,0.0040182691750922225,-0.0037532045724668825,0.013250648,236446.30239073423,234616.12032318406,238620.51379680634
2025-07-28,327303.90383126936,332263.0538893189,314906.0286861455,320361.09375,419489,0.0,0.0,POSCO홀딩스,005490.KS,-2.857149084171884,326808.0,312699.221875,272047.365625,61.43394391037346,-0.028987600975023738,318330.93018970254,303862.70959781,14468.220591892547,14707.450306703799,-239.22971481125205,312699.221875,341130.927918264,284267.515831736,18.18469894026756,332263.0625,273745.09375,1487.71875,73.22401767732197,3.5,2.783,2.71,4.19,1914605.2,4235818.7,2.9,116.38,116.38,2025-10-12 21:29:11,313914.21875,298500.0,-0.020123776344174126,-0.0682389159498242,-0.02857149084171884,-0.008008310251099701,-0.032751392118571435,-0.041526668,317795.54271886835,309868.8219490593,307057.5626553409
2025-07-29,70800.0,70800.0,68800.0,70600.0,28190940,0.0,0.0,삼성전자,005930.KS,0.28409090909091717,67860.0,64640.0,59629.88971354167,73.41019269264157,0.0028368813351997567,66636.38876530313,64195.44983823457,2440.938927068557,2025.4889186352384,415.45000843331854,64640.0,70702.96783327611,58577.03216672389,18.759182652463213,70600.0,60400.0,6900.0,116.12538658947811,3.5,2.783,2.71,4.19,1914605.2,4235818.7,2.9,116.38,116.38,2025-10-12 21:29:11,72600.0,70600.0,0.028328611898016998,0.0,0.0028409090909091717,0.0068500495719376895,-0.02529319062951602,-0.16263753,71083.6134997788,68814.30074155616,59117.790257930756
2025-07-29,254132.92919642857,264617.78482142853,254132.92919642857,262121.390625,2944177,0.0,0.0,SK하이닉스,000660.KS,0.19084061786396322,265416.63125,277424.2890625,242368.20963541666,45.020389676201404,0.0019065874850713828,270713.96028672793,268843.7070391323,1870.253247595625,6650.940375124192,-4780.687127528567,277424.2890625,302767.48418224964,252081.09394275033,18.27035059215033,299567.3125,261622.109375,-35948.078125,364.49143737866063,3.5,2.783,2.71,4.19,1914605.2,4235818.7,2.9,116.38,116.38,2025-10-12 21:29:11,263119.9375,259625.0,0.0038094825936146356,-0.009523795898715583,0.0019084061786396322,-0.001891488551648405,-0.09373279608601129,0.24017836,261625.59101549065,237552.01976776516,325077.2728426941
2025-07-29,373000.0,394500.0,370000.0,392000.0,623554,0.0,0.0,LG에너지솔루션,373220.KS,3.0223390275952777,368100.0,329250.0,307066.6666666667,79.23755983531196,0.029775662488722092,348981.23205601546,330144.4057289187,18836.826327096787,11528.869217917112,7307.957109179675,329250.0,381286.9302059893,277213.0697940107,31.609372942134716,392000.0,302500.0,75500.0,-22.376237623762375,3.5,2.783,2.71,4.19,1914605.2,4235818.7,2.9,116.38,116.38,2025-10-12 21:29:11,393000.0,373500.0,0.002551020408163265,-0.047193877551020405,0.030223390275952777,-0.02411135274493395,-0.0026656242754793703,-0.06097988,382548.3497239859,390955.0752840121,368095.87812423706
2025-07-29,1070000.0,1095000.0,1070000.0,1088000.0,64079,0.0,0.0,삼성바이오로직스,207940.KS,1.9681349578256846,1074600.0,1048450.0,1031783.3333333334,60.28192089291995,0.01949017611413462,1060330.6472929919,1046634.0066401592,13696.640652832692,9805.826110723909,3890.814542108783,1048450.0,1095522.0612186133,1001377.9387813868,8.979362147668127,1088000.0,1009000.0,57000.0,193.9970921174563,3.5,2.783,2.71,4.19,1914605.2,4235818.7,2.9,116.38,116.38,2025-10-12 21:29:11,1098000.0,1020000.0,0.009191176470588236,-0.0625,0.019681349578256846,-0.13421578049953395,-0.06196307496872897,-2.9466736,941973.230816507,1020584.1744340229,-2117980.911254883
2025-07-29,215028.4161768922,216017.0525731078,211568.18879013762,215522.734375,646415,0.0,0.0,현대차,005380.KS,-0.22883032017655403,216017.05,209961.65,198013.27942708333,58.355551397935024,-0.0022909253685092553,211927.12303715214,208234.71541161253,3692.4076255396067,3414.433782374449,277.97384316515763,209961.65,218803.55824571103,201119.74175428896,8.422403087145709,219477.28125,204153.40625,6920.453125,141.18703189918077,3.5,2.783,2.71,4.19,1914605.2,4235818.7,2.9,116.38,116.38,2025-10-12 21:29:11,220465.90625,217500.0,0.02293573292550706,0.009174278670572383,-0.0022883032017655403,0.004326057859458808,-0.03947567219500559,-0.03947558,216455.09819393503,207014.82956224124,207014.8537022341
2025-07-29,56300.0,56600.0,55300.0,56000.0,1272773,0.0,0.0,카카오,035720.KS,0.17889087656528524,55360.0,57750.0,50804.166666666664,48.375599740403736,0.0017873105740956587,56544.90484282811,56548.564660239324,-3.6598174112150446,719.2338691058113,-722.8936865170264,57750.0,61820.6911349152,53679.3088650848,14.097631636069954,60800.0,54100.0,-1200.0,176.00023372229612,3.5,2.783,2.71,4.19,1914605.2,4235818.7,2.9,116.38,116.38,2025-10-12 21:29:11,56300.0,64100.0,0.005357142857142857,0.14464285714285716,0.0017889087656528524,-0.0014655866291696442,-0.026707573704002396,-0.122888505,55917.9271487665,54504.37587257587,49118.24369430542
2025-07-29,104300.0,106400.0,103500.0,105700.0,1196086,0.0,0.0,기아,000270.KS,0.18957345971564177,105280.0,101170.0,96013.33333333333,63.43344993057679,0.0018939399600707832,102755.50787088064,100666.78283887413,2088.725032006507,1701.754067743199,386.9709642633079,101170.0,106470.28797628818,95869.71202371182,10.477983545098702,106100.0,97800.0,5700.0,312.5325797556076,3.5,2.783,2.71,4.19,1914605.2,4235818.7,2.9,116.38,116.38,2025-10-12 21:29:11,110400.0,103500.0,0.04446546830652791,-0.020813623462630087,0.0018957345971564177,0.0015308600587662805,-0.05385668173802991,0.72813165,105861.81190821159,100007.34874029024,182663.51560354233
2025-07-29,306500.0,309000.0,298500.0,308000.0,384643,0.0,0.0,LG화학,051910.KS,-1.5974440894568676,304800.0,276625.0,227630.0,76.55904666548426,-0.016103407566578735,289968.71055391716,268384.0839683427,21584.62658557447,19161.001302636505,2423.6252829379664,276625.0,317048.90512138826,236201.0948786117,29.22650166932727,313000.0,240000.0,35000.0,-2.469029760799757,3.5,2.783,2.71,4.19,1914605.2,4235818.7,2.9,116.38,116.38,2025-10-12 21:29:11,306000.0,286500.0,-0.006493506493506494,-0.0698051948051948,-0.015974440894568676,-0.012213369180463103,0.03201410447213604,-0.07635701,304238.28229241737,317860.3441774179,284482.0418357849
2025-07-29,235500.0,240000.0,232000.0,233000.0,928345,0.0,0.0,NAVER,035420.KS,-1.0615711252653925,232300.0,245250.0,222270.0,44.33901706299439,-0.010672459890771872,238557.81347771647,239840.13997673607,-1282.326499019604,2134.6182683675333,-3416.9447673871373,245250.0,264831.14022809325,225668.85977190675,15.968310073878289,259500.0,227000.0,-16500.0,101.49283326934216,3.5,2.783,2.71,4.19,1914605.2,4235818.7,2.9,116.38,116.38,2025-10-12 21:29:11,234000.0,218000.0,0.004291845493562232,-0.06437768240343347,-0.010615711252653925,0.0021010641200556327,-0.0075042641587874095,0.007702428,233489.54793997295,231251.50645100255,234794.6754693985
2025-07-29,312426.47363744077,314906.0488250395,305979.57814968406,313914.21875,345233,0.0,0.0,POSCO홀딩스,005490.KS,-2.012377634417417,325518.625,314707.678125,272984.93255208334,56.633290361614215,-0.02032901768635269,317651.436122056,304607.2658313055,13044.170290750451,14374.79430351313,-1330.6240127626788,314707.678125,336438.53542290616,292976.8208270938,13.81018564744062,332263.0625,285647.0625,-4463.21875,69.73809628814426,3.5,2.783,2.71,4.19,1914605.2,4235818.7,2.9,116.38,116.38,2025-10-12 21:29:11,310442.8125,294000.0,-0.011058454962069156,-0.06343840947790773,-0.02012377634417417,-0.01132773247385612,-0.028037624802607006,-0.03534887,310358.28246026044,305112.809664484,302817.69886761904
2025-07-30,71000.0,73700.0,70600.0,72600.0,34761444,0.0,0.0,삼성전자,005930.KS,2.8328611898017053,69100.0,65230.0,59920.52884114583,76.74001032286716,0.027934777331554066,67553.86741679495,64818.00910947645,2735.8583073185,2167.5627963718907,568.2955109466093,65230.0,71977.5063620005,58482.49363799951,20.688353095203098,72600.0,60400.0,7900.0,122.24791878748032,3.5,2.783,2.71,4.19,1914605.2,4235818.7,2.9,116.38,116.38,2025-10-12 21:29:11,71400.0,69600.0,-0.01652892561983471,-0.04132231404958678,0.028328611898017053,0.005514043299784279,-0.025754506743720887,-0.16738708,73000.31954356433,70730.22281040586,60447.69884347916
2025-07-30,262620.65868121444,265616.33159392787,260124.2645872865,263119.9375,2482807,0.0,0.0,SK하이닉스,000660.KS,0.3809482593614577,264318.2125,276650.40625,243804.80130208333,45.8851168014817,0.003802244890245618,269545.6490887698,268419.7241103077,1125.924978462106,5545.937295791775,-4420.012317329669,276650.40625,302775.92612799344,250524.88637200653,18.887028023652835,299567.3125,261622.109375,-32453.125,366.26090942423775,3.5,2.783,2.71,4.19,1914605.2,4235818.7,2.9,116.38,116.38,2025-10-12 21:29:11,273105.53125,268500.0,0.03795073016844267,0.020447186751099012,0.003809482593614577,-0.0005733255753386247,-0.10624124440375711,0.19402298,262969.08411044977,235165.7479125612,314171.26058436185
2025-07-30,390500.0,397000.0,382500.0,393000.0,676449,0.0,0.0,LG에너지솔루션,373220.KS,0.25510204081633514,379400.0,333775.0,308208.3333333333,79.42958334339136,0.002547772078798783,355753.3502012439,334800.3756749247,20952.974526319187,13413.69027959753,7539.284246721658,333775.0,391451.47974512074,276098.52025487926,34.560095720243126,393000.0,305000.0,82000.0,-22.178217821782177,3.5,2.783,2.71,4.19,1914605.2,4235818.7,2.9,116.38,116.38,2025-10-12 21:29:11,382500.0,364000.0,-0.026717557251908396,-0.0737913486005089,0.0025510204081633514,-0.015334361298614865,-0.009571276182385484,-0.06864607,386973.59600964433,389238.4884603225,366022.09317684174
2025-07-30,1078000.0,1108000.0,1078000.0,1098000.0,91583,0.0,0.0,삼성바이오로직스,207940.KS,0.9191176470588314,1081400.0,1052900.0,1032550.0,62.13842600415279,0.009149194653588082,1066125.9323248393,1050438.8950371845,15687.03728765482,10982.068346110093,4704.968941544728,1052900.0,1101083.4214773467,1004716.5785226533,9.152516189067656,1098000.0,1013000.0,65000.0,196.6992712729476,3.5,2.783,2.71,4.19,1914605.2,4235818.7,2.9,116.38,116.38,2025-10-12 21:29:11,1067000.0,1012000.0,-0.028233151183970857,-0.07832422586520947,0.009191176470588314,-0.1378635763218537,-0.07491541251663776,-3.317497,946625.7931986047,1015742.8770567317,-2544611.72246933
2025-07-30,213051.13361827354,225409.0880044843,213051.13361827354,220465.90625,1239327,0.0,0.0,현대차,005380.KS,2.29357329255071,216214.775,210431.25234375,198589.37786458334,62.46695708639398,0.0226766628313899,213240.78199297487,209140.72954778938,4100.052445185487,3551.557514936657,548.4949302488303,210431.25234375,220442.2329910002,200420.2716964998,9.514728003326004,220465.90625,204153.40625,15323.859375,146.71883324791614,3.5,2.783,2.71,4.19,1914605.2,4235818.7,2.9,116.38,116.38,2025-10-12 21:29:11,210579.546875,222000.0,-0.04484303057629801,0.006958417181568182,0.022935732925507102,0.0011713245508065122,-0.0351903744234817,-0.042165957,220724.14337860642,212707.62846145028,211169.75516863354
2025-07-30,56300.0,58800.0,56000.0,56300.0,3314430,0.0,0.0,카카오,035720.KS,0.5357142857142838,55620.0,57630.0,51105.0,49.43266909935276,0.005342844410495446,56507.2271747007,56530.15246318456,-22.925288483857003,570.8020375878776,-593.7273260717346,57630.0,61724.20643298274,53535.79356701726,14.208594249462921,60800.0,54100.0,200.0,177.47880640295128,3.5,2.783,2.71,4.19,1914605.2,4235818.7,2.9,116.38,116.38,2025-10-12 21:29:11,58000.0,63500.0,0.03019538188277087,0.12788632326820604,0.005357142857142838,-0.0015374978292158122,-0.028558347950617603,-0.12454046,56213.43887221515,54692.16501038023,49288.37276697159
2025-07-30,105000.0,112400.0,105000.0,110400.0,1917384,0.0,0.0,기아,000270.KS,4.446546830652798,106140.0,101690.0,96346.66666666667,70.62116956692932,0.043505240966803055,103931.58358305285,101387.76188784643,2543.821695206425,1870.1675932358442,673.6541019705808,101690.0,108368.44923695107,95011.55076304893,13.134918353724201,110400.0,97800.0,10900.0,330.87603410614076,3.5,2.783,2.71,4.19,1914605.2,4235818.7,2.9,116.38,116.38,2025-10-12 21:29:11,102300.0,105700.0,-0.07336956521739131,-0.042572463768115944,0.04446546830652798,0.006723403314440698,-0.05558942327682152,0.78331774,111142.26372591426,104262.9276702389,196878.28559875488
2025-07-30,304500.0,308500.0,300500.0,306000.0,323896,0.0,0.0,LG화학,051910.KS,-0.649350649350644,307800.0,279925.0,229130.0,74.61662829216426,-0.006514681021193642,292435.06277639145,271170.4481188358,21264.61465755565,19581.723973620334,1682.8906839353149,279925.0,318493.1556673225,241356.8443326775,27.556063708009297,313000.0,254500.0,42500.0,-3.1023477493659857,3.5,2.783,2.71,4.19,1914605.2,4235818.7,2.9,116.38,116.38,2025-10-12 21:29:11,301500.0,281500.0,-0.014705882352941176,-0.08006535947712418,-0.00649350649350644,-0.019097169648727496,-0.003565735320376795,-0.081098676,300156.2660874894,304908.8849919647,281183.80522727966
2025-07-30,233500.0,240000.0,233500.0,234000.0,768748,0.0,0.0,NAVER,035420.KS,0.42918454935623185,232800.0,244350.0,222828.33333333334,45.27624431281757,0.004282661792000949,237856.61140422162,239407.53701549637,-1550.9256112747535,1397.509492439076,-2948.4351037138294,244350.0,264276.44368409505,224423.55631590498,16.309755419762663,259500.0,227000.0,-16000.0,102.35760937779426,3.5,2.783,2.71,4.19,1914605.2,4235818.7,2.9,116.38,116.38,2025-10-12 21:29:11,235000.0,217500.0,0.004273504273504274,-0.07051282051282051,0.0042918454935623185,-0.000787943327966866,-0.0028769707390631782,0.006017706,233815.62126125576,233326.78884705922,235408.13827514648
2025-07-30,312426.47264377,313914.21775159746,307963.23732028756,310442.8125,367521,0.0,0.0,POSCO홀딩스,005490.KS,-1.1058454962069142,321154.575,315947.465625,273897.3614583333,54.178254437387416,-0.011120054224572502,316542.4171032781,305039.5285475051,11502.88855577301,13800.413153965106,-2297.524598192096,315947.465625,333029.44438487885,298865.4868651212,10.813176631176743,332263.0625,303004.09375,7438.71875,67.86105519499446,3.5,2.783,2.71,4.19,1914605.2,4235818.7,2.9,116.38,116.38,2025-10-12 21:29:11,305979.5625,288000.0,-0.01437704408118645,-0.07229290418827139,-0.011058454962069142,-0.009349218147771185,-0.025408231588167265,-0.030359795,307540.41492352984,302555.009625118,301017.8293636255
2025-07-31,73000.0,74000.0,71000.0,71400.0,26568072,0.0,0.0,삼성전자,005930.KS,-1.6528925619834656,70180.0,65610.0,60211.04602864583,70.99526749076246,-0.016667052485211647,68145.58012190342,65305.56399025598,2840.0161316474405,2302.0534634270007,537.9626682204398,65610.0,72856.0225023966,58363.97749760339,22.088164921190696,72600.0,60400.0,4700.0,118.57439946867898,3.5,2.783,2.71,4.19,1914605.2,4235818.7,2.9,116.38,116.38,2025-10-12 21:29:11,68900.0,69700.0,-0.0350140056022409,-0.023809523809523808,-0.016528925619834656,0.018124037361947287,-0.0171382061954876,-0.16909851,72694.05626764304,70176.33207764219,59326.367354393005
2025-07-31,270609.13699725777,273604.81010054844,265117.06964122487,273105.53125,3472644,0.0,0.0,SK하이닉스,000660.KS,3.795073016844275,265117.0625,276400.7671875,245266.61197916666,53.723524054831636,0.037248317498111055,270093.3232674206,268766.82093547005,1326.5023319505272,4702.050303023526,-3375.5479710729987,276400.7671875,302563.4226147733,250238.1117602267,18.930957170263962,299567.3125,261622.109375,3994.25,383.9558513858896,3.5,2.783,2.71,4.19,1914605.2,4235818.7,2.9,116.38,116.38,2025-10-12 21:29:11,257627.890625,269000.0,-0.05667274681021313,-0.015032764921343936,0.03795073016844275,-0.0005192959837025731,-0.11309983170274038,0.16229881,272963.70864449494,242217.34162853748,317430.2308522649
2025-07-31,400500.0,403000.0,377000.0,382500.0,694580,0.0,0.0,LG에너지솔루션,373220.KS,-2.6717557251908386,382300.0,336975.0,309241.6666666667,71.90928674753569,-0.027080958602670697,359868.2194010525,338333.6811804858,21534.538220566697,15037.859867791365,6496.678352775332,336975.0,398082.73488812806,275867.26511187194,36.2684085692577,393000.0,305000.0,65500.0,-24.257425742574256,3.5,2.783,2.71,4.19,1914605.2,4235818.7,2.9,116.38,116.38,2025-10-12 21:29:11,373000.0,352000.0,-0.02483660130718954,-0.07973856209150326,-0.026717557251908386,0.102072497833865,0.04129236282125924,-0.07566986,421542.73042145337,398294.32877913164,353556.2691092491
2025-07-31,1095000.0,1102000.0,1060000.0,1067000.0,69865,0.0,0.0,삼성바이오로직스,207940.KS,-2.823315118397085,1077200.0,1054050.0,1032250.0,53.75079724397793,-0.02863937076772257,1066260.4042748641,1051665.6435529485,14594.760721915634,11704.606821271202,2890.1539006444327,1054050.0,1102436.4922429745,1005663.5077570254,9.181062045059441,1098000.0,1013000.0,-3000.0,188.32251589092454,3.5,2.783,2.71,4.19,1914605.2,4235818.7,2.9,116.38,116.38,2025-10-12 21:29:11,1034000.0,1001000.0,-0.030927835051546393,-0.061855670103092786,-0.02823315118397085,-0.12737170006286055,-0.06499291770069178,-3.5511785,931094.3960329278,997652.5568133618,-2722107.4118614197
2025-07-31,230352.27428110328,230352.27428110328,209590.91050469482,210579.546875,2956498,0.0,0.0,현대차,005380.KS,-4.484303057629802,215325.003125,210357.1046875,199020.21041666667,51.51311669590593,-0.045879586119306315,212831.36120559412,209247.30860906423,3584.0525965298875,3558.0565312553035,25.996065274583998,210357.1046875,220339.13906586528,200375.0703091347,9.490560723579359,220465.90625,204153.40625,2965.90625,135.65521306483123,3.5,2.783,2.71,4.19,1914605.2,4235818.7,2.9,116.38,116.38,2025-10-12 21:29:11,207613.640625,220000.0,-0.014084493456340096,0.044735840991205,-0.044843030576298015,0.010317040278850421,-0.0322869839233376,-0.041876763,212752.10454201142,203780.56843046314,201761.1507999152
2025-07-31,56500.0,58300.0,55800.0,58000.0,2062382,0.0,0.0,카카오,035720.KS,3.0195381882770933,56400.0,57555.0,51437.5,55.049545900943265,0.029748475400774698,56736.88453243906,56639.03005850423,97.854473934829,476.21252485726797,-378.35805092243896,57555.0,61558.93227768633,53551.06772231367,13.913412484358705,60800.0,54100.0,500.0,185.85738492666385,3.5,2.783,2.71,4.19,1914605.2,4235818.7,2.9,116.38,116.38,2025-10-12 21:29:11,55500.0,62500.0,-0.04310344827586207,0.07758620689655173,0.030195381882770933,-0.0003027104599967139,-0.026612760968297084,-0.12603037,57982.44279332019,56456.45986383877,50690.237641334534
2025-07-31,112700.0,113200.0,102300.0,102300.0,3132736,0.0,0.0,기아,000270.KS,-7.336956521739135,105600.0,101800.0,96561.66666666667,51.74393292092245,-0.07620046088541418,103680.57072412164,101455.33508133929,2225.2356427823543,1941.1812031451464,284.0544396372079,101800.0,108440.54531685985,95159.45468314015,13.046257989901466,110400.0,97800.0,2100.0,299.2628468211794,3.5,2.783,2.71,4.19,1914605.2,4235818.7,2.9,116.38,116.38,2025-10-12 21:29:11,100800.0,105800.0,-0.01466275659824047,0.03421309872922776,-0.07336956521739135,0.013825108584160735,-0.043616731722643895,0.8766696,103714.30860815964,97838.00834477352,191983.30471515656
2025-07-31,315500.0,322500.0,297500.0,301500.0,422313,0.0,0.0,LG화학,051910.KS,-1.4705882352941124,307100.0,282150.0,230655.0,70.29508917690059,-0.014815085785140587,293829.66850310046,273417.08159151464,20412.586911585822,19747.896561213434,664.6903503723879,282150.0,320281.4899566708,244018.51004332924,27.02923264694012,313000.0,254500.0,32000.0,-4.527313223640017,3.5,2.783,2.71,4.19,1914605.2,4235818.7,2.9,116.38,116.38,2025-10-12 21:29:11,290000.0,277500.0,-0.03814262023217247,-0.07960199004975124,-0.014705882352941124,-0.008714141809659794,-0.0036786782465493117,-0.0782578,298872.6862443876,300390.87850866537,277905.2735567093
2025-07-31,235000.0,236500.0,232500.0,235000.0,521064,0.0,0.0,NAVER,035420.KS,0.42735042735042583,234400.0,243450.0,223455.0,46.25089712231635,0.004264398786457518,237417.13272664906,239081.05279212628,-1663.9200654772285,785.223580855815,-2449.1436463330438,243450.0,263357.4172900095,223542.5827099905,16.354419626214415,259500.0,227000.0,-8500.0,103.22238548624637,3.5,2.783,2.71,4.19,1914605.2,4235818.7,2.9,116.38,116.38,2025-10-12 21:29:11,225000.0,214500.0,-0.0425531914893617,-0.08723404255319149,0.004273504273504258,-0.0011644854467633805,-0.0028769707390631782,0.008378958,234726.34592001062,234323.91187632014,236969.06089782715
2025-07-31,317385.6077795786,320857.01286466775,302508.15741491085,305979.5625,330485,0.0,0.0,POSCO홀딩스,005490.KS,-1.4377044081186452,316096.2375,315773.8953125,274817.19973958336,51.11045968757585,-0.014481395160388879,314917.36254892766,305109.16069213435,9808.201856793312,13001.970894530748,-3193.7690377374365,315773.8953125,333200.87729701796,298346.91332798207,11.037633093306615,332263.0625,303004.09375,991.8125,65.44770940494156,3.5,2.783,2.71,4.19,1914605.2,4235818.7,2.9,116.38,116.38,2025-10-12 21:29:11,288126.625,285500.0,-0.05834682994554579,-0.06693114511528854,-0.014377044081186452,0.0009599129181352816,-0.021745811101159144,-0.025455132,306273.2762347291,299325.78873305966,298190.8168679103
2025-08-01,70200.0,72000.0,68800.0,68900.0,24038534,0.0,0.0,삼성전자,005930.KS,-3.5014005602240883,70780.0,65890.0,60454.927083333336,60.785976500168815,-0.0356416913259258,68261.64471853366,65571.81850949628,2689.8262090373755,2379.6080125490757,310.2181964882998,65890.0,73192.74641919967,58587.25358080034,22.166478734860117,72600.0,60400.0,1800.0,110.92123422117623,3.5,2.783,2.71,4.19,1914605.2,4235818.7,2.9,116.38,116.38,2025-10-12 21:29:11,69700.0,67600.0,0.011611030478955007,-0.018867924528301886,-0.03501400560224088,0.017820350461257125,-0.015588407991616737,-0.17423913,70127.82214678061,67825.9586893776,56894.92197036743
2025-08-01,265616.3523498062,266614.910065407,256629.33290939924,257627.890625,3227394,0.0,0.0,SK하이닉스,000660.KS,-5.667274681021317,263519.371875,275776.66953125,246390.72135416666,43.26319714024483,-0.05834202241558641,268175.5643993559,267941.7149865463,233.84941280959174,3808.410124980739,-3574.5607121711473,275776.66953125,303139.1747232795,248414.16433922053,19.84395941726235,299567.3125,257627.890625,-10984.140625,356.52874395297596,3.5,2.783,2.71,4.19,1914605.2,4235818.7,2.9,116.38,116.38,2025-10-12 21:29:11,257627.890625,256000.0,0.0,-0.006318767044401794,-0.05667274681021317,0.0423196260675023,-0.08495541217380743,0.0061643543,268530.60662080935,235741.00698948454,259215.9894161485
2025-08-01,382500.0,385000.0,371500.0,373000.0,339780,0.0,0.0,LG에너지솔루션,373220.KS,-2.4836601307189565,384200.0,340100.0,310083.3333333333,65.8358550107857,-0.02515023362277501,361888.49333935214,340901.55664859794,20986.9366907542,16227.675232383934,4759.261458370265,340100.0,401895.58832830994,278304.41167169006,36.339657940787966,393000.0,305000.0,50500.0,-26.13861386138614,3.5,2.783,2.71,4.19,1914605.2,4235818.7,2.9,116.38,116.38,2025-10-12 21:29:11,375500.0,349000.0,0.006702412868632708,-0.064343163538874,-0.024836601307189565,0.09634823064542956,0.046493276267414035,-0.0731541,408937.8900307452,390341.9920477454,345713.5237455368
2025-08-01,1057000.0,1070000.0,1029000.0,1034000.0,81173,0.0,0.0,삼성바이오로직스,207940.KS,-3.0927835051546393,1070800.0,1053850.0,1032133.3333333334,46.547774255223835,-0.03141619623337893,1061297.2651556542,1050357.0773638412,10940.187791812932,11551.723015379548,-611.535223566616,1053850.0,1102547.887125899,1005152.1128741009,9.241901053451455,1098000.0,1013000.0,-17000.0,179.40532467780312,3.5,2.783,2.71,4.19,1914605.2,4235818.7,2.9,116.38,116.38,2025-10-12 21:29:11,1048000.0,996000.0,0.013539651837524178,-0.0367504835589942,-0.030927835051546393,-0.12375246313552293,-0.05053823353339458,-2.9958534,906039.9531178693,981743.46652647,-2063712.4404907227
2025-08-01,208602.27700892856,213051.14073660714,207613.640625,207613.640625,1083280,0.0,0.0,현대차,005380.KS,-1.4084493456340108,214039.775,210332.3890625,199430.87109375,48.7512210547932,-0.014184621211958636,212028.6349624258,209126.29616580022,2902.338796625583,3426.91298432936,-524.5741877037767,210332.3890625,220340.2858828311,200324.49224216893,9.516267908084517,220465.90625,204153.40625,-494.3125,132.3361287584672,3.5,2.783,2.71,4.19,1914605.2,4235818.7,2.9,116.38,116.38,2025-10-12 21:29:11,208602.28125,220500.0,0.004761925189615657,0.06206894371779672,-0.014084493456340108,0.0005799183533331983,-0.030605309007525852,-0.04023431,207734.03958560078,201259.56099949445,199260.44545276836
2025-08-01,57200.0,57500.0,55300.0,55500.0,2256317,0.0,0.0,카카오,035720.KS,-4.31034482758621,56340.0,57410.0,51723.333333333336,46.81425806504649,-0.044059989794030543,56546.59460437151,56554.65746157799,-8.062857206481567,379.35744844451807,-387.42030565099964,57410.0,61494.3217564994,53325.6782435006,14.228607408114954,60800.0,54100.0,-1400.0,173.53594592120422,3.5,2.783,2.71,4.19,1914605.2,4235818.7,2.9,116.38,116.38,2025-10-12 21:29:11,55400.0,61200.0,-0.0018018018018018018,0.10270270270270271,-0.0431034482758621,0.0108613197339227,-0.025778228417205742,-0.1281729,56102.80324523271,54069.30832284508,48386.40546798706
2025-08-01,101300.0,104100.0,100800.0,100800.0,1374554,0.0,0.0,기아,000270.KS,-1.4662756598240456,104940.0,101885.0,96773.33333333333,49.12515671161086,-0.014771317320312543,103237.4059973337,101406.79174198084,1830.6142553528625,1919.0678135866897,-88.45355823382715,101885.0,108422.75271223391,95347.24728776609,12.833592211285094,110400.0,97800.0,1000.0,293.40855287951985,3.5,2.783,2.71,4.19,1914605.2,4235818.7,2.9,116.38,116.38,2025-10-12 21:29:11,102800.0,106500.0,0.01984126984126984,0.05654761904761905,-0.014662756598240456,0.006148890880714129,-0.04090812044215086,1.0526254,101419.80820077598,96676.46145943119,206904.64210510254
2025-08-01,294500.0,302000.0,287000.0,290000.0,385496,0.0,0.0,LG화학,051910.KS,-3.814262023217252,303700.0,283425.0,232021.66666666666,60.63087255776294,-0.03888909318672047,293240.4887333927,274645.4459180691,18595.04281532357,19517.325812035462,-922.2829967118923,283425.0,320768.74463223794,246081.25536776206,26.35176475768753,313000.0,254500.0,17500.0,-8.168891657895871,3.5,2.783,2.71,4.19,1914605.2,4235818.7,2.9,116.38,116.38,2025-10-12 21:29:11,289500.0,271500.0,-0.0017241379310344827,-0.06379310344827586,-0.03814262023217252,0.0044765964538539425,-0.016770983015976973,-0.07144248,291298.21297161764,285136.41492536664,269281.67939186096
2025-08-01,232500.0,233000.0,224000.0,225000.0,827729,0.0,0.0,NAVER,035420.KS,-4.255319148936165,232500.0,242250.0,223886.66666666666,38.80745393840821,-0.04348511193973878,235506.8046148569,238038.01184456138,-2531.2072297044797,121.93741874375615,-2653.144648448236,242250.0,263590.5963513735,220909.40364862652,17.618655398450752,259500.0,225000.0,-17000.0,94.57462440172526,3.5,2.783,2.71,4.19,1914605.2,4235818.7,2.9,116.38,116.38,2025-10-12 21:29:11,232500.0,215500.0,0.03333333333333333,-0.042222222222222223,-0.04255319148936165,0.000935175635071074,-0.004703034009799737,0.007171155,225210.41451789098,223941.81734779506,226613.50965499878
2025-08-01,300028.5854130809,303499.99053356284,287630.7099827883,288126.625,502029,0.0,0.0,POSCO홀딩스,005490.KS,-5.834682994554575,307764.8625,314484.515625,275341.3328125,41.08827587404508,-0.06011825685795465,310795.7106183234,303851.1950853096,6944.515533013793,11790.479822227358,-4845.964289213565,314484.515625,335859.5465054502,293109.4847445498,13.593693691385674,332263.0625,288126.625,-20332.53125,55.79436003941136,3.5,2.783,2.71,4.19,1914605.2,4235818.7,2.9,116.38,116.38,2025-10-12 21:29:11,287630.71875,281000.0,-0.0017211399675403133,-0.024734350739019695,-0.05834682994554574,0.004181278718668408,-0.0074016500524682755,-0.023221089,289331.36272539425,285994.0125509512,281436.0148772821
2025-08-04,69500.0,70200.0,68700.0,69700.0,14780072,0.0,0.0,삼성전자,005930.KS,1.1611030478954953,70640.0,66290.0,60712.14147135417,62.63753064326886,0.01154413974686526,68482.93014645156,65877.60973101508,2605.3204154364794,2424.7504931265566,180.56992230992273,66290.0,73502.24105619108,59077.75894380892,21.759665277390496,72600.0,60400.0,1900.0,113.37024710037711,3.5,2.783,2.71,4.19,1914605.2,4235818.7,2.9,116.38,116.38,2025-10-12 21:29:11,69900.0,69100.0,0.0028694404591104736,-0.00860832137733142,0.011611030478954953,0.006809333463834642,-0.023427428465834378,-0.17586063,70174.61054242928,68067.10823593134,57442.513155937195
2025-08-04,254132.9386203973,259625.00605620156,253633.65976259692,257627.890625,2281558,0.0,0.0,SK하이닉스,000660.KS,0.0,262720.528125,275127.6078125,247523.13723958333,43.26319714024483,0.0,266552.84535714734,267177.72799680213,-624.8826396547956,2921.7515720536326,-3546.634211708428,275127.6078125,303599.5915170168,246655.62410798317,20.69729310765537,299567.3125,257627.890625,-14479.078125,356.52874395297596,3.5,2.783,2.71,4.19,1914605.2,4235818.7,2.9,116.38,116.38,2025-10-12 21:29:11,263119.9375,260500.0,0.021317749649218516,0.01114828587864583,0.0,0.0012915845092303316,-0.08055142727012668,0.20307554,257960.63881767693,236875.59633056418,309945.810578512
2025-08-04,379000.0,381000.0,369000.0,375500.0,299735,0.0,0.0,LG에너지솔루션,373220.KS,0.6702412868632601,383200.0,343125.0,310883.3333333333,66.63448945125448,0.0066800515603737875,363982.5712871441,343464.40430425736,20518.16698288673,17085.773582484493,3432.3934004022376,343125.0,405665.82876935473,280584.17123064527,36.45367068523409,393000.0,305000.0,44500.0,-25.643564356435643,3.5,2.783,2.71,4.19,1914605.2,4235818.7,2.9,116.38,116.38,2025-10-12 21:29:11,386500.0,350000.0,0.02929427430093209,-0.06790945406125166,0.006702412868632601,0.07242481423319855,0.044438684780079916,-0.06580134,402695.517744566,392186.72613492,350791.60341620445
2025-08-04,1041000.0,1053000.0,1029000.0,1048000.0,48867,0.0,0.0,삼성바이오로직스,207940.KS,1.3539651837524147,1067000.0,1054800.0,1032333.3333333334,49.63157989585065,0.013448809812613002,1059251.5320547842,1050182.4790405936,9069.053014190635,11055.189015141765,-1986.13600095113,1054800.0,1102180.2090595516,1007419.7909404484,8.983733230859233,1098000.0,1013000.0,9000.0,183.18837549549102,3.5,2.783,2.71,4.19,1914605.2,4235818.7,2.9,116.38,116.38,2025-10-12 21:29:11,1051000.0,997000.0,0.0028625954198473282,-0.04866412213740458,0.013539651837524147,-0.1427137386705375,-0.0405120050288593,-2.6707537,898436.0018732767,1005543.4187297554,-1750949.8958587646
2025-08-04,207613.64484597155,210085.23585604265,204647.73563388624,208602.28125,651682,0.0,0.0,현대차,005380.KS,0.4761925189615601,212556.821875,210455.96875,199866.13723958333,49.718962596059086,0.004750623089494652,211501.5036220526,209087.4802461113,2414.023375941295,3224.335062651747,-810.3116867104522,210455.96875,220305.19027819755,200606.74722180245,9.359888043752669,220465.90625,204153.40625,1977.28125,133.44249602245992,3.5,2.783,2.71,4.19,1914605.2,4235818.7,2.9,116.38,116.38,2025-10-12 21:29:11,208107.953125,220000.0,-0.0023697158153681503,0.05463851440982264,0.004761925189615601,-0.0034877685738579954,-0.03652165523626939,-0.028369034,207874.72476902115,200983.7806526882,202684.44115258567
2025-08-04,55000.0,59400.0,54700.0,55400.0,8113567,0.0,0.0,카카오,035720.KS,-0.18018018018017834,56240.0,57175.0,52030.0,46.514508780086075,-0.0018034269991506827,56370.195434468194,56469.12727923888,-98.9318447706828,283.69958980147794,-382.63143457216074,57175.0,61146.94106068581,53203.05893931419,13.893978349578687,60800.0,54100.0,-1500.0,173.04308836098582,3.5,2.783,2.71,4.19,1914605.2,4235818.7,2.9,116.38,116.38,2025-10-12 21:29:11,54700.0,59300.0,-0.01263537906137184,0.0703971119133574,-0.0018018018018017834,0.0046207566430944425,-0.021266629554886098,-0.13688712,55655.98991802744,54221.82872265931,47816.45282506943
2025-08-04,100700.0,103700.0,100500.0,102800.0,775610,0.0,0.0,기아,000270.KS,1.984126984126977,104400.0,102095.0,97023.33333333333,52.571819797906784,0.01964699738379642,103170.11276697466,101509.99235368596,1660.120413288707,1867.2783335270933,-207.1579202383864,102095.0,108455.89202615694,95734.10797384306,12.460731722722844,110400.0,97800.0,3500.0,301.21427813506585,3.5,2.783,2.71,4.19,1914605.2,4235818.7,2.9,116.38,116.38,2025-10-12 21:29:11,101400.0,107200.0,-0.013618677042801557,0.042801556420233464,0.01984126984126977,0.00028849634708887843,-0.04435674534948966,0.71347046,102829.65742448073,98240.12657807246,176144.76318359375
2025-08-04,294000.0,294500.0,284000.0,289500.0,268894,0.0,0.0,LG화학,051910.KS,-0.17241379310344307,299000.0,284975.0,233363.33333333334,60.243074486388906,-0.0017256259674697252,292665.0289282554,275745.7832574714,16919.245670783974,18997.709783785165,-2078.4641130011914,284975.0,320491.4528219324,249458.5471780676,24.926013034078355,313000.0,254500.0,2500.0,-8.327221155037435,3.5,2.783,2.71,4.19,1914605.2,4235818.7,2.9,116.38,116.38,2025-10-12 21:29:11,298000.0,269500.0,0.02936096718480138,-0.0690846286701209,-0.0017241379310344307,-0.008991947304371658,0.0072186357007803185,-0.06261582,286896.8312553844,291589.7950353759,271372.7224767208
2025-08-04,225500.0,239500.0,225000.0,232500.0,1276649,0.0,0.0,NAVER,035420.KS,3.3333333333333437,231900.0,241075.0,224616.66666666666,45.84667767680457,0.03278982282299097,235044.2192894943,237627.78874496423,-2583.5694554699294,-419.163956098981,-2164.4054993709483,241075.0,261807.0626338362,220342.9373661638,17.199678634313972,259500.0,225000.0,-7500.0,101.06044521511608,3.5,2.783,2.71,4.19,1914605.2,4235818.7,2.9,116.38,116.38,2025-10-12 21:29:11,232000.0,225000.0,-0.002150537634408602,-0.03225806451612903,0.03333333333333344,0.0020646766863081584,-0.01028359383359612,0.005196844,232980.03732956664,230109.0644336889,233708.25827121735
2025-08-04,288126.6337823276,290606.2089439655,284159.3135237069,287630.71875,259649,0.0,0.0,POSCO홀딩스,005490.KS,-0.17211399675403083,301218.7875,313319.115625,275857.20078125,40.84866582187958,-0.0017226228306551536,307231.86571550445,302649.67831973115,4582.187395773304,10348.82133693655,-5766.633941163245,313319.115625,337821.0052506936,288817.22599930636,15.640213701495965,332263.0625,287630.71875,-36697.71875,55.52621613963016,3.5,2.783,2.71,4.19,1914605.2,4235818.7,2.9,116.38,116.38,2025-10-12 21:29:11,295565.34375,280000.0,0.0275861529480672,-0.026529568132228575,-0.0017211399675403083,0.014646115558153297,0.00042395543387298697,-0.027739799,291843.3914948872,287752.66135616286,279651.89356147684
2025-08-05,71000.0,71500.0,69700.0,69900.0,14392903,0.0,0.0,삼성전자,005930.KS,0.2869440459110528,70500.0,66715.0,60969.376171875,63.106526759324645,0.002865331473286427,68700.94089315132,66175.5645657547,2525.376327396618,2444.875659980569,80.50066741604905,66715.0,73712.52587855382,59717.47412144618,20.977369043105202,72600.0,60400.0,3900.0,113.98250032017737,3.5,2.783,2.71,4.19,1914605.2,4235818.7,2.9,116.38,116.38,2025-10-12 21:29:11,68800.0,69800.0,-0.015736766809728183,-0.001430615164520744,0.0028694404591105283,0.006608192669077339,-0.025181464835624435,-0.17070423,70361.9126675685,68139.81560798985,57967.77323484421
2025-08-05,263619.21631878556,264118.4951375711,260124.2645872865,263119.9375,2118171,0.0,0.0,SK하이닉스,000660.KS,2.131774964921851,262920.2375,274203.940625,248750.40989583332,47.472106678307114,0.02109370491747538,266024.705686817,266877.15092296497,-852.4452361479634,2166.9122104133135,-3019.357446561277,274203.940625,302989.616186226,245418.26506377396,20.995814644832684,299567.3125,257627.890625,-4992.8125,366.26090942423775,3.5,2.783,2.71,4.19,1914605.2,4235818.7,2.9,116.38,116.38,2025-10-12 21:29:11,258127.15625,262500.0,-0.018975305700656,-0.002356102338311022,0.02131774964921851,-0.0010803282086682875,-0.0974791866775412,0.040012818,262835.6816092557,237471.21999385452,273648.11252757907
2025-08-05,380500.0,393500.0,380000.0,386500.0,457186,0.0,0.0,LG에너지솔루션,373220.KS,2.929427430093212,382100.0,347100.0,312025.0,69.96176831432133,0.028873396823287246,367446.79108912195,346652.22620764567,20794.564881476283,17827.531842282853,2967.0330391934294,347100.0,410077.5231416137,284122.4768583863,36.287826644548375,393000.0,305000.0,53000.0,-23.465346534653463,3.5,2.783,2.71,4.19,1914605.2,4235818.7,2.9,116.38,116.38,2025-10-12 21:29:11,384000.0,348500.0,-0.00646830530401035,-0.09831824062095731,0.02929427430093212,0.07055061652783293,-0.006867055462475484,-0.059734624,413767.8132880074,383845.88306375325,363412.5606715679
2025-08-05,1061000.0,1068000.0,1049000.0,1051000.0,41402,0.0,0.0,삼성바이오로직스,207940.KS,0.2862595419847347,1059600.0,1056700.0,1032516.6666666666,50.29335971121925,0.0028585059959636717,1057982.0655848174,1050243.0361486978,7739.029436119599,10391.957099337333,-2652.9276632177334,1056700.0,1099884.3051411833,1013515.6948588168,8.173427678846078,1098000.0,1018000.0,9000.0,183.9990292421384,3.5,2.783,2.71,4.19,1914605.2,4235818.7,2.9,116.38,116.38,2025-10-12 21:29:11,1031000.0,1012000.0,-0.019029495718363463,-0.037107516650808754,0.002862595419847347,-0.08418345132513734,-0.04655741718411859,-2.7352507,962523.1926572806,1002068.1545394914,-1823748.497724533
2025-08-05,210579.5440172209,212556.8167309976,207119.31676811163,208107.953125,480510,0.0,0.0,현대차,005380.KS,-0.23697158153681563,211073.865625,210431.25234375,200247.64869791668,49.218506659067096,-0.0023725280355444984,210979.4189301984,209014.92268158458,1964.4962486138102,2972.36729984416,-1007.8710512303496,210431.25234375,220302.5166939792,200559.9879935208,9.38193755944958,220465.90625,204153.40625,3954.546875,132.88930364765648,3.5,2.783,2.71,4.19,1914605.2,4235818.7,2.9,116.38,116.38,2025-10-12 21:29:11,208107.953125,221500.0,0.0,0.0643514419987403,-0.0023697158153681563,0.0003313930130010678,-0.03345587346526247,-0.025002198,208176.91864661558,201145.51977813523,202904.80030313227
2025-08-05,55800.0,55900.0,53300.0,54700.0,4343070,0.0,0.0,카카오,035720.KS,-1.2635379061371799,55980.0,56870.0,52325.833333333336,44.37270990179571,-0.012715884325302561,56113.242290703856,56338.08081411007,-224.83852340621524,181.99196715993932,-406.8304905661546,56870.0,60599.314879944126,53140.685120055874,13.115227290114738,60800.0,54100.0,-1800.0,169.59308543945713,3.5,2.783,2.71,4.19,1914605.2,4235818.7,2.9,116.38,116.38,2025-10-12 21:29:11,56800.0,58900.0,0.038391224862888484,0.07678244972577697,-0.012635379061371799,0.017238326615285,-0.012215039170742174,-0.13155438,55642.93646585608,54031.837357360404,47503.976225852966
2025-08-05,103000.0,104200.0,101300.0,101400.0,891875,0.0,0.0,기아,000270.KS,-1.3618677042801508,103540.0,102210.0,97225.0,50.017359077296504,-0.013712261863981895,102897.78772590164,101501.84477193144,1395.942953970196,1773.011257615714,-377.068303645518,102210.0,108424.38060596513,95995.61939403487,12.1600246667941,110400.0,97800.0,3600.0,295.75027045618367,3.5,2.783,2.71,4.19,1914605.2,4235818.7,2.9,116.38,116.38,2025-10-12 21:29:11,101800.0,107000.0,0.0039447731755424065,0.055226824457593686,-0.013618677042801508,0.0038360446060781857,-0.03931579663373016,0.572195,101788.97492305632,97413.37822133976,159420.5783843994
2025-08-05,293000.0,302000.0,292000.0,298000.0,277568,0.0,0.0,LG화학,051910.KS,2.936096718480141,297000.0,287150.0,234905.0,64.4104954616908,0.028938189492354546,293485.7937085238,277394.243756918,16091.54995160579,18416.477817349292,-2324.9278657435025,287150.0,320039.1279428635,254260.87205713653,22.907280475614478,313000.0,260000.0,9000.0,-5.635619703630934,3.5,2.783,2.71,4.19,1914605.2,4235818.7,2.9,116.38,116.38,2025-10-12 21:29:11,301000.0,270000.0,0.010067114093959731,-0.09395973154362416,0.029360967184801412,-0.01414919949866639,0.002176256308734476,-0.05355028,293783.5385493974,298648.52438000287,282042.00971126556
2025-08-05,236000.0,236500.0,229000.0,232000.0,683813,0.0,0.0,NAVER,035420.KS,-0.21505376344086446,231700.0,239775.0,225300.0,45.471138287007,-0.0021528533611010897,234575.87786034134,237210.9155045965,-2635.0376442551496,-862.3386937302148,-1772.6989505249348,239775.0,259261.7701409698,220288.2298590302,16.254213442577253,259500.0,225000.0,-3000.0,100.62805716089005,3.5,2.783,2.71,4.19,1914605.2,4235818.7,2.9,116.38,116.38,2025-10-12 21:29:11,228500.0,221000.0,-0.015086206896551725,-0.04741379310344827,-0.0021505376344086446,0.0006369444631945397,-0.011635007297126264,0.014711695,232147.77111546116,229300.6783070667,235413.12313079834
2025-08-05,292093.9387059564,296557.1737625839,290606.1936870805,295565.34375,294181,0.0,0.0,POSCO홀딩스,005490.KS,2.758615294806721,297549.0125,312674.425,276554.390625,46.24972927552326,0.02721251102468031,305437.01618234994,302124.9127960474,3312.103386302537,8941.477746809747,-5629.37436050721,312674.425,338364.44771193835,286984.4022880616,16.432442603476996,332263.0625,287630.71875,-24795.75,59.816586125492165,3.5,2.783,2.71,4.19,1914605.2,4235818.7,2.9,116.38,116.38,2025-10-12 21:29:11,296061.28125,280000.0,0.0016779284530038885,-0.05266295280939885,0.02758615294806721,0.0011979726562187803,-0.0010867792517530105,-0.020711714,295919.4229499384,295244.1294668752,289443.67711156793
2025-08-06,69200.0,69400.0,68300.0,68800.0,12542415,0.0,0.0,삼성전자,005930.KS,-1.573676680972813,69740.0,67135.0,61161.89537760417,58.7392618904504,-0.015861904300466544,68716.18075574342,66369.9671905136,2346.2135652298166,2425.1432410304183,-78.92967580060167,67135.0,73517.96251957465,60752.03748042536,19.015305040812226,72600.0,61000.0,2400.0,110.6151076112761,3.5,2.783,2.71,4.19,1914605.2,4235818.7,2.9,116.38,116.38,2025-10-12 21:29:11,70500.0,70100.0,0.024709302325581394,0.0188953488372093,-0.01573676680972813,0.009173731292339522,-0.013262981846725315,-0.16760366,69431.15271291295,67887.5068489453,57268.86739730835
2025-08-06,260124.2715788201,260124.2715788201,257128.59858558993,258127.15625,1374559,0.0,0.0,SK하이닉스,000660.KS,-1.8975305700655976,261921.68125,273080.5625,249813.06744791666,44.25779841277532,-0.019157647155265665,264809.69808115286,266229.003169412,-1419.3050882591633,1449.668750678818,-2868.9738389379813,273080.5625,302561.3437178302,243599.78128216977,21.59127031813567,299567.3125,257627.890625,-10484.875,357.4134661316469,3.5,2.783,2.71,4.19,1914605.2,4235818.7,2.9,116.38,116.38,2025-10-12 21:29:11,261622.109375,265500.0,0.013539656872115717,0.028562836460567096,-0.018975305700655976,-0.0017649792121498323,-0.08237646405388864,0.011984061,257671.5671851274,236863.55384183937,261220.58045313507
2025-08-06,382500.0,391000.0,379500.0,384000.0,308979,0.0,0.0,LG에너지솔루션,373220.KS,-0.6468305304010324,380300.0,351050.0,313066.6666666667,68.29486097560387,-0.00648931543974977,369993.4386138724,349418.72797004227,20574.710643830127,18376.967602592307,2197.74304123782,351050.0,412807.5054036679,289292.4945963321,35.18444973859446,393000.0,311000.0,47500.0,-23.96039603960396,3.5,2.783,2.71,4.19,1914605.2,4235818.7,2.9,116.38,116.38,2025-10-12 21:29:11,386500.0,351000.0,0.006510416666666667,-0.0859375,-0.0064683053040103244,0.07222896256552941,0.023190029415759657,-0.058561366,411735.9216251633,392904.9712956517,361512.4282836914
2025-08-06,1039000.0,1040000.0,1028000.0,1031000.0,43461,0.0,0.0,삼성바이오로직스,207940.KS,-1.9029495718363432,1046200.0,1057350.0,1033183.3333333334,45.95814051430904,-0.019212886859991167,1053830.9785717686,1048817.626063609,5013.352508159587,9316.236181101784,-4302.883672942196,1057350.0,1098421.3115395585,1016278.6884604417,7.768725878764535,1098000.0,1031000.0,-33000.0,178.59467093115575,3.5,2.783,2.71,4.19,1914605.2,4235818.7,2.9,116.38,116.38,2025-10-12 21:29:11,1029000.0,1017000.0,-0.0019398642095053346,-0.013579049466537343,-0.01902949571836343,-0.09769009426373079,-0.038250533011177014,-2.749624,930281.5128140936,991563.7004654765,-1803862.3583316803
2025-08-06,206624.99858966746,209096.58948188837,206130.68041122326,208107.953125,385330,0.0,0.0,현대차,005380.KS,0.0,208602.275,210480.68359375,200533.2515625,49.218506659067096,0.0,210537.65496016789,208947.73975146722,1589.915208700666,2695.876881615461,-1105.9616729147951,210480.68359375,220291.8356013496,200669.5315861504,9.32261511135735,220465.90625,204153.40625,-11369.328125,132.88930364765648,3.5,2.783,2.71,4.19,1914605.2,4235818.7,2.9,116.38,116.38,2025-10-12 21:29:11,210085.234375,221500.0,0.009501228666702355,0.0643514419987403,0.0,-0.004026853604234491,-0.04062821382985697,-0.024259832,207269.93286388874,199652.89870574366,203059.2946218662
2025-08-06,55400.0,57200.0,54100.0,56800.0,3966137,0.0,0.0,카카오,035720.KS,3.8391224862888373,56080.0,56685.0,52637.5,51.576374560574656,0.03767261629917004,56218.89732290326,56372.29705010192,-153.3997271986591,114.91362828821963,-268.3133554868787,56685.0,60000.21214691247,53369.78785308753,11.696964441783429,60800.0,54100.0,1800.0,179.94309420404323,3.5,2.783,2.71,4.19,1914605.2,4235818.7,2.9,116.38,116.38,2025-10-12 21:29:11,63600.0,58500.0,0.11971830985915492,0.02992957746478873,0.03839122486288837,0.005333719838683132,-0.02741903800016534,-0.13049966,57102.955286837205,55242.59864159061,49387.61925697327
2025-08-06,101300.0,102700.0,101200.0,101800.0,780400,0.0,0.0,기아,000270.KS,0.39447731755424265,101820.0,102320.0,97381.66666666667,50.753629050921205,0.003937012959339599,102728.89730653216,101523.93034438098,1204.9669621511857,1659.4023985228084,-454.4354363716227,102320.0,108416.62546867275,96223.37453132725,11.916781604129687,110400.0,97800.0,-4300.0,297.31141550729285,3.5,2.783,2.71,4.19,1914605.2,4235818.7,2.9,116.38,116.38,2025-10-12 21:29:11,101800.0,107000.0,0.0,0.05108055009823183,0.0039447731755424265,-0.0010104076780941633,-0.038420756173939696,0.7088147,101697.14049837002,97888.76702149294,173957.328414917
2025-08-06,296000.0,307000.0,295000.0,301000.0,265521,0.0,0.0,LG화학,051910.KS,1.0067114093959662,296000.0,289200.0,236413.33333333334,65.77412425497072,0.010016778243471209,294641.825445674,279142.8182934426,15499.00715223141,17832.983684325718,-2333.976532094308,289200.0,320009.08956785244,258390.91043214753,21.30642432078316,313000.0,263500.0,10000.0,-4.68564272078158,3.5,2.783,2.71,4.19,1914605.2,4235818.7,2.9,116.38,116.38,2025-10-12 21:29:11,292500.0,278000.0,-0.02823920265780731,-0.07641196013289037,0.010067114093959662,-0.013127327714837947,0.006572445761904975,-0.050585352,297048.6743578338,302978.3061743334,285773.8158106804
2025-08-06,236500.0,236500.0,226000.0,228500.0,1076418,0.0,0.0,NAVER,035420.KS,-1.5086206896551713,230600.0,238500.0,225938.33333333334,42.826633904634704,-0.015201161332050553,233641.12742028883,236565.662504256,-2924.5350839671737,-1274.7779717776066,-1649.7571121895671,238500.0,257395.8363556532,219604.1636443468,15.845565078115904,259500.0,225000.0,-3000.0,97.60134078130764,3.5,2.783,2.71,4.19,1914605.2,4235818.7,2.9,116.38,116.38,2025-10-12 21:29:11,235500.0,227000.0,0.030634573304157548,-0.006564551422319475,-0.015086206896551713,0.0024866255413536,-0.010562807053589772,0.0067871064,229068.1939361993,226086.39858825473,230050.84359645844
2025-08-06,292093.9608982412,298540.85646984924,292093.9608982412,296061.28125,201338,0.0,0.0,POSCO홀딩스,005490.KS,0.1677928453003963,294672.70625,312004.940625,277186.22890625,46.57806607926878,0.0016765223037827103,303994.5954235269,301675.7549037476,2318.8405197793036,7616.950301403659,-5298.1097816243555,312004.940625,338725.8518388185,285284.02941118146,17.12851800378027,332263.0625,287630.71875,-36201.78125,60.08474692261407,3.5,2.783,2.71,4.19,1914605.2,4235818.7,2.9,116.38,116.38,2025-10-12 21:29:11,295069.4375,284000.0,-0.0033501298981492536,-0.04073913751597669,0.0016779284530039629,-0.00037135621704163194,0.0039364885140456265,-0.00938783,295951.3370525825,297226.7230830942,293281.9021253921
2025-08-07,70800.0,71000.0,69700.0,70500.0,15008213,0.0,0.0,삼성전자,005930.KS,2.470930232558133,69560.0,67610.0,61394.343424479164,63.000818748417906,0.024408964878924928,68990.61448562905,66675.89554677186,2314.718938857186,2403.058380595772,-88.33944173858617,67610.0,73462.53881031949,61757.46118968051,17.312642539031174,72600.0,62500.0,4500.0,115.81925997957802,3.5,2.783,2.71,4.19,1914605.2,4235818.7,2.9,116.38,116.38,2025-10-12 21:29:11,71800.0,69500.0,0.018439716312056736,-0.014184397163120567,0.024709302325581328,0.004101338073218123,-0.02894146662512811,-0.1663807,70789.14433416189,68459.62660292847,58770.16040682793
2025-08-07,257627.8786975191,262620.66704437026,249639.41734255725,261622.109375,2724438,0.0,0.0,SK하이닉스,000660.KS,1.353965687211578,259624.996875,271333.08671875,250875.83020833333,46.96484875265572,0.013448814779948626,264319.2998186678,265887.7517772334,-1568.4519585655653,846.0446088299414,-2414.4965673955066,271333.08671875,299040.94571895443,243625.2277185456,20.423501855433482,299567.3125,257627.890625,-7489.171875,363.6066875117545,3.5,2.783,2.71,4.19,1914605.2,4235818.7,2.9,116.38,116.38,2025-10-12 21:29:11,256130.046875,273500.0,-0.02099234851794528,0.04540094357229819,0.01353965687211578,-0.0062376307447066905,-0.07913594380611719,0.0040217713,259990.20726206747,240918.39682906214,262674.291704176
2025-08-07,387000.0,390000.0,380500.0,386500.0,208461,0.0,0.0,LG에너지솔루션,373220.KS,0.6510416666666741,381100.0,354475.0,314308.3333333333,69.08802341506933,0.006489315439749868,372532.90959635354,352165.4888611502,20367.42073520331,18775.05822911451,1592.3625060888007,354475.0,416112.7148727685,292837.2851272315,34.77690380013739,393000.0,311000.0,18500.0,-23.465346534653463,3.5,2.783,2.71,4.19,1914605.2,4235818.7,2.9,116.38,116.38,2025-10-12 21:29:11,378500.0,343000.0,-0.02069857697283312,-0.11254851228978008,0.006510416666666741,0.0692833032912191,0.011970836937893475,-0.05973646,413277.9967220561,391126.72847649583,363411.84651851654
2025-08-07,1035000.0,1036000.0,1019000.0,1029000.0,38580,0.0,0.0,삼성바이오로직스,207940.KS,-0.19398642095053154,1038600.0,1054800.0,1033666.6666666666,45.53543820897419,-0.0019417481829102992,1050010.8280222658,1047349.653762601,2661.17425966484,7985.223796814395,-5324.049537149555,1054800.0,1096281.003895892,1013318.9961041078,7.865188452008367,1098000.0,1029000.0,-59000.0,178.0542351000575,3.5,2.783,2.71,4.19,1914605.2,4235818.7,2.9,116.38,116.38,2025-10-12 21:29:11,1022000.0,1030000.0,-0.006802721088435374,0.0009718172983479105,-0.0019398642095053154,-0.07962383200899967,-0.03627991947895047,-2.5471401,947067.0768627393,991667.9628561599,-1592007.1849822998
2025-08-07,211073.87077205884,212556.82536764708,208602.27977941177,210085.234375,421547,0.0,0.0,현대차,005380.KS,0.9501228666702444,208503.4125,210703.12734375,200837.17916666667,51.483942583079234,0.00945637587422689,210468.05179321897,209031.99861246964,1436.0531807493244,2443.912141442234,-1007.8589606929095,210703.12734375,220249.99920577378,201156.25548172623,9.061917573201091,220465.90625,204153.40625,-4943.171875,135.10203817564195,3.5,2.783,2.71,4.19,1914605.2,4235818.7,2.9,116.38,116.38,2025-10-12 21:29:11,210085.234375,220000.0,0.0,0.04719401463171012,0.009501228666702444,-0.0036666023654652914,-0.04023602998425357,-0.021421328,209314.93535769128,201632.23858543855,205584.9327527266
2025-08-07,57900.0,63600.0,57400.0,63600.0,11910000,0.0,0.0,카카오,035720.KS,11.9718309859155,57200.0,56825.0,53071.666666666664,66.64087025752995,0.11307714461897085,57354.45158091815,56907.68245379807,446.7691271200747,181.28472805459063,265.48439906548407,56825.0,60997.529209015614,52652.470790984386,14.685540550868858,63600.0,54100.0,9500.0,213.45740829889345,3.5,2.783,2.71,4.19,1914605.2,4235818.7,2.9,116.38,116.38,2025-10-12 21:29:11,63800.0,58500.0,0.0031446540880503146,-0.08018867924528301,0.11971830985915499,-0.011502577782737878,-0.030245691814293672,-0.12586112,62868.43605301787,61676.37400061092,55595.233511924744
2025-08-07,103000.0,103300.0,101500.0,101800.0,649320,0.0,0.0,기아,000270.KS,0.0,101720.0,102405.0,97516.66666666667,50.753629050921205,0.0,102585.99002860414,101544.37994850091,1041.6100801032298,1535.843934838893,-494.23385473566304,102405.0,108418.13474601145,96391.86525398855,11.743830371586247,110400.0,97800.0,-3200.0,297.31141550729285,3.5,2.783,2.71,4.19,1914605.2,4235818.7,2.9,116.38,116.38,2025-10-12 21:29:11,101900.0,106600.0,0.0009823182711198428,0.047151277013752456,0.0,-0.0010104076780941633,-0.037981450867941725,0.68436754,101697.14049837002,97933.48830164353,171468.61531734467
2025-08-07,303500.0,303500.0,292000.0,292500.0,257418,0.0,0.0,LG화학,051910.KS,-2.8239202657807327,294200.0,290125.0,237905.0,58.88929845974869,-0.028645598076964564,294312.3138386472,280132.239160595,14180.074678052217,17102.40188307102,-2922.3272050188025,290125.0,320112.4973947471,260137.5026052529,20.67212228849434,313000.0,263500.0,-12500.0,-7.37724417218808,3.5,2.783,2.71,4.19,1914605.2,4235818.7,2.9,116.38,116.38,2025-10-12 21:29:11,276500.0,274500.0,-0.0547008547008547,-0.06153846153846154,-0.028239202657807327,-0.003534438987675352,0.002130051941520291,-0.051982842,291466.176596105,293123.0401928947,277295.0251400471
2025-08-07,230000.0,235500.0,228000.0,235500.0,1019496,0.0,0.0,NAVER,035420.KS,3.063457330415753,230700.0,237300.0,226726.66666666666,49.19111249406579,0.030174703122213032,233927.10781716747,236486.72454097777,-2559.6167238102935,-1531.7457221841441,-1027.8710016261493,237300.0,253425.8210725481,221174.1789274519,13.59108392123734,253000.0,225000.0,8500.0,103.65477354047243,3.5,2.783,2.71,4.19,1914605.2,4235818.7,2.9,116.38,116.38,2025-10-12 21:29:11,229500.0,229000.0,-0.025477707006369428,-0.027600849256900213,0.03063457330415753,-0.0028002384634408786,-0.012801673853424381,0.0057551134,234840.54384185968,232485.20580751856,236855.31824827194
2025-08-07,296557.1825630252,296557.1825630252,291598.03235294117,295069.4375,213210,0.0,0.0,POSCO홀딩스,005490.KS,-0.3350129898149201,292490.68125,311161.884375,277891.5130208333,45.97322005578894,-0.0033557541481415887,302621.49420452275,301186.3980590256,1435.0961454971693,6380.579470222361,-4945.483324725192,311161.884375,338935.8766155184,283387.89213448163,17.8517958883719,332263.0625,287630.71875,-36201.8125,59.548442225710964,3.5,2.783,2.71,4.19,1914605.2,4235818.7,2.9,116.38,116.38,2025-10-12 21:29:11,293085.78125,276500.0,-0.006722676081964606,-0.06293243264138462,-0.003350129898149201,0.0033432993181675462,0.004911601108014637,-0.014038881,296055.9429492058,296518.70087616623,290926.99874122813
2025-08-08,71000.0,72400.0,70700.0,71800.0,22241128,0.0,0.0,삼성전자,005930.KS,1.8439716312056653,70140.0,68070.0,61640.1755859375,65.90116562682256,0.018271766235955448,69422.82764168612,67055.45883960358,2367.3688020825357,2395.920464893125,-28.551662810589278,68070.0,73706.7590538855,62433.2409461145,16.561654337844868,72600.0,62500.0,5900.0,119.79890590827944,3.5,2.783,2.71,4.19,1914605.2,4235818.7,2.9,116.38,116.38,2025-10-12 21:29:11,71000.0,70100.0,-0.011142061281337047,-0.023676880222841225,0.018439716312056653,0.0037391894414659206,-0.024488949939596123,-0.16171499,72068.47380189726,70041.693394337,60188.865077495575
2025-08-08,261622.11415692008,265616.3449074074,255131.48918737817,256130.046875,2676174,0.0,0.0,SK하이닉스,000660.KS,-2.099234851794529,259325.428125,269435.8265625,251722.46380208334,43.39818187324564,-0.021215820872306584,263059.41475041123,265164.9588215124,-2105.544071101176,255.72687284371796,-2361.270943944894,269435.8265625,295748.2426713377,243123.4104536623,19.53149025839301,299567.3125,256130.046875,-9486.296875,353.8744943522576,3.5,2.783,2.71,4.19,1914605.2,4235818.7,2.9,116.38,116.38,2025-10-12 21:29:11,266614.90625,277000.0,0.04093568678460033,0.08148186196672674,-0.020992348517945292,-0.02486105038930695,-0.08012438184612236,0.010262261,249762.38487342506,235607.78519692228,258758.5176791288
2025-08-08,385000.0,385500.0,374000.0,378500.0,268294,0.0,0.0,LG에너지솔루션,373220.KS,-2.069857697283317,382200.0,357325.0,315391.6666666667,63.60455486205806,-0.02091579514997324,373450.9235046069,354116.19338995387,19334.730114653008,18886.99260622221,447.7375084307969,357325.0,417803.1604774543,296846.8395225457,33.850506109258696,393000.0,311000.0,15000.0,-25.04950495049505,3.5,2.783,2.71,4.19,1914605.2,4235818.7,2.9,116.38,116.38,2025-10-12 21:29:11,389000.0,343500.0,0.02774108322324967,-0.09247027741083223,-0.02069857697283317,0.07298731600282703,0.04474147955653699,-0.056446716,406125.69910707,395434.6500121493,357134.91228222847
2025-08-08,1030000.0,1030000.0,1019000.0,1022000.0,48130,0.0,0.0,삼성바이오로직스,207940.KS,-0.6802721088435382,1036200.0,1053050.0,1033950.0,44.009722812950535,-0.006825965070399871,1045701.4698649942,1045471.901632038,229.56823295622598,6434.092684042762,-6204.524451086536,1053050.0,1097018.7688203733,1009081.2311796268,8.350746654075929,1098000.0,1022000.0,-44000.0,176.16270969121354,3.5,2.783,2.71,4.19,1914605.2,4235818.7,2.9,116.38,116.38,2025-10-12 21:29:11,1032000.0,1031000.0,0.009784735812133072,0.008806262230919765,-0.006802721088435382,-0.11565560990021469,-0.01805651612954663,-2.2968433,903799.9666819805,1003546.2405156033,-1325373.842716217
2025-08-08,210085.234375,211568.18897058823,209096.5979779412,210085.234375,440664,0.0,0.0,현대차,005380.KS,0.0,208997.73125,210925.57109375,201134.60442708334,51.483942583079234,0.0,210409.15680580065,209110.01607636077,1299.1407294398814,2214.9578590417636,-915.8171296018822,210925.57109375,220178.14570893493,201672.9964785651,8.773307633783698,220465.90625,204153.40625,-3954.546875,135.10203817564195,3.5,2.783,2.71,4.19,1914605.2,4235818.7,2.9,116.38,116.38,2025-10-12 21:29:11,210085.234375,218500.0,0.0,0.04005405544103937,0.0,-0.0036666023654652914,-0.0388857691849298,-0.022641,209314.93535769128,201915.90844193188,205328.69392555673
2025-08-08,62500.0,65300.0,61700.0,63800.0,7219790,0.0,0.0,카카오,035720.KS,0.3144654088050425,58860.0,57015.0,53502.5,66.96637646679457,0.0031397200046678463,58346.07441462305,57418.224494257476,927.8499203655738,330.59776651678726,597.2521538487865,57015.0,62052.65818611072,51977.34181388928,17.67134328198095,63800.0,54100.0,8000.0,214.44312341933025,3.5,2.783,2.71,4.19,1914605.2,4235818.7,2.9,116.38,116.38,2025-10-12 21:29:11,64200.0,59200.0,0.006269592476489028,-0.07210031347962383,0.003144654088050425,-0.0006649117220911487,-0.027378975128233757,-0.12478599,63757.578632130586,62053.22138681869,55838.651967048645
2025-08-08,102300.0,102400.0,101400.0,101900.0,664464,0.0,0.0,기아,000270.KS,0.09823182711199419,101940.0,102460.0,97675.0,50.96306468977367,0.00098183611225686,102480.45310112658,101570.72217453788,909.7309265887015,1410.6213331888548,-500.89040660015326,102460.0,108431.29977916346,96488.70022083654,11.655865272620447,110400.0,97800.0,-2200.0,297.7017017700702,3.5,2.783,2.71,4.19,1914605.2,4235818.7,2.9,116.38,116.38,2025-10-12 21:29:11,101600.0,104900.0,-0.002944062806673209,0.029440628066732092,0.0009823182711199419,-0.0010104076780941633,-0.035697476036213836,0.73018897,101797.03945760221,98262.42719190981,176306.25561475754
2025-08-08,292000.0,292500.0,271000.0,276500.0,625417,0.0,0.0,LG화학,051910.KS,-5.470085470085473,291500.0,290350.0,239121.66666666666,48.580939541468645,-0.05625384570952172,291571.9578634707,279863.1844079583,11708.773455512419,16023.6761975593,-4314.902742046881,290350.0,319828.09177570365,260871.90822429635,20.305212175445945,313000.0,263500.0,-30500.0,-12.443788080717965,3.5,2.783,2.71,4.19,1914605.2,4235818.7,2.9,116.38,116.38,2025-10-12 21:29:11,277500.0,275500.0,0.003616636528028933,-0.003616636528028933,-0.05470085470085473,0.041506474064119114,0.009221426778718999,-0.050283317,287976.5400787289,279049.7245043158,262596.6640114784
2025-08-08,241000.0,241500.0,228500.0,229500.0,1638049,0.0,0.0,NAVER,035420.KS,-2.547770700636942,231600.0,236125.0,227365.0,44.60743347340868,-0.02580788395587259,233246.01430683403,235969.18938979422,-2723.175082960195,-1770.0315943393543,-953.1434886208408,236125.0,250792.81295363372,221457.18704636628,12.42376957427949,250000.0,225000.0,-5000.0,98.46611688975977,3.5,2.783,2.71,4.19,1914605.2,4235818.7,2.9,116.38,116.38,2025-10-12 21:29:11,223000.0,228000.0,-0.02832244008714597,-0.006535947712418301,-0.02547770700636942,0.007911898717581342,-0.007767257383155337,0.010671402,231315.7807556849,227717.41443056587,231949.08106327057
2025-08-08,294077.61130499153,295565.3563874788,290606.2061125212,293085.78125,283862,0.0,0.0,POSCO홀딩스,005490.KS,-0.672267608196464,293482.5125,309897.3015625,278653.7127604167,44.72239585365482,-0.006745375057922444,301154.4614422885,300586.35236946814,568.1090728203417,5218.085390741958,-4649.976317921616,309897.3015625,338576.3695468067,281218.23357819335,18.50875618452113,332263.0625,287630.71875,-36697.71875,58.47584972924547,3.5,2.783,2.71,4.19,1914605.2,4235818.7,2.9,116.38,116.38,2025-10-12 21:29:11,303995.90625,279500.0,0.03722502317740806,-0.04635428300908064,-0.00672267608196464,0.005395898214260954,-0.00018574102542839247,-0.011745753,294667.24229367217,293031.34319645213,289643.26866990887
2025-08-11,72000.0,72100.0,70800.0,71000.0,11354253,0.0,0.0,삼성전자,005930.KS,-1.1142061281337101,70400.0,68495.0,61874.33092447917,62.646645458274726,-0.011204599012863132,69665.46954296518,67347.64707370702,2317.822469258157,2380.3008657661317,-62.478396507974594,68495.0,73622.21325765333,63367.786742346674,14.97105849376839,72600.0,63700.0,600.0,117.34989302907857,3.5,2.783,2.71,4.19,1914605.2,4235818.7,2.9,116.38,116.38,2025-10-12 21:29:11,71100.0,71500.0,0.0014084507042253522,0.007042253521126761,-0.011142061281337101,0.009809927140371143,-0.02222458648409743,-0.16039652,71696.50482696635,69422.05435962908,59611.84734106064
2025-08-11,260124.2811914794,267114.1851006554,259625.00234082396,266614.90625,2415473,0.0,0.0,SK하이닉스,000660.KS,4.0935686784600245,261122.83125,267788.20625,252835.21458333332,51.04222479795702,0.04012000749822657,263606.41344265564,265272.3623347337,-1665.9488920780714,-128.60828014063992,-1537.3406119374315,267788.20625,289956.88253826706,245619.52996173291,16.556872760535978,298069.46875,256130.046875,4992.796875,372.4541584925805,3.5,2.783,2.71,4.19,1914605.2,4235818.7,2.9,116.38,116.38,2025-10-12 21:29:11,268612.03125,288000.0,0.007490672701275494,0.08020967038484932,0.040935686784600245,-0.0029554568275326105,-0.0926564955649905,0.0030379277,265826.9374050015,241911.30337148655,267424.8635481447
2025-08-11,382500.0,390000.0,380000.0,389000.0,317685,0.0,0.0,LG에너지솔루션,373220.KS,2.774108322324964,384900.0,361025.0,316758.3333333333,67.27574100941848,0.0273632707409428,375843.0891192828,356700.17906477215,19142.910054510634,18938.176095879895,204.73395863073893,361025.0,419625.7679130562,302424.2320869438,32.463551229447376,393000.0,311000.0,8500.0,-22.97029702970297,3.5,2.783,2.71,4.19,1914605.2,4235818.7,2.9,116.38,116.38,2025-10-12 21:29:11,388500.0,347000.0,-0.0012853470437017994,-0.10796915167095116,0.02774108322324964,0.007140447466222799,0.0017318841238124617,-0.05644558,391777.6340643607,389673.7029241631,367042.6621437073
2025-08-11,1028000.0,1044000.0,1025000.0,1032000.0,35879,0.0,0.0,삼성바이오로직스,207940.KS,0.9784735812133016,1033000.0,1052550.0,1034516.6666666666,46.75441865762018,0.009737175277858244,1043593.5514242258,1044473.9829926277,-880.4315684018657,4971.187833553837,-5851.619401955702,1052550.0,1097268.8880381533,1007831.1119618466,8.49724726391209,1098000.0,1022000.0,-35000.0,178.86488884670487,3.5,2.783,2.71,4.19,1914605.2,4235818.7,2.9,116.38,116.38,2025-10-12 21:29:11,1021000.0,1041000.0,-0.01065891472868217,0.00872093023255814,0.009784735812133016,-0.0878534360486178,-0.016239332554252094,-2.2832327,941335.2539978264,1015241.0088040117,-1324296.1349487305
2025-08-11,210579.55257352942,211073.87077205884,209096.5979779412,210085.234375,298656,0.0,0.0,현대차,005380.KS,0.0,209294.321875,210703.128125,201500.30338541666,51.483942583079234,0.0,210359.32258567747,209182.25446885257,1177.0681168248993,2007.379910598391,-830.3117937734917,210703.128125,219803.0791179127,201603.17713208726,8.637698997533782,220465.90625,204153.40625,-5931.8125,135.10203817564195,3.5,2.783,2.71,4.19,1914605.2,4235818.7,2.9,116.38,116.38,2025-10-12 21:29:11,210579.546875,219000.0,0.0023529140516256237,0.04243404183792962,0.0,-0.0036666023654652914,-0.0388857691849298,-0.025095247,209314.93535769128,201915.90844193188,204813.09827933088
2025-08-11,64200.0,65700.0,63500.0,64200.0,4002999,0.0,0.0,카카오,035720.KS,0.6269592476489061,60620.0,57310.0,53945.0,67.64633546010359,0.006250020345171326,59246.67835083489,57920.578235423585,1326.1001154113037,529.6982362956905,796.4018791156132,57310.0,63270.89007836949,51349.10992163051,20.802268638525533,64200.0,54100.0,8300.0,216.41455366020378,3.5,2.783,2.71,4.19,1914605.2,4235818.7,2.9,116.38,116.38,2025-10-12 21:29:11,63700.0,59600.0,-0.00778816199376947,-0.07165109034267912,0.006269592476489061,0.002686069371088694,-0.029233814580155584,0.007615826,64372.44565362389,62323.189103954006,64688.934659957886
2025-08-11,101600.0,102750.0,101300.0,101600.0,536398,0.0,0.0,기아,000270.KS,-0.2944062806673253,101700.0,102390.0,97848.33333333333,50.27232993955849,-0.0029484050842976564,102344.99877787633,101572.89090234989,772.1078755264462,1282.9186416563732,-510.81076612992706,102390.0,108367.46645855615,96412.53354144385,11.675879399465094,110400.0,97800.0,-3900.0,296.53084298173826,3.5,2.783,2.71,4.19,1914605.2,4235818.7,2.9,116.38,116.38,2025-10-12 21:29:11,101800.0,105500.0,0.001968503937007874,0.038385826771653545,-0.0029440628066732533,0.008152769425480395,-0.03129237718901584,0.75219476,102428.3213736288,98420.69447759599,178022.9878425598
2025-08-11,274500.0,279000.0,273500.0,277500.0,233130,0.0,0.0,LG화학,051910.KS,0.3616636528029016,289100.0,290550.0,240371.66666666666,49.17970267578874,0.0036101122240997934,289407.0412690906,279688.1337110725,9718.907558018109,14762.722469651062,-5043.814911632953,290550.0,319597.87337084056,261502.12662915944,19.995094387086947,313000.0,263500.0,-35500.0,-12.12712908643484,3.5,2.783,2.71,4.19,1914605.2,4235818.7,2.9,116.38,116.38,2025-10-12 21:29:11,275500.0,293000.0,-0.007207207207207207,0.055855855855855854,0.003616636528029016,0.022599179978610193,0.018152953057944045,-0.05300558,283771.2724440644,282537.44447357947,262790.9526228905
2025-08-11,229500.0,230000.0,222500.0,223000.0,1264837,0.0,0.0,NAVER,035420.KS,-2.8322440087146017,229700.0,234825.0,227928.33333333334,40.233590981352165,-0.028731258040481135,231669.70441347494,235008.5086942539,-3338.804280778946,-2083.786131627273,-1255.0181491516732,234825.0,249295.56904277552,220354.43095722448,12.32455576942448,250000.0,223000.0,-12500.0,92.84507218482103,3.5,2.783,2.71,4.19,1914605.2,4235818.7,2.9,116.38,116.38,2025-10-12 21:29:11,223000.0,231000.0,0.0,0.03587443946188341,-0.028322440087146017,0.0040300254447326435,-0.01581167295412934,0.00188821,223898.6956741754,219473.99693122917,223421.05877399445
2025-08-11,295565.3509380098,306971.39636011416,295565.3509380098,303995.90625,424075,0.0,0.0,POSCO홀딩스,005490.KS,3.7225023177408056,296755.55,309153.428125,279630.4666666667,52.394225976978404,0.036548900092671206,301591.606797321,300838.91191617417,752.6948811468319,4325.007288822932,-3572.3124076761005,309153.428125,337623.2166757424,280683.63957425754,18.41790254334896,332263.0625,287630.71875,-16365.1875,64.37511690847606,3.5,2.783,2.71,4.19,1914605.2,4235818.7,2.9,116.38,116.38,2025-10-12 21:29:11,303500.0,284000.0,-0.0016312925266571744,-0.06577689317156718,0.037225023177408056,0.013261764299046007,0.004288982640569902,-0.0098151155,308027.4283065624,305299.73941471055,301012.156986583
2025-08-12,71100.0,72400.0,71100.0,71100.0,15797656,0.0,0.0,삼성전자,005930.KS,0.14084507042253502,70640.0,68865.0,62118.43548177083,62.89332921775779,0.0014074597678797698,69886.16653635516,67625.59914232131,2260.5673940338456,2356.3541714196745,-95.78677738582883,68865.0,73587.29872658869,64142.70127341131,13.714655417378033,72600.0,64700.0,500.0,117.65601963897869,3.5,2.783,2.71,4.19,1914605.2,4235818.7,2.9,116.38,116.38,2025-10-12 21:29:11,71900.0,72600.0,0.011251758087201125,0.02109704641350211,0.0014084507042253502,0.005878606102836912,-0.02717891834705803,-0.16277574,71517.9688939117,69167.57890552418,59526.64382457733
2025-08-12,267613.4735130111,275601.9354089219,267114.19464451674,268612.03125,3008648,0.0,0.0,SK하이닉스,000660.KS,0.7490672701275569,262221.25,266315.334375,253914.80026041667,52.36192197761904,0.007462756931107812,264376.5084899394,265519.745217346,-1143.23672740662,-331.53396959383593,-811.7027578127841,266315.334375,283327.5608613569,249303.10788864302,12.776002197756995,295573.0625,256130.046875,6490.640625,375.993157960205,3.5,2.783,2.71,4.19,1914605.2,4235818.7,2.9,116.38,116.38,2025-10-12 21:29:11,277599.03125,304000.0,0.03345717598045973,0.13174379637918768,0.007490672701275569,-0.006459018275210938,-0.10440875498792261,0.010932493,266877.0612312147,240566.58349241054,271548.6176493019
2025-08-12,384500.0,394500.0,382500.0,388500.0,199075,0.0,0.0,LG에너지솔루션,373220.KS,-0.12853470437017567,385300.0,364625.0,318391.6666666667,66.92952868332009,-0.0012861738107441186,377790.30617785465,359055.7213562705,18734.58482158417,18897.45784102075,-162.87301943658167,364625.0,420491.2641822781,308758.7358177219,30.643134278932095,393000.0,311000.0,-3500.0,-23.069306930693067,3.5,2.783,2.71,4.19,1914605.2,4235818.7,2.9,116.38,116.38,2025-10-12 21:29:11,389500.0,340500.0,0.002574002574002574,-0.12355212355212356,-0.0012853470437017567,0.03663758030296029,0.004663398926002432,-0.05177366,402733.69994770014,390311.73048275197,368385.93024015427
2025-08-12,1028000.0,1040000.0,1020000.0,1021000.0,41225,0.0,0.0,삼성바이오로직스,207940.KS,-1.065891472868219,1027000.0,1052050.0,1034833.3333333334,44.18835843845348,-0.010716127876842507,1040117.6204358834,1042735.1694376182,-2617.54900173482,3453.4404664961057,-6070.989468230926,1052050.0,1097990.3503412213,1006109.6496587787,8.733491819062083,1098000.0,1021000.0,-67000.0,175.89249177566438,3.5,2.783,2.71,4.19,1914605.2,4235818.7,2.9,116.38,116.38,2025-10-12 21:29:11,1040000.0,1034000.0,0.01860920666013712,0.012732615083251714,-0.01065891472868219,-0.11565560990021469,-0.011408139085330645,-2.3714516,902915.6222918808,1009352.2899938774,-1400252.1002292633
2025-08-12,209590.91050469482,213545.45598591547,209096.59231954225,210579.546875,347183,0.0,0.0,현대차,005380.KS,0.2352914051625632,209788.640625,210801.99140625,201859.6109375,52.150459658440205,0.002350150283781615,210393.20324557324,209285.7576100487,1107.4456355245493,1827.3930555836228,-719.9474200590735,210801.99140625,219848.64823700974,201755.33457549024,8.58308479005339,220465.90625,204153.40625,-4943.1875,135.65521306483123,3.5,2.783,2.71,4.19,1914605.2,4235818.7,2.9,116.38,116.38,2025-10-12 21:29:11,213545.453125,220500.0,0.014084493456340096,0.04711024062982137,0.002352914051625632,-0.0036666023654652914,-0.03874042967677924,-0.024902925,209807.4354103095,202421.60474792102,205335.49709680863
2025-08-12,63800.0,64700.0,62700.0,63700.0,2620057,0.0,0.0,카카오,035720.KS,-0.7788161993769416,62420.0,57635.0,54383.333333333336,65.82245945730516,-0.007818648117797772,59931.80475839875,58348.683551318136,1583.121207080614,740.3828304526753,842.7383766279388,57635.0,64244.17225489128,51025.82774510872,22.93457883192949,64200.0,54100.0,7700.0,213.95026585911182,3.5,2.783,2.71,4.19,1914605.2,4235818.7,2.9,116.38,116.38,2025-10-12 21:29:11,63500.0,59900.0,-0.0031397174254317113,-0.059654631083202514,-0.007788161993769416,0.0057732639113023025,-0.015276059476678787,0.13599373,64067.75691114996,62726.915011335564,72362.79990673065
2025-08-12,101100.0,103700.0,101000.0,101800.0,655429,0.0,0.0,기아,000270.KS,0.19685039370078705,101780.0,102480.0,98011.66666666667,50.75155739845636,0.0019665689720408473,102261.15281204921,101589.71379847212,671.4390135770955,1160.6227160405176,-489.18370246342215,102480.0,108359.34833481663,96600.65166518337,11.474138046090228,110400.0,97800.0,-3900.0,297.31141550729285,3.5,2.783,2.71,4.19,1914605.2,4235818.7,2.9,116.38,116.38,2025-10-12 21:29:11,103200.0,106000.0,0.0137524557956778,0.0412573673870334,0.0019685039370078705,-0.0010104076780941633,-0.030789363136180022,0.7864936,101697.14049837002,98665.64283273688,181865.0423526764
2025-08-12,275000.0,280000.0,273500.0,275500.0,162707,0.0,0.0,LG화학,051910.KS,-0.7207207207207245,284600.0,290675.0,241736.66666666666,47.97640440684006,-0.007233304593520061,287267.4964584613,279377.9015843264,7889.594874134869,13388.096950547824,-5498.502076412955,290675.0,319424.8741416004,261925.1258583996,19.781456363017384,313000.0,263500.0,-32500.0,-12.76044707500108,3.5,2.783,2.71,4.19,1914605.2,4235818.7,2.9,116.38,116.38,2025-10-12 21:29:11,279500.0,287000.0,0.014519056261343012,0.041742286751361164,-0.007207207207207245,0.0063371413828338,0.015960010564990176,-0.04518729,277245.8824509707,279896.9829106548,263050.9003698826
2025-08-12,223500.0,228000.0,223000.0,223000.0,743541,0.0,0.0,NAVER,035420.KS,0.0,227900.0,233500.0,228515.0,40.233590981352165,0.0,230335.9037344788,234118.98953171656,-3783.085797237756,-2423.6460647493695,-1359.4397324883867,233500.0,247142.04028577017,219857.95971422983,11.684831079888797,250000.0,223000.0,-10000.0,92.84507218482103,3.5,2.783,2.71,4.19,1914605.2,4235818.7,2.9,116.38,116.38,2025-10-12 21:29:11,225000.0,233500.0,0.008968609865470852,0.04708520179372197,0.0,-0.0030382291453446312,-0.017470330713776634,0.004366477,222322.47490058813,219104.1162508278,223973.7333059311
2025-08-12,302508.1699346405,306971.4052287582,300028.5947712418,303500.0,179650,0.0,0.0,POSCO홀딩스,005490.KS,-0.16312925266571687,298342.48125,308409.55625,280639.85390625,52.04067889389166,-0.0016326245331028009,301885.2057515793,301036.0295520131,849.1761995662237,3629.841070971591,-2780.664871405367,308409.55625,336641.0208870436,280178.0916129564,18.30777553089754,332263.0625,287630.71875,-10414.21875,64.10697300869485,3.5,2.783,2.71,4.19,1914605.2,4235818.7,2.9,116.38,116.38,2025-10-12 21:29:11,306475.5,284000.0,0.009803953871499176,-0.0642504118616145,-0.0016312925266571687,0.0031912321098434724,0.018833569250873986,0.007144414,304468.5389453375,309215.9882676403,305668.340921402
2025-08-13,71900.0,72100.0,71400.0,71900.0,12305742,0.0,0.0,삼성전자,005930.KS,1.1251758087201136,71260.0,69225.0,62392.43841145833,64.8909136586081,0.011188927917805822,70195.9870692236,67942.22142807528,2253.7656411483185,2335.8364653654035,-82.07082421708492,69225.0,73701.78220905962,64748.21779094039,12.934004215412386,72600.0,65900.0,-700.0,120.10503251817957,3.5,2.783,2.71,4.19,1914605.2,4235818.7,2.9,116.38,116.38,2025-10-12 21:29:11,71600.0,73400.0,-0.004172461752433936,0.02086230876216968,0.011251758087201136,0.003007584655809998,-0.030848038997323537,-0.16262282,72116.24533675273,69682.02599609243,60207.420003414154
2025-08-13,277599.03125,278597.5889163669,273604.8005845324,277599.03125,3472694,0.0,0.0,SK하이닉스,000660.KS,3.345717598045983,266115.625,265416.6328125,255228.89348958334,57.865942843215706,0.03290966336485191,266410.7427607179,266414.50714569073,-3.7643849728046916,-265.9800526696297,262.215667696825,265416.6328125,276932.10668369563,253901.15894130434,8.677281260915247,277599.03125,256130.046875,14479.09375,391.91854481157435,3.5,2.783,2.71,4.19,1914605.2,4235818.7,2.9,116.38,116.38,2025-10-12 21:29:11,276101.1875,307000.0,-0.005395709571662996,0.10591164031664826,0.03345717598045983,0.00441753745125276,-0.10401912643906998,-0.0020313426,278825.33536697837,248723.4225190429,277035.1370386481
2025-08-13,392500.0,392500.0,383000.0,389500.0,161247,0.0,0.0,LG에너지솔루션,373220.KS,0.2574002574002643,386400.0,368550.0,320025.0,67.29206526655993,0.0025706955031008917,379591.7975351078,361310.85310765787,18280.944427449955,18774.155158306592,-493.2107308566374,368550.0,419353.95757480944,317746.04242519056,27.569641880238464,393000.0,317000.0,-3500.0,-22.87128712871287,3.5,2.783,2.71,4.19,1914605.2,4235818.7,2.9,116.38,116.38,2025-10-12 21:29:11,394000.0,350000.0,0.011553273427471117,-0.10141206675224647,0.002574002574002643,0.020326551076433517,0.004253296932662655,-0.057601597,397417.19164427085,391156.6591552721,367064.1880631447
2025-08-13,1030000.0,1040000.0,1026000.0,1040000.0,35399,0.0,0.0,삼성바이오로직스,207940.KS,1.86092066601371,1028800.0,1052400.0,1035033.3333333334,49.358434198287156,0.018438173970752772,1040099.524984209,1042532.564294091,-2433.039309881977,2276.1445112204897,-4709.183821102466,1052400.0,1097833.1203094516,1006966.8796905484,8.63419238111965,1098000.0,1021000.0,-58000.0,181.0266321710979,3.5,2.783,2.71,4.19,1914605.2,4235818.7,2.9,116.38,116.38,2025-10-12 21:29:11,1033000.0,1036000.0,-0.006730769230769231,-0.0038461538461538464,0.0186092066601371,-0.09130210748618059,-0.017983898454474817,-2.214837,945045.8082143721,1021296.7456073462,-1263430.5572509766
2025-08-13,213051.1349464699,213545.453125,211568.18041087964,213545.453125,377571,0.0,0.0,현대차,005380.KS,1.4084493456339997,210876.140625,211222.16171875,202313.86614583334,56.05174671717218,0.01398622857751952,210878.16476548504,209601.29061115618,1276.8741543288634,1717.289275332671,-440.4151210038076,211222.16171875,219936.4602820559,202507.8631554441,8.25131084010901,220465.90625,204153.40625,-6920.453125,138.9742973711953,3.5,2.783,2.71,4.19,1914605.2,4235818.7,2.9,116.38,116.38,2025-10-12 21:29:11,215028.40625,223000.0,0.006944437838870516,0.04427416616295608,0.014084493456339997,-0.0034861368635382933,-0.03884534909838966,-0.02539074,212801.00444881996,205250.20544998557,208123.3751476463
2025-08-13,64600.0,64800.0,62100.0,63500.0,2791808,0.0,0.0,카카오,035720.KS,-0.31397174254317317,63760.0,58005.0,54834.166666666664,65.06675005744233,-0.0031446566794717194,60480.757872491246,58730.26254751679,1750.4953249744576,942.4053293570319,808.0899956174258,58005.0,65065.48306086199,50944.51693913801,24.344394658605253,64200.0,54100.0,7200.0,212.9645507386751,3.5,2.783,2.71,4.19,1914605.2,4235818.7,2.9,116.38,116.38,2025-10-12 21:29:11,64400.0,59900.0,0.014173228346456693,-0.05669291338582677,-0.0031397174254317317,0.005424109221850537,-0.023038810857524218,0.19372438,63844.43093558751,62037.03551054721,75801.49900913239
2025-08-13,102800.0,103300.0,102100.0,103200.0,534661,0.0,0.0,기아,000270.KS,1.3752455795677854,102060.0,102665.0,98206.66666666667,54.087060903373114,0.013658748931040044,102405.59084096472,101708.99425784455,696.5965831201756,1067.8174894564493,-371.22090633627363,102665.0,108380.08622212488,96949.91377787512,11.133465586372928,110400.0,97800.0,-7200.0,302.7754231861751,3.5,2.783,2.71,4.19,1914605.2,4235818.7,2.9,116.38,116.38,2025-10-12 21:29:11,103700.0,106600.0,0.0048449612403100775,0.03294573643410853,0.013752455795677854,0.0010615127032039121,-0.03133358786378842,0.78027236,103309.54811097065,99966.37373245704,183724.10802841187
2025-08-13,278000.0,279500.0,269500.0,279500.0,413119,0.0,0.0,LG화학,051910.KS,1.4519056261343088,280300.0,291475.0,243131.66666666666,50.58074776859503,0.014414664002184748,286072.4970033134,279386.94591141335,6685.551091900037,12047.587778818266,-5362.036686918229,291475.0,317831.81276154885,265118.18723845115,18.085127548879903,313000.0,269500.0,-26500.0,-11.493811097868612,3.5,2.783,2.71,4.19,1914605.2,4235818.7,2.9,116.38,116.38,2025-10-12 21:29:11,282500.0,290000.0,0.01073345259391771,0.03756708407871199,0.014519056261343088,0.013266028776001814,0.021699991843369484,-0.04239417,283207.8550428925,285565.1477202218,267650.8319377899
2025-08-13,225500.0,226000.0,221500.0,225000.0,1017399,0.0,0.0,NAVER,035420.KS,0.8968609865470878,227200.0,232250.0,229175.0,42.25411020358383,0.008928630744301398,229514.99546763592,233443.50882566348,-3928.513358027558,-2724.6195234050074,-1203.8938346225505,232250.0,243972.6725891437,220527.3274108563,10.094874134892322,243500.0,223000.0,-9000.0,94.57462440172526,3.5,2.783,2.71,4.19,1914605.2,4235818.7,2.9,116.38,116.38,2025-10-12 21:29:11,224500.0,233000.0,-0.0022222222222222222,0.035555555555555556,0.008968609865470878,-0.0018966722993086205,-0.01801395131184275,0.00817597,224573.24873265557,220946.86095483537,226839.59305286407
2025-08-13,307467.33009708737,307467.33009708737,299532.68932038837,306475.5,201181,0.0,0.0,POSCO홀딩스,005490.KS,0.9803953871499127,300425.325,308583.1265625,281731.5515625,54.04444444713042,0.00975620693461574,302591.40486672096,301438.953288901,1152.451577819942,3134.3631723412614,-1981.9115945213193,308583.1265625,336717.1782083229,280449.07491667714,18.234342207382262,332263.0625,287630.71875,-3967.3125,65.71587020206347,3.5,2.783,2.71,4.19,1914605.2,4235818.7,2.9,116.38,116.38,2025-10-12 21:29:11,304987.75,281500.0,-0.004854384771376505,-0.08149264786255345,0.009803953871499127,-0.0028257411894328866,0.03559466941103221,0.00042762258,305609.47955609794,317384.3941050808,306606.55006438494
2025-08-14,71900.0,71900.0,71200.0,71600.0,11946122,0.0,0.0,삼성전자,005930.KS,-0.4172461752433909,71480.0,69470.0,62659.784830729164,63.510172101702466,-0.004181190760401046,70411.98905857382,68213.1679889586,2198.8210696152237,2308.4333862153676,-109.61231660014391,69470.0,73901.0388469458,65038.9611530542,12.75669741455534,72600.0,65900.0,200.0,119.18665268847923,3.5,2.783,2.71,4.19,1914605.2,4235818.7,2.9,116.38,116.38,2025-10-12 21:29:11,70000.0,75400.0,-0.0223463687150838,0.05307262569832402,-0.004172461752433909,0.007670510479000154,-0.029297678044323042,-0.16217735,72149.20855029642,69502.28625202648,59988.10358047485
2025-08-14,277099.74514014466,277099.74514014466,270109.841659132,276101.1875,2101050,0.0,0.0,SK하이닉스,000660.KS,-0.5395709571663021,269011.440625,265766.128125,256474.82994791667,56.69031155118854,-0.005410318988364811,267901.58041291515,267132.0390237877,769.5413891274366,-58.875764310216454,828.417153437653,265766.128125,278145.614553389,253386.64169661095,9.316075389837856,277599.03125,256130.046875,2995.65625,389.26429521085595,3.5,2.783,2.71,4.19,1914605.2,4235818.7,2.9,116.38,116.38,2025-10-12 21:29:11,267114.1875,328500.0,-0.032549660801440776,0.18978119208560087,-0.005395709571663021,0.001066158572055202,-0.11531808697102579,-0.006339472,276395.55514780775,244261.72674707152,274350.846668642
2025-08-14,391000.0,399500.0,391000.0,394000.0,316057,0.0,0.0,LG에너지솔루션,373220.KS,1.1553273427471034,387900.0,372400.0,321933.3333333333,68.9420554496246,0.011487043987130779,381808.4440681682,363732.2713959795,18076.172672188666,18634.558661083007,-558.3859888943407,372400.0,418177.03400292713,326622.96599707287,24.584873256137023,394000.0,322500.0,11500.0,-21.98019801980198,3.5,2.783,2.71,4.19,1914605.2,4235818.7,2.9,116.38,116.38,2025-10-12 21:29:11,383000.0,355500.0,-0.027918781725888325,-0.09771573604060914,0.011553273427471034,0.008882454408877798,0.004069965102582859,-0.057873975,397499.6870370978,395603.5662504176,371197.6580619812
2025-08-14,1050000.0,1050000.0,1031000.0,1033000.0,42456,0.0,0.0,삼성바이오로직스,207940.KS,-0.6730769230769207,1029600.0,1050550.0,1035133.3333333334,47.608639858628315,-0.006753523015779778,1039007.2903712539,1041826.4484204546,-2819.158049200778,1257.0839991362363,-4076.2420483370142,1050550.0,1095978.8338763926,1005121.1661236073,8.648581005452883,1098000.0,1021000.0,-34000.0,179.13510676225403,3.5,2.783,2.71,4.19,1914605.2,4235818.7,2.9,116.38,116.38,2025-10-12 21:29:11,1028000.0,1038000.0,-0.00484027105517909,0.00484027105517909,-0.006730769230769207,-0.10130111569109562,-0.014430757429522743,-2.3283918,928355.9474910982,1018093.027575303,-1372228.7194728851
2025-08-14,213545.45172413794,216511.36077586206,213545.45172413794,215028.40625,546695,0.0,0.0,현대차,005380.KS,0.6944437838870554,211864.775,211592.9,202817.22083333333,57.900022154317284,0.006920436284555551,211516.66345541042,210003.29917699646,1513.3642784139665,1676.5042759489302,-163.13999753496364,211592.9,220291.68857716484,202894.11142283515,8.22219325616771,220465.90625,204153.40625,4448.859375,140.63383952437732,3.5,2.783,2.71,4.19,1914605.2,4235818.7,2.9,116.38,116.38,2025-10-12 21:29:11,214039.78125,223500.0,-0.00459764836302878,0.03939755634030329,0.006944437838870554,-0.0012774845781847513,-0.03969512114210173,-0.026948517,214753.71077714398,206492.8276149132,209233.71074973606
2025-08-14,63000.0,65200.0,63000.0,64400.0,3339635,0.0,0.0,카카오,035720.KS,1.4173228346456623,63920.0,58350.0,55298.333333333336,66.90795254958869,0.0140737272116619,61083.71819980028,59150.24309955259,1933.4751002476914,1140.6192835351637,792.8558167125277,58350.0,65959.5507855577,50740.44921444229,26.082436282974143,64400.0,54100.0,6400.0,217.40026878064054,3.5,2.783,2.71,4.19,1914605.2,4235818.7,2.9,116.38,116.38,2025-10-12 21:29:11,65000.0,65500.0,0.009316770186335404,0.017080745341614908,0.014173228346456623,0.0018419428737680703,-0.03157571380109902,0.17918551,64518.62112107067,62366.52403120922,75939.54682350159
2025-08-14,103600.0,104700.0,103100.0,103700.0,574716,0.0,0.0,기아,000270.KS,0.4844961240310086,102440.0,102840.0,98415.0,55.2526955062932,0.004833262188019294,102604.73071158554,101856.47616467086,748.2545469146717,1003.9049009480939,-255.65035403342222,102840.0,108450.66653325381,97229.33346674619,10.911447944873222,110400.0,97800.0,1400.0,304.7268545000616,3.5,2.783,2.71,4.19,1914605.2,4235818.7,2.9,116.38,116.38,2025-10-12 21:29:11,102200.0,105900.0,-0.01446480231436837,0.021215043394406944,0.004844961240310086,-0.00028747434042766904,-0.03133358786378842,0.7925418,103670.18891089765,100450.70693852515,185886.57867908478
2025-08-14,280000.0,282500.0,277500.0,282500.0,214283,0.0,0.0,LG화학,051910.KS,1.073345259391778,278300.0,292125.0,244678.33333333334,52.501297553565216,0.010676257991341854,285522.8820797267,279617.54251056793,5905.339569158794,10819.138136886373,-4913.798567727579,292125.0,316786.65786035144,267463.34213964856,16.88431860357822,313000.0,272500.0,-19000.0,-10.543834115019257,3.5,2.783,2.71,4.19,1914605.2,4235818.7,2.9,116.38,116.38,2025-10-12 21:29:11,276000.0,290000.0,-0.023008849557522124,0.02654867256637168,0.01073345259391778,0.015619901825901082,0.012787077651920413,-0.03598636,286912.6222658171,286112.3494366675,272333.8522017002
2025-08-14,228500.0,233500.0,224000.0,224500.0,1165222,0.0,0.0,NAVER,035420.KS,-0.22222222222222365,225000.0,231300.0,229833.33333333334,41.872987810670814,-0.0022246950221111624,228743.45770338422,232781.02669042916,-4037.5689870449423,-2987.2094161329946,-1050.3595709119477,231300.0,242237.1409715822,220362.8590284178,9.457104169115613,242000.0,223000.0,-10500.0,94.1422363474992,3.5,2.783,2.71,4.19,1914605.2,4235818.7,2.9,116.38,116.38,2025-10-12 21:29:11,226000.0,236000.0,0.0066815144766146995,0.051224944320712694,-0.0022222222222222365,0.0011152742792582325,-0.014803391158480126,0.008157745,224750.37907569346,221176.6386849212,226331.41040802002
2025-08-14,306971.4101626016,307963.24024390243,302012.25975609757,304987.75,217001,0.0,0.0,POSCO홀딩스,005490.KS,-0.4854384771376452,302408.9875,308583.1265625,282872.07083333336,52.85534686894441,-0.004866205567775707,302960.07334876386,301701.82711935276,1258.2462294111028,2759.1397837552295,-1500.8935543441266,308583.1265625,336717.1782083229,280449.07491667714,18.234342207382262,332263.0625,287630.71875,-991.8125,64.91142160537918,3.5,2.783,2.71,4.19,1914605.2,4235818.7,2.9,116.38,116.38,2025-10-12 21:29:11,299036.75,285000.0,-0.019512259098931024,-0.06553623875057277,-0.004854384771376452,0.0015508834732929917,0.02818718885685902,0.0016095873,305460.7504610318,313584.4973082785,305478.6472502351
2025-08-18,71100.0,71200.0,70000.0,70000.0,13595591,0.0,0.0,삼성전자,005930.KS,-2.2346368715083775,71120.0,69615.0,62903.777604166666,56.59376560222054,-0.02259983191724092,70348.60612648554,68345.5259157024,2003.0802107831405,2247.3627511289224,-244.28254034578185,69615.0,73907.11026492808,65322.88973507192,12.330992645056611,72600.0,65900.0,1100.0,114.28862693007744,3.5,2.783,2.71,4.19,1914605.2,4235818.7,2.9,116.38,116.38,2025-10-12 21:29:11,70000.0,76500.0,0.0,0.09285714285714286,-0.022346368715083775,0.00999457945307294,-0.018552259843413833,-0.16340163,70699.6205617151,68701.34181096104,58561.88774108887
2025-08-18,271607.69719626167,271607.69719626167,266614.90864485985,267114.1875,1993220,0.0,0.0,SK하이닉스,000660.KS,-3.2549660801440727,271208.26875,265691.2359375,257595.90208333332,50.11188866489153,-0.03309118438931524,267780.44304169744,267130.71668869234,649.7263530050986,82.84465915284656,566.881693852252,265691.2359375,278016.2334097521,253366.23846524797,9.277684624231513,277599.03125,256130.046875,9486.296875,373.3389083594866,3.5,2.783,2.71,4.19,1914605.2,4235818.7,2.9,116.38,116.38,2025-10-12 21:29:11,262620.65625,331000.0,-0.016822510597644686,0.23917042032819766,-0.03254966080144073,0.00670570767135548,-0.1206202162698365,-0.019273784,268905.3771562466,234894.81643500834,261965.89330923557
2025-08-18,392000.0,393000.0,382500.0,383000.0,187924,0.0,0.0,LG에너지솔루션,373220.KS,-2.7918781725888353,388800.0,375425.0,323691.6666666667,60.85994718596117,-0.028315920117287854,381991.7603653731,365159.5105518329,16832.2498135402,18274.096891574445,-1441.8470780342468,375425.0,414876.8694107122,335973.1305892878,21.017177551155207,394000.0,331000.0,10000.0,-24.15841584158416,3.5,2.783,2.71,4.19,1914605.2,4235818.7,2.9,116.38,116.38,2025-10-12 21:29:11,384000.0,355500.0,0.0026109660574412533,-0.07180156657963446,-0.027918781725888353,0.08274515034606748,0.04968329995358465,-0.053873785,414691.39258254383,402028.7038822229,362366.3432598114
2025-08-18,1039000.0,1050000.0,1026000.0,1028000.0,40399,0.0,0.0,삼성바이오로직스,207940.KS,-0.4840271055179035,1030800.0,1049400.0,1033933.3333333334,46.34482480038872,-0.004852023104528074,1037313.8610833687,1040802.2670559764,-3488.405972607783,307.9860047874324,-3796.3919773952157,1049400.0,1095931.935835854,1002868.064164146,8.868293469764431,1098000.0,1021000.0,-6000.0,177.78401718450834,3.5,2.783,2.71,4.19,1914605.2,4235818.7,2.9,116.38,116.38,2025-10-12 21:29:11,1024000.0,1040000.0,-0.0038910505836575876,0.011673151750972763,-0.004840271055179035,-0.08163239340165013,-0.010289705740268877,-2.3744893,944081.8995831037,1017422.1824990036,-1412975.0080108643
2025-08-18,215028.4176530023,215522.73585450347,212556.82664549653,214039.78125,405813,0.0,0.0,현대차,005380.KS,-0.45976483630287834,212655.684375,211889.49140625,203328.48177083334,56.203053452191604,-0.004608250055982074,211904.83542380884,210302.2978490708,1602.5375747380313,1661.7109357067504,-59.17336096871918,211889.49140625,220491.94426035002,203287.03855214996,8.119754119949992,220465.90625,204153.40625,6426.140625,139.52748974599874,3.5,2.783,2.71,4.19,1914605.2,4235818.7,2.9,116.38,116.38,2025-10-12 21:29:11,216511.359375,215000.0,0.011547283923417858,0.004486169554053401,-0.0045976483630287834,0.0031058132624774684,-0.040192322704267425,-0.03259388,214704.54884130403,205437.02529044918,207063.38875556923
2025-08-18,64800.0,65500.0,64000.0,65000.0,1926649,0.0,0.0,카카오,035720.KS,0.9316770186335477,64160.0,58755.0,55757.5,68.11451288256993,0.009273636785329253,61686.223092138694,59583.558425511656,2102.664666627039,1333.0283601535389,769.6363064735001,58755.0,66884.08358919299,50625.916410807,27.67112105929025,65000.0,54100.0,9500.0,220.35741414195087,3.5,2.783,2.71,4.19,1914605.2,4235818.7,2.9,116.38,116.38,2025-10-12 21:29:11,65200.0,64000.0,0.003076923076923077,-0.015384615384615385,0.009316770186335477,0.04660803135388763,-0.03260035552138162,0.18351464,68029.5220380027,62880.97689111019,76928.44867706299
2025-08-18,102100.0,103400.0,102100.0,102200.0,539476,0.0,0.0,기아,000270.KS,-1.446480231436842,102500.0,102960.0,98598.33333333333,51.06427350527184,-0.014570437465877635,102542.46444826468,101881.92237469523,660.5420735694497,935.2323354723651,-274.6902619029154,102960.0,108396.87216581136,97523.12783418864,10.561134743223318,110400.0,97800.0,1400.0,298.8725605584021,3.5,2.783,2.71,4.19,1914605.2,4235818.7,2.9,116.38,116.38,2025-10-12 21:29:11,104000.0,101700.0,0.01761252446183953,-0.004892367906066536,-0.014464802314368419,0.0044611352353164675,-0.030759492815697363,0.8462724,102655.92802104935,99056.37983423573,188689.04628753662
2025-08-18,280000.0,283500.0,274500.0,276000.0,187334,0.0,0.0,LG화학,051910.KS,-2.3008849557522137,278200.0,292300.0,246145.0,48.13634712981968,-0.023277684869345647,284057.8232982303,279349.576398674,4708.24689955631,9596.959889420361,-4888.7129898640505,292300.0,316419.0032088695,268180.9967911305,16.50291016686246,313000.0,275500.0,-14000.0,-12.602117577859516,3.5,2.783,2.71,4.19,1914605.2,4235818.7,2.9,116.38,116.38,2025-10-12 21:29:11,277500.0,293500.0,0.005434782608695652,0.06340579710144928,-0.023008849557522137,0.019343071883770886,0.02038642499517153,-0.033090215,281338.68783992075,281626.65329866734,266867.09547042847
2025-08-18,224500.0,228500.0,223500.0,226000.0,479724,0.0,0.0,NAVER,035420.KS,0.6681514476614803,224300.0,230500.0,230520.0,43.51889237232328,0.006659292089976997,228321.38728747895,232278.72841706403,-3957.341129585082,-3181.235758823412,-776.1053707616697,230500.0,240436.6413896219,220563.3586103781,8.621814654769533,240000.0,223000.0,1000.0,95.43940051017736,3.5,2.783,2.71,4.19,1914605.2,4235818.7,2.9,116.38,116.38,2025-10-12 21:29:11,225500.0,234000.0,-0.0022123893805309734,0.035398230088495575,0.006681514476614803,-0.0025912537917398325,-0.02028344689160783,0.0062646754,225414.3766430668,221415.9410024966,227415.81916809082
2025-08-18,304987.7300995025,309203.00766998343,298044.9199834163,299036.75,254583,0.0,0.0,POSCO홀딩스,005490.KS,-1.9512259098931062,303599.18125,308112.00625,283921.58619791665,48.27947696123467,-0.019705136329488126,302356.4851412617,301504.41399940074,852.0711418609717,2377.726055376378,-1525.6549135154064,308112.00625,336568.5176476965,279655.49485230347,18.471536857026656,332263.0625,287630.71875,10910.125,61.69362721864196,3.5,2.783,2.71,4.19,1914605.2,4235818.7,2.9,116.38,116.38,2025-10-12 21:29:11,299532.6875,285000.0,0.0016584500065627385,-0.04693988280704629,-0.019512259098931062,0.0031336094276235137,0.024378154018099146,-0.0017404149,299973.8143790059,306326.7139485718,298516.30762962997
2025-08-19,70400.0,70700.0,69700.0,70000.0,10533082,0.0,0.0,삼성전자,005930.KS,0.0,70920.0,69725.0,63164.33548177083,56.59376560222054,0.0,70294.97441471853,68468.0795515763,1826.8948631422245,2163.269173531583,-336.37431038935847,69725.0,73933.2000152567,65516.79998474329,12.070849810704077,72600.0,65900.0,300.0,114.28862693007744,3.5,2.783,2.71,4.19,1914605.2,4235818.7,2.9,116.38,116.38,2025-10-12 21:29:11,70500.0,79400.0,0.007142857142857143,0.13428571428571429,0.0,0.0026746538597435315,-0.02220304570371224,-0.1644902,70187.22577018205,68445.78680074014,58485.684394836426
2025-08-19,268112.7232057985,269610.559648289,261122.8198075095,262620.65625,1709646,0.0,0.0,SK하이닉스,000660.KS,-1.6822510597644724,270409.41875,265216.9203125,258701.88723958333,47.16482907568737,-0.016965616230048965,266986.6296891286,266796.6381376781,189.9915514505119,104.27403761237963,85.71751383813228,265216.9203125,277228.48271261086,253205.35791238907,9.05791560052647,277599.03125,256130.046875,4992.765625,365.37615955733156,3.5,2.783,2.71,4.19,1914605.2,4235818.7,2.9,116.38,116.38,2025-10-12 21:29:11,255131.484375,348000.0,-0.02851707090348115,0.32510521056928476,-0.016822510597644724,-0.00029822096640823347,-0.11735197470897502,-0.020131288,262542.3372640944,231801.60363969556,257333.7636698205
2025-08-19,384000.0,386500.0,378000.0,384000.0,108072,0.0,0.0,LG에너지솔루션,373220.KS,0.26109660574411553,387800.0,378075.0,325516.6666666667,61.3040645813178,0.0026075634070807695,382300.7203091618,366555.10236280825,15745.617946353566,17768.401102530268,-2022.7831561767016,378075.0,411643.9000807514,344506.0999192486,17.757799421147336,394000.0,333500.0,8500.0,-23.96039603960396,3.5,2.783,2.71,4.19,1914605.2,4235818.7,2.9,116.38,116.38,2025-10-12 21:29:11,377500.0,349500.0,-0.016927083333333332,-0.08984375,0.0026109660574411553,0.0800713677616388,0.03482611016859617,-0.057517633,414747.4052204693,397373.226304741,361913.22326660156
2025-08-19,1034000.0,1037000.0,1021000.0,1024000.0,33935,0.0,0.0,삼성바이오로직스,207940.KS,-0.3891050583657574,1029200.0,1048650.0,1033000.0,45.308602139948476,-0.003898640415657309,1035265.5747628503,1039557.6546814598,-4292.079918609466,-612.0271798919474,-3680.052738717519,1048650.0,1096356.4488634225,1000943.5511365775,9.098640893228913,1098000.0,1021000.0,-24000.0,176.70314552231181,3.5,2.783,2.71,4.19,1914605.2,4235818.7,2.9,116.38,116.38,2025-10-12 21:29:11,1019000.0,1036000.0,-0.0048828125,0.01171875,-0.0038910505836575737,-0.08645474715154187,-0.008008189496677452,-2.478021,935470.338916821,1015799.6139554023,-1513493.408203125
2025-08-19,214039.7685145548,216511.359375,212556.8139982877,216511.359375,442222,0.0,0.0,현대차,005380.KS,1.1547283923417861,213940.909375,212383.809375,203971.96744791666,59.40623718376523,0.011481122873589066,212613.53141629978,210762.22833247297,1851.3030838268169,1699.629365330764,151.67371849605297,212383.809375,220847.60490814626,203920.01384185377,7.970283194423697,220465.90625,204153.40625,7909.078125,142.29338167755935,3.5,2.783,2.71,4.19,1914605.2,4235818.7,2.9,116.38,116.38,2025-10-12 21:29:11,217994.328125,215000.0,0.0068493808097684255,-0.006980508456289858,0.011547283923417861,-0.0011896500964000513,-0.041672523064102664,-0.035519067,216253.78661544784,207488.7847578051,208821.07865878846
2025-08-19,65500.0,66600.0,63700.0,65200.0,2712501,0.0,0.0,카카오,035720.KS,0.3076923076922977,64360.0,59170.0,56223.333333333336,68.52645340710448,0.003072199036970059,62226.80415488659,59999.59113473301,2227.2130201535765,1511.8652921535465,715.34772800003,59170.0,67736.05295092093,50603.94704907907,28.954040733212537,65200.0,54100.0,9800.0,221.34312926238766,3.5,2.783,2.71,4.19,1914605.2,4235818.7,2.9,116.38,116.38,2025-10-12 21:29:11,65300.0,62900.0,0.0015337423312883436,-0.0352760736196319,0.003076923076922977,0.04048967113805658,-0.03363018960175345,0.2160218,67839.92655820129,63007.31163796567,79284.61980819702
2025-08-19,102500.0,104000.0,101900.0,104000.0,627551,0.0,0.0,기아,000270.KS,1.7612524461839474,102980.0,103195.0,98845.0,55.43044865935182,0.01745922137176855,102766.7006869932,102038.8170136067,727.8836733864882,893.7626030551897,-165.87892966870152,103195.0,108365.55428159818,98024.44571840182,10.020939544741848,110400.0,97800.0,1200.0,305.89771328839345,3.5,2.783,2.71,4.19,1914605.2,4235818.7,2.9,116.38,116.38,2025-10-12 21:29:11,105100.0,101400.0,0.010576923076923078,-0.025,0.017612524461839474,0.0013495991678670121,-0.03196260492718911,0.9029016,104140.35831345816,100675.88908757234,197901.77154541016
2025-08-19,276500.0,279500.0,272500.0,277500.0,185341,0.0,0.0,LG화학,051910.KS,0.5434782608695565,278200.0,291825.0,247658.33333333334,49.1862594453701,0.005420067469339113,283048.92740619485,279212.570739513,3836.3566666818806,8444.839244872664,-4608.482578190784,291825.0,316744.39637690794,266905.60362309206,17.078315001735934,313000.0,275500.0,-12000.0,-12.12712908643484,3.5,2.783,2.71,4.19,1914605.2,4235818.7,2.9,116.38,116.38,2025-10-12 21:29:11,283500.0,288000.0,0.021621621621621623,0.03783783783783784,0.005434782608695565,0.013304574307264762,0.013359422130910322,-0.032888576,281192.019370266,281207.23964132764,268373.4159171581
2025-08-19,228000.0,228500.0,223000.0,225500.0,419214,0.0,0.0,NAVER,035420.KS,-0.22123893805309214,224800.0,229775.0,231225.0,43.08099154295282,-0.0022148403295527874,227887.32770478987,231776.6003861704,-3889.272681380535,-3322.843143334837,-566.4295380456979,229775.0,238873.72749926866,220676.27250073134,7.9196844733053275,235500.0,223000.0,-7000.0,95.00701245595131,3.5,2.783,2.71,4.19,1914605.2,4235818.7,2.9,116.38,116.38,2025-10-12 21:29:11,221500.0,235000.0,-0.017738359201773836,0.04212860310421286,-0.0022123893805309214,0.005371272084042815,-0.020272006465737076,0.0068094116,226711.22185495167,220928.6625419763,227035.509288311
2025-08-19,301516.3476821192,303500.0078642384,293581.70695364237,299532.6875,166160,0.0,0.0,POSCO홀딩스,005490.KS,0.16584500065628394,302706.5375,306872.21875,285020.265625,48.67823368402645,0.0016570762969601166,301922.05473491375,301358.3601846303,563.6945502834278,2014.9197543577882,-1451.2252040743604,306872.21875,334502.53219938814,279241.90530061186,18.00769946653122,332263.0625,287630.71875,11901.96875,61.961788015763865,3.5,2.783,2.71,4.19,1914605.2,4235818.7,2.9,116.38,116.38,2025-10-12 21:29:11,296557.1875,282000.0,-0.009933807307758356,-0.05853346974025998,0.0016584500065628394,-0.002971874744060512,0.014574092013703792,-0.0012734003,298642.51387099817,303898.104448737,299151.26448346674
2025-08-20,70100.0,70700.0,69400.0,70500.0,17445516,0.0,0.0,삼성전자,005930.KS,0.7142857142857117,70800.0,69950.0,63441.5091796875,58.241917215825715,0.007117467768863955,70326.51681245414,68618.59217738546,1707.9246350686735,2072.200265839001,-364.27563077032755,69950.0,73784.19517390091,66115.80482609909,10.962673835313536,72600.0,65900.0,600.0,115.81925997957802,3.5,2.783,2.71,4.19,1914605.2,4235818.7,2.9,116.38,116.38,2025-10-12 21:29:11,70600.0,78200.0,0.0014184397163120568,0.10921985815602837,0.0071428571428571175,0.0024707023703993353,-0.02196655108294384,-0.1618328,70674.18451711316,68951.35814865246,59090.786933898926
2025-08-20,254132.9267062133,256629.32087818003,250637.97486545987,255131.484375,3571545,0.0,0.0,SK하이닉스,000660.KS,-2.85170709034811,267713.309375,264567.85703125,259631.55390625,42.66167540177372,-0.02893158201586742,265162.76117926266,265932.55267377605,-769.7914945133962,-70.53906881277554,-699.2524257006206,264567.85703125,277301.7593499458,251833.95471255423,9.626190015359045,277599.03125,255131.484375,-7988.453125,352.1049946184454,3.5,2.783,2.71,4.19,1914605.2,4235818.7,2.9,116.38,116.38,2025-10-12 21:29:11,244646.640625,333500.0,-0.041095844269024275,0.30716912817318764,-0.0285170709034811,-0.0011084884086824355,-0.06700831411373012,-0.012077903,254848.6740818804,238035.55372969777,252050.0247809384
2025-08-20,378500.0,383500.0,375000.0,377500.0,149517,0.0,0.0,LG에너지솔루션,373220.KS,-1.692708333333337,385600.0,380275.0,327341.6666666667,56.793094471602686,-0.017071983898647503,381562.14795390615,367365.8355211188,14196.312432787381,17053.983368581692,-2857.670935794311,380275.0,406509.7198634878,354040.2801365122,13.797762074018967,394000.0,336500.0,-9000.0,-25.247524752475247,3.5,2.783,2.71,4.19,1914605.2,4235818.7,2.9,116.38,116.38,2025-10-12 21:29:11,372500.0,350000.0,-0.013245033112582781,-0.0728476821192053,-0.01692708333333337,0.07375161558312016,0.06010037925274644,-0.05381801,405341.23488262785,400187.89316791174,357183.70974063873
2025-08-20,1030000.0,1030000.0,1011000.0,1019000.0,41004,0.0,0.0,삼성바이오로직스,207940.KS,-0.48828125,1028800.0,1047500.0,1033050.0,43.984722824964635,-0.004894772376728281,1032763.1786454887,1038034.865445796,-5271.686800307361,-1543.9591039750303,-3727.727696332331,1047500.0,1096958.1162516158,998041.8837483843,9.443077088613986,1098000.0,1019000.0,-32000.0,175.35205594456613,3.5,2.783,2.71,4.19,1914605.2,4235818.7,2.9,116.38,116.38,2025-10-12 21:29:11,1017000.0,1020000.0,-0.001962708537782139,0.0009813542688910696,-0.0048828125,-0.08059654644114128,-0.014037487133388102,-2.397668,936872.119176477,1004695.8006110775,-1424223.5746383667
2025-08-20,216017.05530753967,219477.28273809524,215028.41889880953,217994.328125,784564,0.0,0.0,현대차,005380.KS,0.684938080976849,215423.865625,213075.85546875,204680.80859375,61.23806965718585,0.006826030364453511,213441.34629456134,211297.93942821573,2143.406866345613,1788.3848655337338,355.022000811879,213075.85546875,220948.92809243183,205202.78284506817,7.389924687958374,220465.90625,207613.640625,9886.375,143.95294131635552,3.5,2.783,2.71,4.19,1914605.2,4235818.7,2.9,116.38,116.38,2025-10-12 21:29:11,218982.953125,216000.0,0.004535095057304028,-0.009148532175829976,0.0068493808097684905,-0.00020112160841363454,-0.04068908199349194,-0.035729688,217950.48475510243,209124.33903380568,210205.45480877813
2025-08-20,63800.0,65700.0,62300.0,65300.0,3436218,0.0,0.0,카카오,035720.KS,0.15337423312884457,64680.0,59610.0,56688.333333333336,68.7438892251391,0.0015325673497782106,62699.60351567327,60392.21401364168,2307.3895020315904,1670.9701341291552,636.4193679024352,59610.0,68496.6309997885,50723.3690002115,29.815906726349596,65300.0,54100.0,10600.0,221.83598682260603,3.5,2.783,2.71,4.19,1914605.2,4235818.7,2.9,116.38,116.38,2025-10-12 21:29:11,64000.0,62500.0,-0.019908116385911178,-0.042879019908116385,0.0015337423312884457,0.049074941337113695,-0.0328609508390544,0.24355386,68504.59366931352,63154.17991020975,81204.06816005707
2025-08-20,104200.0,105500.0,103300.0,105100.0,713124,0.0,0.0,기아,000270.KS,1.057692307692304,103640.0,103560.0,99145.0,57.902386004900265,0.01052137874153274,103125.66981207117,102265.5713088951,860.0985031760647,887.0297830793648,-26.93127990330015,103560.0,108121.80942863286,98998.19057136714,8.809983446567896,110400.0,100800.0,3700.0,310.19086217894386,3.5,2.783,2.71,4.19,1914605.2,4235818.7,2.9,116.38,116.38,2025-10-12 21:29:11,103900.0,101000.0,-0.011417697431018078,-0.0390104662226451,0.01057692307692304,-0.00036407028594040425,-0.03520138299336635,0.775015,105061.73621294767,101400.33464739719,186554.07613515854
2025-08-20,277000.0,286500.0,277000.0,283500.0,367843,0.0,0.0,LG화학,051910.KS,2.1621621621621623,279800.0,291550.0,249343.33333333334,53.261984431516076,0.02139118998131756,283118.3231898572,279530.1580921416,3588.165097715566,7473.504415441244,-3885.3393177256785,291550.0,316720.7850702478,266379.2149297522,17.26687365477467,313000.0,275500.0,-14500.0,-10.227175120736131,3.5,2.783,2.71,4.19,1914605.2,4235818.7,2.9,116.38,116.38,2025-10-12 21:29:11,293000.0,292000.0,0.03350970017636684,0.029982363315696647,0.021621621621621623,0.01268064127872149,0.009238351671177874,-0.027017336,287094.96180251753,286119.07269877894,275840.579867363
2025-08-20,221500.0,224000.0,219500.0,221500.0,507825,0.0,0.0,NAVER,035420.KS,-1.7738359201773801,224500.0,229100.0,231865.0,39.644206756351785,-0.017897569457542676,226904.66190405295,231015.37072793557,-4110.708823882625,-3480.416279444395,-630.2925444382304,229100.0,238562.3909296725,219637.6090703275,8.26048968107594,235500.0,221500.0,-10500.0,91.54790802214285,3.5,2.783,2.71,4.19,1914605.2,4235818.7,2.9,116.38,116.38,2025-10-12 21:29:11,223000.0,233500.0,0.006772009029345372,0.05417607223476298,-0.0177383592017738,0.0014335201252159925,-0.01931486667452552,0.0048361835,221817.52470773534,217221.7570315926,222571.21866941452
2025-08-20,299532.67767558526,300524.5077341137,293581.69732441474,296557.1875,209981,0.0,0.0,POSCO홀딩스,005490.KS,-0.9933807307758391,301317.975,305682.0234375,286142.9708333333,46.368378724853294,-0.009983476783324332,301096.690544927,301002.7177635466,93.97278138040565,1630.7303597623118,-1536.7575783819061,305682.0234375,332913.70535209595,278450.34152290405,17.816999251945713,332263.0625,287630.71875,991.84375,60.35289082239525,3.5,2.783,2.71,4.19,1914605.2,4235818.7,2.9,116.38,116.38,2025-10-12 21:29:11,300028.59375,283500.0,0.011705689143008884,-0.044029239722945514,-0.009933807307758391,0.0024899291080583558,0.003875844825601841,0.0036722457,297295.5938733602,297706.5971406669,297646.2173081562
2025-08-21,71500.0,71900.0,70600.0,70600.0,18843833,0.0,0.0,삼성전자,005930.KS,0.14184397163119478,70540.0,70160.0,63712.067057291664,58.58065446784482,0.0014174346809733152,70368.59114899965,68765.36312720877,1603.2280217908847,1978.4058170293779,-375.1777952384932,70160.0,73617.04467641415,66702.95532358585,9.854745371762123,72600.0,65900.0,1800.0,116.12538658947811,3.5,2.783,2.71,4.19,1914605.2,4235818.7,2.9,116.38,116.38,2025-10-12 21:29:11,71400.0,80300.0,0.0113314447592068,0.13739376770538245,0.0014184397163119478,0.0024148749655871623,-0.022439681049631253,-0.15895641,70770.49017257045,69015.75851789603,59377.6775598526
2025-08-21,246144.4772002551,250637.9869260204,244646.640625,244646.640625,6301130,0.0,0.0,SK하이닉스,000660.KS,-4.109584426902424,261122.83125,263369.5875,260336.63541666666,37.293307687814035,-0.041964150979587146,262006.43494014532,264355.8184479408,-2349.3835077954864,-526.3079566093177,-1823.0755511861687,263369.5875,278738.76920507726,248000.4057949228,11.671189411782205,277599.03125,244646.640625,-13480.515625,333.52535816635765,3.5,2.783,2.71,4.19,1914605.2,4235818.7,2.9,116.38,116.38,2025-10-12 21:29:11,250637.984375,355500.0,0.024489785490999935,0.4531162132118486,-0.04109584426902424,-0.0075740064791360905,-0.07523243404468251,-0.014302921,242793.68538380737,226241.27836992656,241147.48189542908
2025-08-21,379000.0,382000.0,371000.0,372500.0,166077,0.0,0.0,LG에너지솔루션,373220.KS,-1.3245033112582738,382200.0,382075.0,328916.6666666667,53.53007360562142,-0.013333530869465144,380167.9713456129,367746.1440010359,12421.827344577003,16127.552163780756,-3705.724819203753,382075.0,398925.03513973847,365224.96486026153,8.820276196944823,394000.0,363500.0,-11500.0,-26.237623762376238,3.5,2.783,2.71,4.19,1914605.2,4235818.7,2.9,116.38,116.38,2025-10-12 21:29:11,367500.0,350500.0,-0.013422818791946308,-0.05906040268456376,-0.013245033112582738,0.0743839281861225,0.07856400059258213,-0.058602914,400208.01324933063,401765.0902207368,350670.40890455246
2025-08-21,1025000.0,1028000.0,1016000.0,1017000.0,29573,0.0,0.0,삼성바이오로직스,207940.KS,-0.19627085377821318,1024200.0,1045150.0,1032616.6666666666,43.43798132241501,-0.0019646371741648544,1030338.0742384904,1036476.7272646261,-6138.653026135638,-2462.897888407152,-3675.7551377284863,1045150.0,1095760.067648333,994539.932351667,9.684747193863661,1098000.0,1017000.0,-14000.0,174.81162011346788,3.5,2.783,2.71,4.19,1914605.2,4235818.7,2.9,116.38,116.38,2025-10-12 21:29:11,1030000.0,1021000.0,0.012782694198623401,0.003933136676499509,-0.001962708537782132,-0.07897987730770915,-0.018244497280444444,-2.2887158,936677.4647780597,998445.3462657881,-1310624.008655548
2025-08-21,218488.63494638828,221948.86219667044,217994.31676777653,218982.953125,601284,0.0,0.0,현대차,005380.KS,0.4535095057303984,216511.365625,213051.1390625,205373.615625,62.45444944040287,0.0045248424995773555,214293.9011915519,211867.19970205158,2426.701489500323,1916.0481903270518,510.6532991732713,213051.1390625,220842.27271728942,205260.0054077106,7.3138624736513,220465.90625,207613.640625,10875.0,145.0592910947341,3.5,2.783,2.71,4.19,1914605.2,4235818.7,2.9,116.38,116.38,2025-10-12 21:29:11,217500.0,216500.0,-0.006772002586673948,-0.011338568092022574,0.004535095057303984,-0.00020112160841363454,-0.04160383014229242,-0.040240202,218938.91092125233,209872.42353912993,210171.02912457008
2025-08-21,65900.0,67800.0,62900.0,64000.0,4221004,0.0,0.0,카카오,035720.KS,-1.9908116385911168,64780.0,60060.0,57105.0,62.68138540782853,-0.02010895292271351,62899.664513262,60659.4574200386,2240.2070932234055,1784.8175259480054,455.38956727540017,60060.0,68874.91558905649,51245.08441094352,29.353698265256355,65300.0,54100.0,7200.0,215.42883853976699,3.5,2.783,2.71,4.19,1914605.2,4235818.7,2.9,116.38,116.38,2025-10-12 21:29:11,63600.0,64700.0,-0.00625,0.0109375,-0.019908116385911168,0.003905878132963362,-0.019148715508609398,0.24258631,64249.97620050965,62774.482207449,79525.52795410156
2025-08-21,105700.0,105800.0,103900.0,103900.0,433907,0.0,0.0,기아,000270.KS,-1.141769743101806,103780.0,103450.0,99408.33333333333,54.360336879321366,-0.011483379777723714,103244.79753329098,102386.6401008288,858.1574324621906,881.2553129559301,-23.097880493739467,103450.0,107857.4100283387,99042.5899716613,8.520850707276354,110400.0,100800.0,2100.0,305.50742702561615,3.5,2.783,2.71,4.19,1914605.2,4235818.7,2.9,116.38,116.38,2025-10-12 21:29:11,104800.0,102000.0,0.008662175168431183,-0.01828681424446583,-0.011417697431018059,0.005456036703345722,-0.03494692345550292,0.8164566,104466.88221347763,100269.01465297324,188729.8362016678
2025-08-21,287000.0,302500.0,283000.0,293000.0,511584,0.0,0.0,LG화학,051910.KS,3.3509700176366897,282500.0,291650.0,251098.33333333334,58.88513386467033,0.0329604858492606,284638.5811606484,280527.9241593904,4110.6570012579905,6800.934932604594,-2690.2779313466035,291650.0,316827.47531341994,266472.52468658006,17.265541102979558,313000.0,275500.0,-8000.0,-7.218914675046517,3.5,2.783,2.71,4.19,1914605.2,4235818.7,2.9,116.38,116.38,2025-10-12 21:29:11,287500.0,300000.0,-0.01877133105802048,0.023890784982935155,0.0335097001763669,0.01490071902935256,0.01014076130723479,-0.024643203,297365.91067560035,295971.2430630198,285779.54745292664
2025-08-21,222000.0,226500.0,222000.0,223000.0,463923,0.0,0.0,NAVER,035420.KS,0.6772009029345272,224100.0,228675.0,232448.33333333334,41.52798870402785,0.00674918197492833,226303.9446880448,230421.6395629033,-4117.694874858484,-3607.8719985272132,-509.82287633127044,228675.0,238442.15764292446,218907.84235707554,8.542392166108634,235500.0,221500.0,-5500.0,92.84507218482103,3.5,2.783,2.71,4.19,1914605.2,4235818.7,2.9,116.38,116.38,2025-10-12 21:29:11,222000.0,236750.0,-0.004484304932735426,0.061659192825112105,0.006772009029345272,-0.002173532604492135,-0.02028344689160783,0.0028343638,222515.30222919825,218476.79134317144,223632.05337524414
2025-08-21,297549.01859504136,305979.57412190083,296061.27350206615,300028.59375,227934,0.0,0.0,POSCO홀딩스,005490.KS,1.1705689143008957,300028.59375,304070.3,287192.6578125,49.3859081770753,0.011637707563712789,300932.3679610921,300930.5604292098,1.8075318823102862,1304.9457941863116,-1303.1382623040013,304070.3,328331.5446217108,279809.0553782892,15.957654938157917,331271.25,287630.71875,3967.3125,62.229931915545066,3.5,2.783,2.71,4.19,1914605.2,4235818.7,2.9,116.38,116.38,2025-10-12 21:29:11,297549.0,283500.0,-0.008264524787481194,-0.055090061728491506,0.011705689143008957,-0.0014193295239087478,0.0091225264523629,-0.00023829052,299602.7543088738,302765.6125329496,299957.0971251838
2025-08-22,71700.0,71800.0,70800.0,71400.0,9277432,0.0,0.0,삼성전자,005930.KS,1.1331444759206777,70500.0,70430.0,64009.210286458336,61.28624678329951,0.011267724846342288,70527.26943376893,68960.52141408219,1566.74801968674,1896.0742575608506,-329.3262378741106,70430.0,73315.24376421381,67544.75623578619,8.193223808643504,72600.0,65900.0,900.0,118.57439946867898,3.5,2.783,2.71,4.19,1914605.2,4235818.7,2.9,116.38,116.38,2025-10-12 21:29:11,71500.0,83500.0,0.0014005602240896359,0.16946778711484595,0.011331444759206777,0.010493757453453528,-0.020977854023527535,-0.15782838,72149.25428217658,69902.18122272013,60131.052911281586
2025-08-22,245145.9169882968,252135.82093500995,245145.9169882968,250637.984375,3064062,0.0,0.0,SK하이닉스,000660.KS,2.4489785491000005,256030.190625,262445.92265625,261149.87864583332,41.80015779600813,0.024194718408949285,260257.44254550757,263339.68259068596,-3082.2400451783906,-1037.4943743231324,-2044.7456708552581,262445.92265625,278564.3614665697,246327.48384593034,12.283245742347852,277599.03125,244646.640625,-10984.125,344.14230119276067,3.5,2.783,2.71,4.19,1914605.2,4235818.7,2.9,116.38,116.38,2025-10-12 21:29:11,259125.71875,351000.0,0.03386451736820867,0.40042619986458305,0.024489785491000005,-0.009882499161067631,-0.07986802121186977,-0.010504059,248161.05470468238,230620.02452243722,248005.26620838512
2025-08-22,373000.0,376000.0,365000.0,367500.0,168692,0.0,0.0,LG에너지솔루션,373220.KS,-1.342281879194629,376900.0,382050.0,330500.0,50.41094122019619,-0.01351371916672282,378219.0526770571,367727.9111120703,10491.141564986785,15000.270044021961,-4509.1284790351765,382050.0,398989.2101972069,365110.7898027931,8.867535766107514,394000.0,363500.0,-19000.0,-27.22772277227723,3.5,2.783,2.71,4.19,1914605.2,4235818.7,2.9,116.38,116.38,2025-10-12 21:29:11,380000.0,349000.0,0.034013605442176874,-0.050340136054421766,-0.01342281879194629,0.09154075783437744,0.08920302663032532,-0.05733407,401141.2285041337,400282.1122866446,346429.73095178604
2025-08-22,1024000.0,1039000.0,1019000.0,1030000.0,45492,0.0,0.0,삼성바이오로직스,207940.KS,1.2782694198623323,1023600.0,1042250.0,1032683.3333333334,47.96558974504891,0.012701685175121425,1030286.0628171843,1035996.9696894686,-5710.906872284366,-3112.4996851825954,-2598.4071871017704,1042250.0,1089023.2492147558,995476.7507852442,8.975437604174783,1098000.0,1017000.0,1000.0,178.3244530156066,3.5,2.783,2.71,4.19,1914605.2,4235818.7,2.9,116.38,116.38,2025-10-12 21:29:11,1030000.0,1026000.0,0.0,-0.003883495145631068,0.012782694198623323,-0.09615085756460369,-0.010883724788456643,-2.3212883,930964.6167084582,1018789.7634678896,-1360926.9976615906
2025-08-22,219477.27272727274,220960.22727272726,217005.68181818182,217500.0,401067,0.0,0.0,현대차,005380.KS,-0.6772002586673986,217005.684375,213174.71875,206041.70677083332,59.44122113939038,-0.0067950366462301215,214787.1471620824,212284.44416856626,2502.702993516141,2033.3791509648697,469.3238425512711,213174.71875,221173.54388155212,205175.89361844788,7.504478184331714,220465.90625,207613.640625,7414.765625,143.39974894155208,3.5,2.783,2.71,4.19,1914605.2,4235818.7,2.9,116.38,116.38,2025-10-12 21:29:11,219477.28125,218000.0,0.009090948275862069,0.0022988505747126436,-0.006772002586673986,0.003362918659724377,-0.03984417629661526,-0.043553866,218231.43480849004,208833.89165548616,208027.0291864872
2025-08-22,63400.0,64700.0,63100.0,63600.0,2234317,0.0,0.0,카카오,035720.KS,-0.6249999999999978,64620.0,60535.0,57482.5,60.901678401737726,-0.006269613013595374,63007.40843429862,60877.27538892462,2130.133045373994,1853.8806298332033,276.2524155407905,60535.0,69015.13778438715,52054.862215612855,28.017304978564944,65300.0,54700.0,0.0,213.45740829889345,3.5,2.783,2.71,4.19,1914605.2,4235818.7,2.9,116.38,116.38,2025-10-12 21:29:11,64700.0,66400.0,0.01729559748427673,0.0440251572327044,-0.006249999999999978,0.0033340485623422973,-0.015063506180533278,0.16814579,63812.045488564974,62641.96100691808,74294.07134056091
2025-08-22,104200.0,105500.0,104200.0,104800.0,553097,0.0,0.0,기아,000270.KS,0.8662175168431263,104000.0,103440.0,99685.0,56.50916563163579,0.008624873781760158,103484.05945124621,102565.4075007674,918.6519504788157,888.7346404605073,29.9173100183084,103440.0,107833.48800409322,99046.51199590678,8.49475638842463,110400.0,100800.0,3000.0,309.0200033906119,3.5,2.783,2.71,4.19,1914605.2,4235818.7,2.9,116.38,116.38,2025-10-12 21:29:11,104700.0,101900.0,-0.0009541984732824427,-0.02767175572519084,0.008662175168431263,-0.00036407028594040425,-0.039491799126396034,0.8945526,104761.84543403344,100661.2594515537,198549.11127090454
2025-08-22,294000.0,296000.0,286000.0,287500.0,189281,0.0,0.0,LG화학,051910.KS,-1.8771331058020424,283500.0,290775.0,252841.66666666666,54.77623632160901,-0.018949748779662122,285078.79944362555,281044.37422165775,4034.425221967802,6247.6329904772365,-2213.2077685094346,290775.0,315204.2210703746,266345.7789296254,16.802834542429434,313000.0,275500.0,-5000.0,-8.960539143603663,3.5,2.783,2.71,4.19,1914605.2,4235818.7,2.9,116.38,116.38,2025-10-12 21:29:11,292500.0,295000.0,0.017391304347826087,0.02608695652173913,-0.018771331058020424,0.007452868586441997,0.010856629729687695,-0.023205325,289642.69971860206,290621.28104728524,280828.46477627754
2025-08-22,224000.0,227000.0,221000.0,222000.0,543978,0.0,0.0,NAVER,035420.KS,-0.4484304932735439,223600.0,228425.0,233085.0,40.617820399152805,-0.004494389587839326,225641.79935142252,229797.81441009563,-4156.015058673103,-3717.5006105563916,-438.5144481167117,228425.0,238619.2966511286,218230.7033488714,8.925727613990231,235500.0,221500.0,-13500.0,91.98029607636893,3.5,2.783,2.71,4.19,1914605.2,4235818.7,2.9,116.38,116.38,2025-10-12 21:29:11,225500.0,232000.0,0.015765765765765764,0.04504504504504504,-0.004484304932735439,0.0014335201252159925,-0.019801345558677366,0.006715802,222318.24146779795,217604.10128597362,223490.90194702148
2025-08-22,303004.065,306971.385,297053.085,297549.0,122562,0.0,0.0,POSCO홀딩스,005490.KS,-0.8264524787481187,298540.84375,302384.1875,288234.07916666666,47.33714197703777,-0.008298865308740577,300411.8498132318,300680.0744714906,-268.22465825878317,990.3117036972926,-1258.5363619560758,302384.1875,323116.38529579167,281651.98970420833,13.712488055144528,329783.5,287630.71875,2479.5625,60.88917862195766,3.5,2.783,2.71,4.19,1914605.2,4235818.7,2.9,116.38,116.38,2025-10-12 21:29:11,303500.0,280500.0,0.020000067215819914,-0.05729812568686166,-0.008264524787481187,0.004042474328210122,0.007543395697507748,0.0043647652,298751.8341938846,299793.52984639775,298847.7207276821
2025-08-25,71700.0,71800.0,71000.0,71500.0,10345178,0.0,0.0,삼성전자,005930.KS,0.1400560224089631,70800.0,70710.0,64274.8900390625,61.62370257954299,0.0013995803544232636,70676.92029011218,69148.630938965,1528.2893511471775,1822.517276278116,-294.2279251309385,70710.0,72688.72899130748,68731.27100869252,5.596744424572135,72600.0,68800.0,-300.0,118.88052607857911,3.5,2.783,2.71,4.19,1914605.2,4235818.7,2.9,116.38,116.38,2025-10-12 21:29:11,70300.0,84700.0,-0.016783216783216783,0.18461538461538463,0.0014005602240896309,0.007834224783832992,-0.021371452347131847,-0.15708932,72060.14707204406,69971.94115718007,60268.111288547516
2025-08-25,255630.7668593449,261122.83411608863,253633.65149325627,259125.71875,3183709,0.0,0.0,SK하이닉스,000660.KS,3.3864517368208613,254432.496875,262121.39140625,262013.21484375,47.55120534972276,0.03330373981103917,260083.33119235255,263027.53712100553,-2944.205928652984,-1418.8366851891028,-1525.369243463881,262121.39140625,278232.42132799805,246010.36148450198,12.292800549634107,277599.03125,244646.640625,2995.671875,359.1829658654591,3.5,2.783,2.71,4.19,1914605.2,4235818.7,2.9,116.38,116.38,2025-10-12 21:29:11,261122.828125,361000.0,0.007707105974018644,0.39314615986955176,0.03386451736820861,-0.0017658011753494906,-0.0993863484009513,0.0044175307,258668.15425126796,233372.15978666558,260270.41662594303
2025-08-25,373000.0,380000.0,371000.0,380000.0,131387,0.0,0.0,LG에너지솔루션,373220.KS,3.401360544217691,376300.0,382875.0,332016.6666666667,57.13542809348695,0.033447934067540125,378493.04457289446,368636.95473339845,9856.08983949601,13971.434003116772,-4115.344163620763,382875.0,397452.8310421898,368297.1689578102,7.614929698825879,394000.0,367500.0,1500.0,-24.752475247524753,3.5,2.783,2.71,4.19,1914605.2,4235818.7,2.9,116.38,116.38,2025-10-12 21:29:11,381000.0,357000.0,0.002631578947368421,-0.060526315789473685,0.03401360544217691,0.09004826676159032,0.08041736193851112,-0.056626655,414218.3413694043,410558.59753663425,358481.8625450134
2025-08-25,1037000.0,1041000.0,1025000.0,1030000.0,42011,0.0,0.0,삼성바이오로직스,207940.KS,0.0,1024000.0,1040450.0,1032716.6666666666,47.96558974504891,0.0,1030242.053153002,1035552.7497124709,-5310.696559468866,-3552.13906003985,-1758.5574994290164,1040450.0,1086133.0038647377,994766.9961352622,8.781393409531981,1098000.0,1017000.0,8000.0,178.3244530156066,3.5,2.783,2.71,4.19,1914605.2,4235818.7,2.9,116.38,116.38,2025-10-12 21:29:11,1019000.0,1036000.0,-0.010679611650485437,0.005825242718446602,0.0,-0.09109486022345831,-0.0130398677022398,-2.4651499,936172.293969838,1016568.936266693,-1509104.3758392334
2025-08-25,218982.9630489865,219477.28125,215028.4174408784,219477.28125,419600,0.0,0.0,현대차,005380.KS,0.9090948275862099,218093.184375,213446.59375,206677.7296875,62.06899909077177,0.009049874351852567,215508.70625253126,212817.2469153391,2691.459337192151,2164.995188210326,526.464148981825,213446.59375,221924.5075596643,204968.6799403357,7.943826753772486,220465.90625,207613.640625,9392.046875,145.61248346953755,3.5,2.783,2.71,4.19,1914605.2,4235818.7,2.9,116.38,116.38,2025-10-12 21:29:11,216017.046875,219000.0,-0.015765797513495487,-0.0021746271289753366,0.009090948275862099,0.0005676901651661346,-0.04160383014229242,-0.043669336,219601.87634404303,210346.18572078287,209892.85257555172
2025-08-25,64100.0,64900.0,63500.0,64700.0,1853582,0.0,0.0,카카오,035720.KS,1.7295597484276781,64560.0,60980.0,57865.833333333336,63.93432217487688,0.01714773116077847,63267.80713671422,61160.440174930205,2107.3669617840133,1904.5778962233653,202.78906556064794,60980.0,69347.25447016559,52612.745529834414,27.442618793589986,65300.0,54700.0,900.0,218.8788414612957,3.5,2.783,2.71,4.19,1914605.2,4235818.7,2.9,116.38,116.38,2025-10-12 21:29:11,65000.0,63300.0,0.00463678516228748,-0.021638330757341576,0.01729559748427678,0.002728674283710809,-0.034669732234492275,0.083143264,64876.545226156086,62456.868324428346,70079.36725616455
2025-08-25,105000.0,105300.0,103200.0,104700.0,440278,0.0,0.0,기아,000270.KS,-0.0954198473282486,104500.0,103470.0,99946.66666666667,56.19258773986425,-0.000954654010450661,103671.12722797757,102723.52546367352,947.6017643040541,900.5080652292168,47.09369907483733,103470.0,107890.5739089191,99049.4260910809,8.544648514388914,110400.0,100800.0,2800.0,308.6297171278346,3.5,2.783,2.71,4.19,1914605.2,4235818.7,2.9,116.38,116.38,2025-10-12 21:29:11,103000.0,102800.0,-0.01623686723973257,-0.018147086914995225,-0.000954198473282486,-0.00036407028594040425,-0.03905249382039806,0.7992458,104661.88184106203,100611.20389700432,188381.03885650635
2025-08-25,290000.0,293000.0,285000.0,292500.0,162261,0.0,0.0,LG화학,051910.KS,1.7391304347825987,286800.0,290050.0,254485.0,57.66810990150056,0.017241806434505954,286220.52260614466,281892.93909412756,4327.583512017096,5863.623094785208,-1536.0395827681123,290050.0,313283.14329505124,266816.85670494876,16.02009535945612,313000.0,275500.0,16000.0,-7.37724417218808,3.5,2.783,2.71,4.19,1914605.2,4235818.7,2.9,116.38,116.38,2025-10-12 21:29:11,289500.0,298500.0,-0.010256410256410256,0.020512820512820513,0.017391304347825987,0.004651108857739337,0.01756147258535723,-0.028878294,293860.4493408887,297636.730731217,284053.10556292534
2025-08-25,224500.0,225500.0,221500.0,225500.0,564999,0.0,0.0,NAVER,035420.KS,1.5765765765765716,223500.0,227975.0,233715.0,45.14906564019394,0.015642777070453542,225619.98406658828,229479.45778712558,-3859.473720537295,-3745.8952325525725,-113.57848798472241,227975.0,237829.06675335788,218120.93324664212,8.644866106685278,235500.0,221500.0,-4000.0,95.00701245595131,3.5,2.783,2.71,4.19,1914605.2,4235818.7,2.9,116.38,116.38,2025-10-12 21:29:11,221000.0,231000.0,-0.019955654101995565,0.024390243902439025,0.015765765765765716,0.0022954556014323454,-0.021009802998582097,0.0041481806,226017.62523812297,220762.28942381972,226435.40233373642
2025-08-25,301020.4248366013,303995.91503267974,299532.6797385621,303500.0,127589,0.0,0.0,POSCO홀딩스,005490.KS,2.0000067215819817,299433.49375,301070.0125,289168.0526041667,52.43694284125783,0.019802693194040107,300886.9498419654,300888.9578439727,-2.0080020073219202,791.8477625563697,-793.8557645636917,301070.0125,317341.6909260789,284798.33407392114,10.809232238683265,320361.09375,287630.71875,10414.21875,64.10697300869485,3.5,2.783,2.71,4.19,1914605.2,4235818.7,2.9,116.38,116.38,2025-10-12 21:29:11,298500.0,278500.0,-0.016474464579901153,-0.08237232289950576,0.020000067215819817,-0.0014046823598364286,0.008704485857808296,-0.00091452966,303073.67890378967,306141.8114578448,303222.4449813366
2025-08-26,70800.0,71100.0,70300.0,70300.0,14712519,0.0,0.0,삼성전자,005930.KS,-1.6783216783216814,70860.0,70705.0,64517.2568359375,55.384800880082445,-0.01692565088334278,70618.93255317184,69233.9175360787,1385.0150170931302,1735.016824441119,-350.0018073479889,70705.0,72687.528953791,68722.471046209,5.6078889860434185,72600.0,68800.0,-700.0,115.20700675977777,3.5,2.783,2.71,4.19,1914605.2,4235818.7,2.9,116.38,116.38,2025-10-12 21:29:11,70600.0,85400.0,0.004267425320056899,0.2147937411095306,-0.016783216783216814,0.005700558253814535,-0.018431155995699756,-0.15841644,70700.74924524316,69004.2897335023,59163.323563337326
2025-08-26,259125.7128047323,262121.38578513384,256629.3186543977,261122.828125,2050625,0.0,0.0,SK하이닉스,000660.KS,0.770710597401858,254132.93125,262096.42734375,262837.0247395833,48.83239952773343,0.007677557955469263,260243.25379737522,262886.44756574585,-2643.1937683706346,-1663.7081018254094,-979.4856665452253,262096.42734375,278212.26124711504,245980.59344038495,12.297637222065967,277599.03125,244646.640625,-5492.078125,362.7219376448484,3.5,2.783,2.71,4.19,1914605.2,4235818.7,2.9,116.38,116.38,2025-10-12 21:29:11,259625.0,357500.0,-0.005736105631802466,0.36908750018923686,0.00770710597401858,-0.007664202491057861,-0.09969427766438771,0.0048324466,259121.52989521233,235090.3763933961,262384.7058056034
2025-08-26,377500.0,386000.0,377500.0,381000.0,167140,0.0,0.0,LG에너지솔루션,373220.KS,0.2631578947368318,375700.0,382900.0,333566.6666666667,57.63042452470307,0.0026281224062694084,378878.7300232184,369552.7358642578,9325.994158960588,13042.346034285536,-3716.351875324948,382900.0,397462.38846805814,368337.61153194186,7.606366397523185,394000.0,367500.0,-8000.0,-24.554455445544555,3.5,2.783,2.71,4.19,1914605.2,4235818.7,2.9,116.38,116.38,2025-10-12 21:29:11,373500.0,348000.0,-0.01968503937007874,-0.08661417322834646,0.002631578947368318,0.08698306371698158,0.07919010678193411,-0.042475082,414140.54727616993,411171.4306839169,364816.98524951935
2025-08-26,1024000.0,1036000.0,1019000.0,1019000.0,78975,0.0,0.0,삼성바이오로직스,207940.KS,-1.0679611650485477,1023000.0,1038050.0,1032600.0,44.47216844520195,-0.010737048000956682,1028512.5065140786,1034326.6201041397,-5814.1135900610825,-4004.533966044097,-1809.5796240169857,1038050.0,1082895.8177361214,993204.1822638786,8.640396461850846,1098000.0,1017000.0,-13000.0,175.35205594456613,3.5,2.783,2.71,4.19,1914605.2,4235818.7,2.9,116.38,116.38,2025-10-12 21:29:11,1020000.0,1046000.0,0.0009813542688910696,0.02649656526005888,-0.010679611650485477,-0.08790751627612452,-0.009047959711853031,-2.5118794,929422.2409146292,1009780.1290536218,-1540605.1535606384
2025-08-26,217994.3196152746,219477.27417048055,215028.4105048627,216017.046875,806670,0.0,0.0,현대차,005380.KS,-1.5765797513495494,217994.321875,213446.59375,207130.8546875,55.31489655402749,-0.015891399592909722,215586.91250214184,213054.26913457326,2532.643367568584,2238.524824081978,294.1185434866061,213446.59375,221924.5075596643,204968.6799403357,7.943826753772486,220465.90625,207613.640625,5931.8125,141.74020678837005,3.5,2.783,2.71,4.19,1914605.2,4235818.7,2.9,116.38,116.38,2025-10-12 21:29:11,217500.0,217500.0,0.00686498193755108,0.00686498193755108,-0.015765797513495494,0.003018797535947744,-0.04032449705714605,-0.04418105,216669.15860382895,207306.26810399568,206473.18717024382
2025-08-26,64100.0,65800.0,64000.0,65000.0,2393834,0.0,0.0,카카오,035720.KS,0.46367851622874934,64520.0,61435.0,58215.833333333336,64.73764092018806,0.004626068388782243,63534.298346450494,61444.85201382427,2089.4463326262266,1941.5515835039378,147.89474912228889,61435.0,69626.97938937068,53243.02061062932,26.668769884823572,65300.0,54700.0,800.0,220.35741414195087,3.5,2.783,2.71,4.19,1914605.2,4235818.7,2.9,116.38,116.38,2025-10-12 21:29:11,64100.0,62800.0,-0.013846153846153847,-0.033846153846153845,0.004636785162287493,0.045562764061809695,-0.034669732234492275,0.045204774,67961.57966401763,62746.467404758,67938.30931186676
2025-08-26,104300.0,104600.0,103000.0,103000.0,606440,0.0,0.0,기아,000270.KS,-1.623686723973261,104300.0,103345.0,100110.0,50.96537127829814,-0.01637012964685544,103567.8768852118,102744.00505895697,823.8718262548209,885.1808174343375,-61.308991179516624,103345.0,107664.10078360683,99025.89921639317,8.358606190153042,110400.0,100800.0,1400.0,301.99485066062044,3.5,2.783,2.71,4.19,1914605.2,4235818.7,2.9,116.38,116.38,2025-10-12 21:29:11,103500.0,103000.0,0.0048543689320388345,0.0,-0.01623686723973261,0.005456036703345722,-0.034842004033892496,0.8373865,103561.97178044463,99411.27358450908,189250.80835819244
2025-08-26,291000.0,296500.0,289000.0,289500.0,211149,0.0,0.0,LG화학,051910.KS,-1.025641025641022,289200.0,288875.0,255988.33333333334,55.37987550576513,-0.010309369658861213,286725.0575898147,282456.42508715513,4268.632502659573,5544.624976360082,-1275.9924737005085,288875.0,309445.4821733001,268304.5178266999,14.241787744387791,308000.0,275500.0,12000.0,-8.327221155037435,3.5,2.783,2.71,4.19,1914605.2,4235818.7,2.9,116.38,116.38,2025-10-12 21:29:11,286500.0,286000.0,-0.010362694300518135,-0.012089810017271158,-0.01025641025641022,0.00939971843348347,0.00966005524122907,-0.028057326,292221.21848649345,292296.58599233587,281377.40099430084
2025-08-26,224000.0,224500.0,221000.0,221000.0,685341,0.0,0.0,NAVER,035420.KS,-1.9955654101995512,222600.0,227250.0,234243.33333333334,40.834672980737,-0.02015745742498017,224909.21728711316,228851.34980289405,-3942.1325157808897,-3785.1426891982364,-156.98982658265322,227250.0,236904.5598717122,217595.4401282878,8.496862373344074,235500.0,221000.0,-2000.0,91.1155199679168,3.5,2.783,2.71,4.19,1914605.2,4235818.7,2.9,116.38,116.38,2025-10-12 21:29:11,218000.0,228000.0,-0.013574660633484163,0.03167420814479638,-0.019955654101995512,0.0005363717085173767,-0.020041222781499793,0.004196365,221118.53814758235,216570.88976528854,221927.40559577942
2025-08-26,302500.0,307500.0,298500.0,298500.0,220444,2500.0,0.0,POSCO홀딩스,005490.KS,-1.6474464579901205,299226.95625,299976.9578125,289936.04010416666,48.21246651009484,-0.016611677666896228,300519.72678935534,300711.99800367845,-192.27121432311833,595.0239671804721,-787.2951815035905,299976.9578125,313496.60816430784,286457.3074606922,9.013792559532693,313914.21875,287630.71875,-5495.90625,61.40339849454832,3.5,2.783,2.71,4.19,1914605.2,4235818.7,2.9,116.38,116.38,2025-10-12 21:29:11,294000.0,276500.0,-0.01507537688442211,-0.07370184254606366,-0.016474464579901205,0.004248664511449605,0.0047776983697459,0.004987564,299768.2263566677,299926.14296336914,299988.79784345627
2025-08-27,70100.0,70900.0,69800.0,70600.0,10523405,0.0,0.0,삼성전자,005930.KS,0.42674253200569723,70880.0,70705.0,64762.967122395836,56.56862882334651,0.004258345682577246,70616.01985268386,69335.10882970251,1280.9110229813523,1644.1956641491656,-363.28464116781333,70705.0,72687.528953791,68722.471046209,5.6078889860434185,72600.0,68800.0,-500.0,116.12538658947811,3.5,2.783,2.71,4.19,1914605.2,4235818.7,2.9,116.38,116.38,2025-10-12 21:29:11,69600.0,86100.0,-0.014164305949008499,0.21954674220963172,0.004267425320056972,0.0013172604131523131,-0.018925954944027913,-0.16022035,70692.99858516856,69263.82758095163,59288.44084739685
2025-08-27,258626.4423076923,260623.5576923077,255630.76923076922,259625.0,2801594,0.0,0.0,SK하이닉스,000660.KS,-0.5736105631802491,255031.634375,261971.6078125,263760.690625,47.88758365151614,-0.005752620269128655,260148.13782854826,262644.8588571721,-2496.7210286238114,-1830.3106871850898,-666.4103414387216,261971.6078125,278125.25311103335,245817.9625139667,12.332363368243266,277599.03125,244646.640625,-8987.03125,360.0677157323652,3.5,2.783,2.71,4.19,1914605.2,4235818.7,2.9,116.38,116.38,2025-10-12 21:29:11,268500.0,356500.0,0.034183919114106884,0.373134328358209,-0.0057361056318024906,-0.005190172393111577,-0.09865592043760096,-0.0042673782,258277.5014924384,234011.45665638786,258517.07769185305
2025-08-27,382500.0,382500.0,372000.0,373500.0,146277,0.0,0.0,LG에너지솔루션,373220.KS,-1.9685039370078705,374900.0,381975.0,335025.0,52.71372953089552,-0.019881370553828933,378051.2330965694,369845.1258002387,8206.107296330738,12075.098286694578,-3868.99099036384,381975.0,396453.5685538425,367496.4314461575,7.58089851631258,394000.0,367500.0,-15000.0,-26.03960396039604,3.5,2.783,2.71,4.19,1914605.2,4235818.7,2.9,116.38,116.38,2025-10-12 21:29:11,364000.0,361500.0,-0.025435073627844713,-0.0321285140562249,-0.019685039370078705,0.07947901463545418,0.08931924732935789,-0.049533747,403185.4119663422,406860.73887751513,354999.1537928581
2025-08-27,1019000.0,1028000.0,1017000.0,1020000.0,36896,0.0,0.0,삼성바이오로직스,207940.KS,0.09813542688910104,1023200.0,1034650.0,1032400.0,44.86530025649888,0.0009808730555918924,1027202.8901272973,1033265.3889853144,-6062.498858017148,-4416.126944438707,-1646.3719135784413,1034650.0,1073454.6388979505,995845.3611020495,7.501017522437642,1098000.0,1017000.0,-1000.0,175.62227386011529,3.5,2.783,2.71,4.19,1914605.2,4235818.7,2.9,116.38,116.38,2025-10-12 21:29:11,1012000.0,1022000.0,-0.00784313725490196,0.00196078431372549,0.0009813542688910104,-0.08523507953061171,-0.0076056775981607,-2.3821964,933060.2188787761,1012242.2088498761,-1409840.3549194336
2025-08-27,216511.36363636365,218488.63636363635,216017.04545454547,217500.0,337163,0.0,0.0,현대차,005380.KS,0.6864981937551029,217895.45625,213545.45703125,207702.61614583334,57.45178027907861,0.0068415252410571285,215881.2336556585,213383.58253201225,2497.6511236462393,2290.35008399483,207.30103965140916,213545.45703125,222170.15376788194,204920.76029461806,8.077621370675955,220465.90625,207613.640625,6920.453125,143.39974894155208,3.5,2.783,2.71,4.19,1914605.2,4235818.7,2.9,116.38,116.38,2025-10-12 21:29:11,222000.0,217000.0,0.020689655172413793,-0.0022988505747126436,0.006864981937551029,-0.001076343783427449,-0.04292312615438139,-0.041225325,217265.8952271045,208164.22006142203,208533.49417448044
2025-08-27,65500.0,65500.0,63600.0,64100.0,1845944,0.0,0.0,카카오,035720.KS,-1.3846153846153841,64280.0,61840.0,58572.5,60.39176368923826,-0.01394290596901275,63621.329370073494,61641.52964242987,1979.7997276436217,1949.2012123318746,30.598515311747178,61840.0,69694.57292216184,53985.42707783817,25.40288784657773,65300.0,54700.0,400.0,215.9216960999854,3.5,2.783,2.71,4.19,1914605.2,4235818.7,2.9,116.38,116.38,2025-10-12 21:29:11,63500.0,63200.0,-0.0093603744149766,-0.014040561622464899,-0.013846153846153841,0.006459740070516729,-0.015063506180533278,0.086955085,64514.069338520116,63134.42925382782,69673.82001876831
2025-08-27,103100.0,104000.0,102900.0,103500.0,383772,0.0,0.0,기아,000270.KS,0.4854368932038833,103980.0,103235.0,100345.0,52.368794919719114,0.004842624475787991,103557.4342874869,102800.00468421943,757.4296032674756,859.6305746009651,-102.20097133348952,103235.0,107411.26123401574,99058.73876598426,8.090785555316968,110400.0,100800.0,1700.0,303.946281974507,3.5,2.783,2.71,4.19,1914605.2,4235818.7,2.9,116.38,116.38,2025-10-12 21:29:11,105700.0,102000.0,0.021256038647342997,-0.014492753623188406,0.004854368932038833,0.0003319441933566972,-0.03288480945650048,0.8672,103534.35622401242,100096.4222212522,193255.2017569542
2025-08-27,290500.0,290500.0,285000.0,286500.0,119955,0.0,0.0,LG화학,051910.KS,-1.0362694300518172,289800.0,287800.0,257475.0,53.110382219724244,-0.010416760858255715,286690.43334522785,282755.94915477326,3934.48419045459,5222.596819178983,-1288.1126287243933,287800.0,306305.760127449,269294.239872551,12.86015297251494,306000.0,275500.0,11000.0,-9.277198137886788,3.5,2.783,2.71,4.19,1914605.2,4235818.7,2.9,116.38,116.38,2025-10-12 21:29:11,281500.0,292500.0,-0.017452006980802792,0.020942408376963352,-0.010362694300518172,0.013805194824689039,0.003308015711774034,-0.028386325,290455.18831727345,287447.74650142324,278367.3094511032
2025-08-27,222000.0,222000.0,216500.0,218000.0,691579,0.0,0.0,NAVER,035420.KS,-1.3574660633484115,221900.0,226500.0,234751.66666666666,38.21301727599548,-0.013667638728663757,223846.26078140343,228047.5461137908,-4201.285332387371,-3868.371217836064,-332.91411455130765,226500.0,236594.29229033875,216405.70770966125,8.913282375575058,235500.0,218000.0,-5000.0,88.52119164256047,3.5,2.783,2.71,4.19,1914605.2,4235818.7,2.9,116.38,116.38,2025-10-12 21:29:11,217500.0,254000.0,-0.0022935779816513763,0.1651376146788991,-0.013574660633484115,0.0033168206009654417,-0.020658719447018456,0.0023958622,218723.06689101047,213496.39916054998,218522.29928970337
2025-08-27,301000.0,301000.0,293000.0,294000.0,191484,0.0,0.0,POSCO홀딩스,005490.KS,-1.5075376884422065,298715.51875,298981.246875,290703.41484375,44.72050528819545,-0.01519016549397512,299516.6918986853,300214.8129663689,-698.1210676836199,336.39496020765375,-1034.5160278912736,298981.246875,311032.5186453913,286929.97510460875,8.061556968106256,310442.8125,287630.71875,-9500.0,58.97018143181645,3.5,2.783,2.71,4.19,1914605.2,4235818.7,2.9,116.38,116.38,2025-10-12 21:29:11,288000.0,281000.0,-0.02040816326530612,-0.04421768707482993,-0.015075376884422065,0.004761529504797531,0.012671163015749488,-0.0077629373,295399.8896744105,297725.32192663033,291717.7047729492
2025-08-28,70100.0,70400.0,69600.0,69600.0,11578024,0.0,0.0,삼성전자,005930.KS,-1.4164305949008527,70680.0,70555.0,64982.0716796875,51.649012824809645,-0.014265577158822458,70459.70910611712,69354.7303978727,1104.9787082444236,1536.3522729682172,-431.3735647237936,70555.0,72381.67370980504,68728.32629019496,5.178013492466972,71900.0,68800.0,-2300.0,113.06412049047702,3.5,2.783,2.71,4.19,1914605.2,4235818.7,2.9,116.38,116.38,2025-10-12 21:29:11,69700.0,83300.0,0.0014367816091954023,0.1968390804597701,-0.014164305949008527,0.0037547472393462383,-0.017088805826979164,-0.1584334,69861.33040785849,68410.61911444225,58573.03690910339
2025-08-28,254000.0,268500.0,253000.0,268500.0,3836024,375.0,0.0,SK하이닉스,000660.KS,3.4183919114106898,259802.30625,262240.6109375,264782.3453125,53.61440121606339,0.033612631752643014,261433.0397010793,263078.5730159001,-1645.5333148207865,-1793.3552127122293,147.82189789144286,262240.6109375,278651.9049171051,245829.31695789492,12.516210910991516,277599.03125,244646.640625,-9099.03125,375.7946333139723,3.5,2.783,2.71,4.19,1914605.2,4235818.7,2.9,116.38,116.38,2025-10-12 21:29:11,269000.0,336500.0,0.00186219739292365,0.2532588454376164,0.0341839191141069,-0.0013502049200803104,-0.11323283699488175,-0.008386804,268137.4699789584,238096.98326687425,266248.1466829777
2025-08-28,374500.0,377000.0,363000.0,364000.0,166059,0.0,0.0,LG에너지솔루션,373220.KS,-2.5435073627844695,373200.0,380525.0,336350.0,47.21855866910334,-0.02576413693613132,375889.50492786645,369412.15351873956,6477.351409126888,10955.54891118104,-4478.197502054152,380525.0,396120.124069296,364929.875930704,8.196635737097955,394000.0,364000.0,-25500.0,-27.920792079207924,3.5,2.783,2.71,4.19,1914605.2,4235818.7,2.9,116.38,116.38,2025-10-12 21:29:11,352000.0,349000.0,-0.03296703296703297,-0.04120879120879121,-0.025435073627844695,0.06529415302366537,0.09915740151390057,-0.05156646,387767.07170061424,400093.29415105976,345229.80070114136
2025-08-28,1020000.0,1025000.0,1012000.0,1012000.0,51763,0.0,0.0,삼성바이오로직스,207940.KS,-0.7843137254901933,1022200.0,1030350.0,1032083.3333333334,42.286017644403216,-0.007874056430905883,1024863.9839538669,1031690.1749864022,-6826.19103253528,-4898.139762058022,-1928.0512704772582,1030350.0,1056638.0801485206,1004061.9198514795,5.102747638864578,1067000.0,1012000.0,-28000.0,173.46053053572223,3.5,2.783,2.71,4.19,1914605.2,4235818.7,2.9,116.38,116.38,2025-10-12 21:29:11,1001000.0,1000000.0,-0.010869565217391304,-0.011857707509881422,-0.007843137254901933,-0.08378600766994578,0.01740864196638803,-2.3772023,927208.5602380148,1029617.5456699848,-1393728.699684143
2025-08-28,218500.0,225000.0,218000.0,222000.0,734689,2500.0,0.0,현대차,005380.KS,2.0689655172413834,218498.865625,213622.16171875,208370.79791666666,63.20231688646682,0.0204785313435407,216822.58232401873,214021.83567778912,2800.7466462296143,2392.429396441787,408.3172497878272,213622.16171875,222528.6895174058,204715.6339200942,8.338580348589414,222000.0,207613.640625,8454.546875,148.43560581620486,3.5,2.783,2.71,4.19,1914605.2,4235818.7,2.9,116.38,116.38,2025-10-12 21:29:11,220000.0,214500.0,-0.009009009009009009,-0.033783783783783786,0.020689655172413834,0.0015966413557799634,-0.04325075374741024,-0.037921786,222354.45438098317,212398.33266807493,213581.36343955994
2025-08-28,63800.0,64300.0,62800.0,63500.0,1229932,0.0,0.0,카카오,035720.KS,-0.9360374414976613,64180.0,62200.0,58911.666666666664,57.61493501799929,-0.009404458027978407,63602.66331313911,61779.19411336099,1823.4691997781265,1924.0548098211252,-100.58561004299872,62200.0,69634.20260829206,54765.797391707936,23.904188451099884,65300.0,54700.0,0.0,212.9645507386751,3.5,2.783,2.71,4.19,1914605.2,4235818.7,2.9,116.38,116.38,2025-10-12 21:29:11,62500.0,59300.0,-0.015748031496062992,-0.06614173228346457,-0.009360374414976613,0.003725616399218369,-0.011846441901073534,0.058665358,63736.576641350366,62747.75093928183,67225.25256872177
2025-08-28,104500.0,107200.0,103300.0,105700.0,974330,0.0,0.0,기아,000270.KS,2.1256038647343045,104340.0,103000.0,100633.33333333333,58.05708651643033,0.021033280170768234,103887.0597817197,103014.81915205503,872.2406296646659,862.1525856137054,10.088044050960548,103000.0,105771.28129211126,100228.71870788874,5.381128722546142,105700.0,100800.0,2500.0,312.5325797556076,3.5,2.783,2.71,4.19,1914605.2,4235818.7,2.9,116.38,116.38,2025-10-12 21:29:11,105800.0,100200.0,0.000946073793755913,-0.05203405865657521,0.021256038647343045,-0.004463409046399117,-0.03715924247887625,0.750038,105228.21766379561,101772.26806998278,184979.01953458786
2025-08-28,287000.0,292500.0,280000.0,281500.0,172022,0.0,0.0,LG화학,051910.KS,-1.7452006980802848,287500.0,286575.0,258911.66666666666,49.47151998163218,-0.01760608857504924,285891.90513826977,282662.9158840493,3228.989254220447,4823.875306187276,-1594.8860519668287,286575.0,303151.0607344935,269998.9392655065,11.568392731043172,301500.0,275500.0,2000.0,-10.860493109302372,3.5,2.783,2.71,4.19,1914605.2,4235818.7,2.9,116.38,116.38,2025-10-12 21:29:11,277500.0,282500.0,-0.014209591474245116,0.003552397868561279,-0.017452006980802848,0.013933161103129171,0.00793029945289795,-0.026073162,285422.1848505309,283732.3792959908,274160.4060828686
2025-08-28,217500.0,218500.0,215000.0,217500.0,663919,0.0,0.0,NAVER,035420.KS,-0.2293577981651418,220800.0,225675.0,235268.33333333334,37.777690469138335,-0.002296212260350268,222869.91296887983,227266.24640165817,-4396.333432778338,-3973.9636608245187,-422.36977195381905,225675.0,235884.77343944996,215465.22656055004,9.048209539780618,235500.0,217500.0,-7500.0,88.08880358833441,3.5,2.783,2.71,4.19,1914605.2,4235818.7,2.9,116.38,116.38,2025-10-12 21:29:11,214500.0,256500.0,-0.013793103448275862,0.1793103448275862,-0.002293577981651418,0.0007227028843654091,-0.01969143160833413,0.0044209766,217657.1878773495,213217.11362518734,218461.56656742096
2025-08-28,293500.0,296000.0,288000.0,288000.0,216620,0.0,0.0,POSCO홀딩스,005490.KS,-2.0408163265306145,296309.8,297859.10625,291469.97265625,40.507702811402005,-0.020619287202735703,297744.8931450414,299310.0120058971,-1565.1188608556986,-43.907804005016715,-1521.2110568506819,297859.10625,309592.04479973373,286126.1677002663,7.878180188915221,306475.5,287630.71875,-18475.5,55.725892014840596,3.5,2.783,2.71,4.19,1914605.2,4235818.7,2.9,116.38,116.38,2025-10-12 21:29:11,285500.0,275000.0,-0.008680555555555556,-0.04513888888888889,-0.020408163265306145,0.005998625124240645,0.004300088497408404,-0.008272936,289727.6040357813,289238.42548725364,285617.3915863037
2025-08-29,70100.0,70500.0,69700.0,69700.0,11682267,0.0,0.0,삼성전자,005930.KS,0.1436781609195359,70340.0,70470.0,65186.27786458333,52.09765184092675,0.001435750426104194,70342.8307820991,69380.3059239562,962.5248581429041,1421.5867900031549,-459.06193186025075,70470.0,72289.31161070048,68650.68838929952,5.163364866469349,71900.0,68800.0,-1900.0,113.37024710037711,3.5,2.783,2.71,4.19,1914605.2,4235818.7,2.9,116.38,116.38,2025-10-12 21:29:11,67600.0,84200.0,-0.03012912482065997,0.20803443328550933,0.001436781609195359,-0.0029130939199476817,-0.01872176963079237,-0.15787233,69496.95735377965,68395.09265673377,58696.29935026169
2025-08-29,268000.0,270000.0,266000.0,269000.0,1892127,0.0,0.0,SK하이닉스,000660.KS,0.18621973929235924,263474.709375,262035.334375,265645.90703125,53.921625551129274,0.0018604656529196708,262597.1874393748,263517.1972369445,-920.0097975697136,-1618.6861296837262,698.6763321140127,262035.334375,277970.20369167643,246100.4650583236,12.16238211131629,277599.03125,244646.640625,-7101.1875,376.68065683969667,3.5,2.783,2.71,4.19,1914605.2,4235818.7,2.9,116.38,116.38,2025-10-12 21:29:11,256000.0,349000.0,-0.048327137546468404,0.29739776951672864,0.0018621973929235924,-0.0035778770826570576,-0.11474207176857101,-0.0062570414,268037.55106476526,238134.3826942544,267316.85161590576
2025-08-29,367000.0,367000.0,351500.0,352000.0,285675,0.0,0.0,LG에너지솔루션,373220.KS,-3.296703296703296,370100.0,379000.0,337408.3333333333,41.35421324224293,-0.03352269203864356,372214.1964774254,368122.36436920334,4091.8321082220646,9582.805550589244,-5490.97344236718,379000.0,399097.1325527299,358902.8674472701,10.605346993525023,394000.0,352000.0,-42000.0,-30.297029702970303,3.5,2.783,2.71,4.19,1914605.2,4235818.7,2.9,116.38,116.38,2025-10-12 21:29:11,349000.0,351500.0,-0.008522727272727272,-0.0014204545454545455,-0.03296703296703296,0.05747590556417854,0.0898970223128415,-0.05133056,372231.5187585908,383643.7518541202,333931.640625
2025-08-29,1013000.0,1018000.0,1000000.0,1001000.0,80282,0.0,0.0,삼성바이오로직스,207940.KS,-1.0869565217391353,1016400.0,1027050.0,1031533.3333333334,38.968667671572724,-0.010929070532190317,1021192.6018071182,1029416.828691113,-8224.226883994881,-5563.357186445393,-2660.8696975494877,1027050.0,1050369.068321198,1003730.931678802,4.540980151150965,1051000.0,1001000.0,-32000.0,170.48813346468177,3.5,2.783,2.71,4.19,1914605.2,4235818.7,2.9,116.38,116.38,2025-10-12 21:29:11,996000.0,1003000.0,-0.004995004995004995,0.001998001998001998,-0.010869565217391353,-0.07793245182635304,0.019669471090598207,-2.1526442,922989.6157218206,1020689.1405616888,-1153796.8015670776
2025-08-29,223000.0,224500.0,218500.0,220000.0,606655,0.0,0.0,현대차,005380.KS,-0.9009009009009028,218998.865625,214093.184375,208972.69192708333,59.36224411152999,-0.009049835519917927,217311.41581263122,214464.66266461954,2846.7531480116886,2483.2941467557675,363.45900125592107,214093.184375,223313.09072210325,204873.27802789677,8.612984457229517,222000.0,207613.640625,4971.59375,146.19744720524807,3.5,2.783,2.71,4.19,1914605.2,4235818.7,2.9,116.38,116.38,2025-10-12 21:29:11,220500.0,215000.0,0.0022727272727272726,-0.022727272727272728,-0.009009009009009028,0.004423739729633303,-0.04032449705714605,-0.040892866,220973.22274051936,211128.61064742788,211003.5753250122
2025-08-29,64000.0,64300.0,61900.0,62500.0,1704037,0.0,0.0,카카오,035720.KS,-1.5748031496062964,63960.0,62425.0,59260.0,53.22254923431886,-0.01587334915629012,63433.0228034254,61832.58714200091,1600.4356614244898,1859.3309801417981,-258.8953187173083,62425.0,69591.5524266759,55258.447573324105,22.96052038983067,65300.0,54700.0,-1900.0,208.0359751364912,3.5,2.783,2.71,4.19,1914605.2,4235818.7,2.9,116.38,116.38,2025-10-12 21:29:11,61200.0,60300.0,-0.0208,-0.0352,-0.015748031496062964,0.00506897152557021,-0.01101516637248884,-0.017349498,62816.81072034814,61811.55210171944,61415.6574010849
2025-08-29,105900.0,107800.0,105500.0,105800.0,704357,0.0,0.0,기아,000270.KS,0.09460737937558861,104540.0,103175.0,100903.33333333333,58.30085604861322,0.0009456265480070302,104181.35827683975,103221.1288444954,960.2294323443493,881.7679549598342,78.46147738451509,103175.0,106191.35890646942,100158.64109353058,5.847073237643662,105800.0,100800.0,2100.0,312.9228660183849,3.5,2.783,2.71,4.19,1914605.2,4235818.7,2.9,116.38,116.38,2025-10-12 21:29:11,106500.0,100700.0,0.006616257088846881,-0.048204158790170135,0.0009460737937558861,-0.004463409046399117,-0.039700692095140475,0.6759137,105327.77132289097,101599.66677633414,177311.6685628891
2025-08-29,284000.0,286000.0,276000.0,277500.0,202049,0.0,0.0,LG화학,051910.KS,-1.4209591474245165,285500.0,285375.0,260225.0,46.71406447573678,-0.014311514393255922,284600.8428093052,282280.477670416,2320.365138889174,4323.173272727656,-2002.8081338384818,285375.0,300839.3052492515,269910.6947507485,10.837883661323861,301000.0,275500.0,-5000.0,-12.12712908643484,3.5,2.783,2.71,4.19,1914605.2,4235818.7,2.9,116.38,116.38,2025-10-12 21:29:11,271500.0,280000.0,-0.021621621621621623,0.009009009009009009,-0.014209591474245165,0.008740301758239744,0.011549504601929628,-0.026930036,279925.4337379115,280704.98752703547,270026.9155204296
2025-08-29,217500.0,218000.0,214000.0,214500.0,750586,0.0,0.0,NAVER,035420.KS,-1.379310344827589,219300.0,224650.0,235751.66666666666,35.18751819023774,-0.01388911216066715,221582.23405059063,226320.59852005384,-4738.364469463209,-4126.843822552257,-611.5206469109526,224650.0,235032.67788196707,214267.32211803293,9.243425668343711,235500.0,214500.0,-10000.0,85.49447526297809,3.5,2.783,2.71,4.19,1914605.2,4235818.7,2.9,116.38,116.38,2025-10-12 21:29:11,215500.0,274500.0,0.004662004662004662,0.27972027972027974,-0.01379310344827589,0.0002647036193690745,-0.018994373118287007,0.0053451164,214556.77892635466,210425.70696612744,215646.52526378632
2025-08-29,290000.0,292000.0,283500.0,285500.0,213502,0.0,0.0,POSCO홀딩스,005490.KS,-0.868055555555558,293900.0,296835.128125,292170.06796875,38.86486387362641,-0.008718451039881047,295861.06343041966,298287.04815360846,-2425.984723188798,-520.323187841773,-1905.661535347025,296835.128125,309144.54982151254,284525.70642848744,8.293776935544463,306475.5,285500.0,-19487.75,54.37410475776731,3.5,2.783,2.71,4.19,1914605.2,4235818.7,2.9,116.38,116.38,2025-10-12 21:29:11,281000.0,278500.0,-0.01576182136602452,-0.024518388791593695,-0.00868055555555558,-0.0006380556514282545,0.005002840881547281,-0.009656407,285317.8351115172,286928.31107168173,282743.08943748474
2025-09-01,68400.0,68600.0,67500.0,67600.0,12002343,0.0,0.0,삼성전자,005930.KS,-3.012912482065999,69560.0,70405.0,65333.949479166666,43.06147753901083,-0.030592334717559812,69920.85681562232,69248.43141107055,672.4254045517737,1271.7545129128787,-599.329108361105,70405.0,72528.03159606304,68281.96840393696,6.030911429765045,71900.0,67600.0,-2400.0,106.94158829247478,3.5,2.783,2.71,4.19,1914605.2,4235818.7,2.9,116.38,116.38,2025-10-12 21:29:11,69100.0,83900.0,0.022189349112426034,0.2411242603550296,-0.03012912482065999,0.014721480660736343,-0.013787437561022995,-0.15477927,68595.17209266577,66667.96922087485,57136.922335624695
2025-09-01,259500.0,261000.0,255000.0,256000.0,1837054,0.0,0.0,SK하이닉스,000660.KS,-4.832713754646845,262849.565625,261953.93984375,266176.30364583334,45.48614860313929,-0.049533935122276676,261582.23552562483,262960.36781198566,-1378.1322863608366,-1570.5753610191484,192.44307465831184,261953.93984375,277999.8442884308,245908.0353990692,12.250935759356667,277599.03125,244646.640625,-11114.1875,353.64404517086376,3.5,2.783,2.71,4.19,1914605.2,4235818.7,2.9,116.38,116.38,2025-10-12 21:29:11,260500.0,347500.0,0.017578125,0.357421875,-0.048327137546468446,0.0025347643459594105,-0.09172272126474017,-0.016430154,256648.89967256563,232518.98335622653,251793.88427734375
2025-09-01,352000.0,353500.0,345000.0,349000.0,122899,0.0,0.0,LG에너지솔루션,373220.KS,-0.8522727272727293,363900.0,377800.0,338375.0,40.01617930215223,-0.008559253395669948,368642.78163474455,366705.89293444756,1936.888700296986,8053.622180530793,-6116.733480233807,377800.0,401877.50642797886,353722.49357202114,12.746165393318615,394000.0,349000.0,-34000.0,-30.891089108910897,3.5,2.783,2.71,4.19,1914605.2,4235818.7,2.9,116.38,116.38,2025-10-12 21:29:11,350000.0,347500.0,0.0028653295128939827,-0.004297994269340974,-0.008522727272727293,0.055062263020793235,0.09292146631493826,-0.051907007,368216.72979425685,381429.5917439134,330884.4559788704
2025-09-01,1002000.0,1006000.0,995000.0,996000.0,60337,0.0,0.0,삼성바이오로직스,207940.KS,-0.4995004995005048,1009600.0,1025150.0,1031150.0,37.527526750553406,-0.005007521730622405,1017316.8169137153,1026941.5080473268,-9624.691133611486,-6375.623975878612,-3249.067157732874,1025150.0,1052008.4986060034,998291.5013939966,5.239915837878038,1051000.0,996000.0,-32000.0,169.13704388693608,3.5,2.783,2.71,4.19,1914605.2,4235818.7,2.9,116.38,116.38,2025-10-12 21:29:11,997000.0,997000.0,0.001004016064257028,0.001004016064257028,-0.004995004995005048,-0.0731074721290142,0.02988338416576252,-1.9597576,923184.9577595019,1025763.8506290994,-955918.5361862183
2025-09-01,220500.0,223000.0,219000.0,220500.0,504672,0.0,0.0,현대차,005380.KS,0.2272727272727204,219203.409375,214737.50234375,209523.60104166667,60.01629891568457,0.0022701485345390775,217801.96722607256,214911.72468946254,2890.2425366100215,2564.6838247266187,325.5587118834028,214737.50234375,223851.30429269627,205623.70039480375,8.488318853925163,222000.0,208107.953125,6460.21875,146.75698685798727,3.5,2.783,2.71,4.19,1914605.2,4235818.7,2.9,116.38,116.38,2025-10-12 21:29:11,220000.0,215000.0,-0.0022675736961451248,-0.024943310657596373,0.002272727272727204,0.0016669697715417917,-0.04292312615438139,-0.044246156,220867.56683462494,211035.4506829589,210743.726760149
2025-09-01,60600.0,62100.0,59500.0,61200.0,2491823,0.0,0.0,카카오,035720.KS,-2.080000000000004,63260.0,62710.0,59541.666666666664,48.089838864943005,-0.021019367224075457,63089.48083366765,61785.72883518603,1303.7519984816172,1748.215183809762,-444.46318532814485,62710.0,69131.64104293396,56288.35895706604,20.480437068837375,65300.0,54700.0,-3800.0,201.6288268536522,3.5,2.783,2.71,4.19,1914605.2,4235818.7,2.9,116.38,116.38,2025-10-12 21:29:11,59300.0,59600.0,-0.03104575163398693,-0.026143790849673203,-0.02080000000000004,0.009038771812059398,-0.015528506850731387,-0.06814222,61753.17283489804,60249.65538073524,57029.695200920105
2025-09-01,106800.0,107900.0,106000.0,106500.0,496884,0.0,0.0,기아,000270.KS,0.6616257088846833,104900.0,103460.0,101126.66666666667,60.05113780906641,0.0065944657252807485,104538.07238809517,103464.00818934759,1074.0641987475829,920.227203717384,153.83699503019886,103460.0,106605.85776103074,100314.14223896926,6.081302457047633,106500.0,101400.0,4300.0,315.654869857826,3.5,2.783,2.71,4.19,1914605.2,4235818.7,2.9,116.38,116.38,2025-10-12 21:29:11,107200.0,100700.0,0.006572769953051643,-0.054460093896713614,0.006616257088846833,-0.002460890160756681,-0.040139997401138446,0.7899852,106237.91519787941,102225.09027677875,190633.4216594696
2025-09-01,275000.0,275000.0,270000.0,271500.0,135526,0.0,0.0,LG화학,051910.KS,-2.1621621621621623,281300.0,284450.0,261391.66666666666,42.85541843676986,-0.021858793812499073,282585.32853095053,281481.9237689037,1103.404762046819,3679.2195705914887,-2575.8148085446696,284450.0,300929.3331495102,267970.6668504898,11.586804815967799,301000.0,271500.0,-4500.0,-14.027083052133548,3.5,2.783,2.71,4.19,1914605.2,4235818.7,2.9,116.38,116.38,2025-10-12 21:29:11,269500.0,278000.0,-0.007366482504604052,0.02394106813996317,-0.021621621621621623,0.010446774406915042,0.007658994264721498,-0.027589543,274336.2992514774,273579.41694287193,264009.4345808029
2025-09-01,211500.0,216500.0,210500.0,215500.0,634984,0.0,0.0,NAVER,035420.KS,0.4662004662004726,217300.0,224175.0,236156.66666666666,36.744400037977236,0.00465117117573088,220646.50573511515,225519.07270375354,-4872.566968638392,-4275.9884517694845,-596.5785168689072,224175.0,235330.71602366646,213019.28397633354,9.952685200103904,235500.0,214500.0,-10500.0,86.35925137143019,3.5,2.783,2.71,4.19,1914605.2,4235818.7,2.9,116.38,116.38,2025-10-12 21:29:11,225000.0,268500.0,0.04408352668213457,0.2459396751740139,0.004662004662004726,-0.0038417339161096347,-0.01651486110857649,0.0044615823,214672.10634107838,211941.04743110176,216461.45904064178
2025-09-01,283500.0,283500.0,279000.0,281000.0,185318,0.0,0.0,POSCO홀딩스,005490.KS,-1.5761821366024553,289400.0,296478.796875,292605.0625,36.03213773424145,-0.015887359762319177,293574.74597958586,297006.526068156,-3431.7800885701436,-1102.6145679874471,-2329.1655205826964,296478.796875,310183.2153998848,282774.3783501152,9.244788274463206,306475.5,281000.0,-18036.75,51.94088769503544,3.5,2.783,2.71,4.19,1914605.2,4235818.7,2.9,116.38,116.38,2025-10-12 21:29:11,280000.0,276000.0,-0.0035587188612099642,-0.017793594306049824,-0.015761821366024553,-0.0006380556514282545,0.0018008645824866918,-0.0071796067,280820.7063619486,281506.04294767877,278982.52737522125
2025-09-02,67800.0,69500.0,67800.0,69100.0,10604028,0.0,0.0,삼성전자,005930.KS,2.2189349112426093,69320.0,70375.0,65495.02552083333,49.76399825585339,0.021946747724705864,69794.57115168043,69237.43649173199,557.1346599484386,1128.8305423199906,-571.695882371552,70375.0,72556.13924842955,68193.86075157045,6.1986195337251875,71900.0,67600.0,-900.0,111.53348744097644,3.5,2.783,2.71,4.19,1914605.2,4235818.7,2.9,116.38,116.38,2025-10-12 21:29:11,69800.0,86000.0,0.010130246020260492,0.24457308248914617,0.022189349112426093,-0.0019457701924847704,-0.013981592968832128,-0.15286002,68965.5472796993,68133.8719258537,58537.37086057663
2025-09-02,256000.0,261500.0,256000.0,260500.0,1584710,0.0,0.0,SK하이닉스,000660.KS,1.7578125,262725.0,262097.5453125,266706.80859375,48.49008899854888,0.017425416713859134,261415.7377524518,262778.11834443116,-1362.3805919793667,-1528.936407211192,166.55581523182536,262097.5453125,278031.45006729243,246163.6405577076,12.15875924041513,277599.03125,244646.640625,-2120.65625,361.6182569023828,3.5,2.783,2.71,4.19,1914605.2,4235818.7,2.9,116.38,116.38,2025-10-12 21:29:11,262500.0,360000.0,0.007677543186180422,0.381957773512476,0.017578125,0.004248397723477677,-0.09540817964860757,-0.022647783,261606.70760696594,235646.16920153773,254600.2486050129
2025-09-02,349500.0,351500.0,345000.0,350000.0,144808,0.0,0.0,LG에너지솔루션,373220.KS,0.2865329512893977,357700.0,376525.0,339458.3333333333,40.70487878480241,0.002861232281032195,365774.66138324543,365468.41938374774,306.24199949769536,6504.146144324174,-6197.904144826479,376525.0,403626.1264089054,349423.8735910946,14.395392820612377,394000.0,349000.0,-34000.0,-30.6930693069307,3.5,2.783,2.71,4.19,1914605.2,4235818.7,2.9,116.38,116.38,2025-10-12 21:29:11,348500.0,347500.0,-0.004285714285714286,-0.007142857142857143,0.002865329512893977,0.054792224450153575,0.08152488636778354,-0.04378361,369177.2785575537,378533.71022872423,334675.7382154465
2025-09-02,1004000.0,1007000.0,993000.0,997000.0,49992,0.0,0.0,삼성바이오로직스,207940.KS,0.10040160642570406,1005200.0,1022600.0,1030550.0,38.021210307732424,0.001003512377240109,1014191.1527731437,1024723.6185623396,-10532.465789195849,-7206.99233854206,-3325.473450653789,1022600.0,1050002.6506593456,995197.3493406543,5.359407521874753,1051000.0,996000.0,-27000.0,169.40726180248524,3.5,2.783,2.71,4.19,1914605.2,4235818.7,2.9,116.38,116.38,2025-10-12 21:29:11,1012000.0,1005000.0,0.015045135406218655,0.00802407221664995,0.0010040160642570406,-0.08679679436601236,0.030516156223968874,-1.874787,910463.5960170856,1027424.607755297,-872162.612080574
2025-09-02,221000.0,221000.0,217000.0,220000.0,365383,0.0,0.0,현대차,005380.KS,-0.22675736961451642,220000.0,215307.38828125,209931.06302083333,58.993770789782545,-0.0022701485345391855,218140.12611436908,215288.63397172457,2851.492142644507,2622.0454883101966,229.44665433431055,215307.38828125,224229.26119542838,206385.5153670716,8.287567821429326,222000.0,208107.953125,3488.640625,146.19744720524807,3.5,2.783,2.71,4.19,1914605.2,4235818.7,2.9,116.38,116.38,2025-10-12 21:29:11,221500.0,215500.0,0.006818181818181818,-0.020454545454545454,-0.0022675736961451642,0.0037295028806038125,-0.04306846566253195,-0.042548973,220820.49063373287,210524.93755424296,210639.23001289368
2025-09-02,61700.0,62200.0,58200.0,59300.0,3661180,0.0,0.0,카카오,035720.KS,-3.104575163398693,62120.0,62905.0,59673.333333333336,41.75222668386227,-0.03153788351460063,62506.483782334166,61601.6007733204,904.8830090137635,1579.5487488505623,-674.6657398367988,62905.0,68586.16926438648,57223.83073561353,18.062695379974492,65300.0,54700.0,-5900.0,192.26453320950284,3.5,2.783,2.71,4.19,1914605.2,4235818.7,2.9,116.38,116.38,2025-10-12 21:29:11,58900.0,60000.0,-0.006745362563237774,0.011804384485666104,-0.03104575163398693,0.008419630611616219,-0.015973879838487172,-0.08968699,59799.28409526884,58352.74892557771,53981.561505794525
2025-09-02,106200.0,107200.0,105750.0,107200.0,400273,0.0,0.0,기아,000270.KS,0.657276995305156,105740.0,103680.0,101325.0,61.778841867683084,0.006551263487221728,104947.5997130036,103740.74832346999,1206.8513895336073,977.5520408806287,229.29934865297855,103680.0,107221.9887366467,100138.0112633533,6.832540001247494,107200.0,101400.0,3200.0,318.38687369726716,3.5,2.783,2.71,4.19,1914605.2,4235818.7,2.9,116.38,116.38,2025-10-12 21:29:11,107000.0,100600.0,-0.0018656716417910447,-0.061567164179104475,0.00657276995305156,-0.0014147227997086493,-0.03785039190616916,0.77307236,107048.34171587123,103142.43798765868,190073.35720062256
2025-09-02,271000.0,272000.0,264500.0,269500.0,175907,0.0,0.0,LG화학,051910.KS,-0.7366482504604033,277300.0,283450.0,262525.0,41.621273739895535,-0.007393749024938265,280572.20106465044,280594.37386009604,-22.17279544560006,2938.9410973840713,-2961.1138928296714,283450.0,301029.59343281476,265870.40656718524,12.404017239594113,301000.0,269500.0,-8000.0,-14.660401040699789,3.5,2.783,2.71,4.19,1914605.2,4235818.7,2.9,116.38,116.38,2025-10-12 21:29:11,270000.0,281500.0,0.0018552875695732839,0.04452690166975881,-0.007366482504604033,0.010314468123898777,-0.0018751848031290886,-0.027183667,272279.7491593907,268994.6376955567,262174.0058064461
2025-09-02,216000.0,229000.0,216000.0,225000.0,1790972,0.0,0.0,NAVER,035420.KS,4.408352668213467,218100.0,223800.0,236598.33333333334,49.22314918134184,0.04313949266061774,221316.27408355896,225480.62287384586,-4164.348790286895,-4253.660519472967,89.31172918607263,223800.0,234259.94867657,213340.05132343,9.34758594867739,235500.0,214500.0,-500.0,94.57462440172526,3.5,2.783,2.71,4.19,1914605.2,4235818.7,2.9,116.38,116.38,2025-10-12 21:29:11,221000.0,254500.0,-0.017777777777777778,0.13111111111111112,0.044083526682134666,0.00681383557564466,-0.022988800218698827,0.0065125236,226533.11300452004,219827.51995079275,226465.31760692596
2025-09-02,281000.0,281500.0,275500.0,280000.0,189256,0.0,0.0,POSCO홀딩스,005490.KS,-0.3558718861209953,285700.0,296097.2609375,293006.85989583336,35.41440647804649,-0.003565066164496146,291486.32352118805,295746.78339644073,-4260.45987525268,-1734.1836294404939,-2526.276245812186,296097.2609375,311193.1197649648,281001.4021100352,10.196554186059311,306475.5,280000.0,-19532.6875,51.40017279220614,3.5,2.783,2.71,4.19,1914605.2,4235818.7,2.9,116.38,116.38,2025-10-12 21:29:11,280000.0,275000.0,0.0,-0.017857142857142856,-0.003558718861209953,-0.0007103500356965094,-0.005483973453344702,-0.005721359,279801.10199000494,278464.48743306345,278398.02742004395
2025-09-03,69200.0,69800.0,68800.0,69800.0,10283009,0.0,0.0,삼성전자,005930.KS,1.013024602026058,69160.0,70370.0,65677.70729166667,52.56993060669506,0.010079278994702663,69795.40635911422,69279.10786271481,516.2984963994095,1006.3241331358745,-490.025636736465,70370.0,72556.17666738985,68183.82333261015,6.213376914565448,71900.0,67600.0,-700.0,113.67637371027723,3.5,2.783,2.71,4.19,1914605.2,4235818.7,2.9,116.38,116.38,2025-10-12 21:29:11,70100.0,89750.0,0.004297994269340974,0.28581661891117477,0.01013024602026058,-0.0029130939199476817,-0.013981592968832128,-0.14339441,69596.66604438766,68824.08481077552,59791.07013940811
2025-09-03,259500.0,265500.0,257750.0,262500.0,2437896,0.0,0.0,SK하이닉스,000660.KS,0.7677543186180413,263300.0,262066.5484375,267245.6828125,49.813733912680846,0.007648220838256819,261582.5473289977,262757.5169855844,-1174.9696565867052,-1458.143057086295,283.17340049958966,262066.5484375,277994.4897347795,246138.60714022047,12.155646260269014,277599.03125,244646.640625,7368.515625,365.16235100528024,3.5,2.783,2.71,4.19,1914605.2,4235818.7,2.9,116.38,116.38,2025-10-12 21:29:11,265500.0,395500.0,0.011428571428571429,0.5066666666666667,0.007677543186180413,-0.0038337881298255586,-0.10833199948265115,-0.005316752,261493.6306159208,234062.85013580407,261104.35724258423
2025-09-03,353500.0,359500.0,347000.0,348500.0,222771,0.0,0.0,LG에너지솔루션,373220.KS,-0.4285714285714337,352700.0,374625.0,340458.3333333333,39.96367606492942,-0.004294924282880841,363117.02117043844,364211.49942939606,-1094.4782589576207,4984.421263667816,-6078.8995226254365,374625.0,404013.2808723387,345236.7191276613,15.689439237818451,394000.0,348500.0,-29000.0,-30.990099009900995,3.5,2.783,2.71,4.19,1914605.2,4235818.7,2.9,116.38,116.38,2025-10-12 21:29:11,351000.0,399000.0,0.007173601147776184,0.1449067431850789,-0.004285714285714337,0.05670800640909509,0.08703481008561899,-0.038942434,368262.74023356964,378831.63131483825,334928.5539984703
2025-09-03,995000.0,1015000.0,995000.0,1012000.0,46702,0.0,0.0,삼성바이오로직스,207940.KS,1.5045135406218657,1003600.0,1020650.0,1030083.3333333334,45.0374265310341,0.014933079885572525,1013854.0523465062,1023781.1282984625,-9927.075951956329,-7751.009061224914,-2176.066890731415,1020650.0,1044914.1168893756,996385.8831106244,4.7546400606232515,1040000.0,996000.0,-7000.0,173.46053053572223,3.5,2.783,2.71,4.19,1914605.2,4235818.7,2.9,116.38,116.38,2025-10-12 21:29:11,1017000.0,1014000.0,0.004940711462450593,0.001976284584980237,0.015045135406218657,-0.07983162954831007,0.033049261813579284,-1.8256124,931210.3908971102,1045445.8529553423,-835519.7749137878
2025-09-03,218500.0,223500.0,218500.0,221500.0,459718,0.0,0.0,현대차,005380.KS,0.6818181818181834,220800.0,215976.990625,210376.70703125,61.13316664069423,0.006795043132828808,218657.02978908154,215748.73515900425,2908.294630077289,2679.2953166636153,228.99931341367392,215976.990625,224629.92872978144,207324.05252021857,8.012833292788583,222000.0,208107.953125,3505.671875,147.87606616346568,3.5,2.783,2.71,4.19,1914605.2,4235818.7,2.9,116.38,116.38,2025-10-12 21:29:11,221500.0,220000.0,0.0,-0.006772009029345372,0.006818181818181834,0.0009261751022149889,-0.03854340044197659,-0.04182033,221705.1477851406,212962.63680210218,212236.79307103157
2025-09-03,59600.0,60400.0,58600.0,58900.0,1641908,0.0,0.0,카카오,035720.KS,-0.6745362563237767,61080.0,63115.0,59821.666666666664,40.540912151558345,-0.006768215346138739,61951.64012351353,61401.48219751889,550.1579259946375,1373.6705842793776,-823.5126582847402,63115.0,67729.51941958936,58500.48058041064,14.622575994896161,65300.0,56800.0,-6400.0,190.2931029686293,3.5,2.783,2.71,4.19,1914605.2,4235818.7,2.9,116.38,116.38,2025-10-12 21:29:11,58500.0,59900.0,-0.006791171477079796,0.01697792869269949,-0.006745362563237767,0.005938076301361822,-0.014087775258580706,-0.11781914,59249.752694150215,58070.2300372696,51960.453218221664
2025-09-03,106100.0,107800.0,106100.0,107000.0,544535,0.0,0.0,기아,000270.KS,-0.1865671641791078,106440.0,103960.0,101533.33333333333,60.96754410338043,-0.0018674141747954732,105263.35360331074,103982.17437358333,1281.1792297274078,1038.2774786499847,242.9017510774231,103960.0,107626.29025181205,100293.70974818795,7.053270973089754,107200.0,101600.0,1900.0,317.6063011717125,3.5,2.783,2.71,4.19,1914605.2,4235818.7,2.9,116.38,116.38,2025-10-12 21:29:11,107000.0,104200.0,0.0,-0.026168224299065422,-0.001865671641791078,0.0027206576107576376,-0.03840916831349111,0.7954149,107291.11036435107,102890.21899045646,192109.39693450928
2025-09-03,269500.0,273000.0,268500.0,270000.0,94431,0.0,0.0,LG화학,051910.KS,0.18552875695732052,274000.0,282050.0,263583.3333333333,42.07041756325304,0.0018535686493228347,278945.70859316573,279809.60542601487,-863.8968328491319,2178.373511337431,-3042.270344186563,282050.0,299205.32754446234,264894.67245553766,12.164742098537381,301000.0,269500.0,-13500.0,-14.502071543558227,3.5,2.783,2.71,4.19,1914605.2,4235818.7,2.9,116.38,116.38,2025-10-12 21:29:11,278000.0,277500.0,0.02962962962962963,0.027777777777777776,0.0018552875695732052,0.0047896134372005465,-0.0013313623249787848,-0.024257405,271293.19562804414,269640.53217225574,263450.4961967468
2025-09-03,224500.0,225000.0,220000.0,221000.0,711207,0.0,0.0,NAVER,035420.KS,-1.7777777777777781,218700.0,223250.0,236948.33333333334,45.18154120750053,-0.017937700686667318,221267.6165322422,225148.72488319062,-3881.1083509484306,-4179.15008576806,298.0417348196297,223250.0,233029.13999020658,213470.86000979342,8.760707717990213,235500.0,214500.0,-500.0,91.1155199679168,3.5,2.783,2.71,4.19,1914605.2,4235818.7,2.9,116.38,116.38,2025-10-12 21:29:11,227000.0,253000.0,0.027149321266968326,0.14479638009049775,-0.01777777777777778,0.007686994831950644,-0.020128434217936926,0.006642909,222698.8258578611,216551.61603783592,222468.08922290802
2025-09-03,278000.0,282000.0,277000.0,280000.0,152221,0.0,0.0,POSCO홀딩스,005490.KS,0.0,282900.0,295318.99375,293342.53541666665,35.41440647804649,0.0,289719.19682562066,294580.3549967044,-4861.15817108372,-2359.578537769139,-2501.579633314581,295318.99375,312047.02511089,278590.96238911006,11.328787998682497,306475.5,280000.0,-16557.1875,51.40017279220614,3.5,2.783,2.71,4.19,1914605.2,4235818.7,2.9,116.38,116.38,2025-10-12 21:29:11,284000.0,274500.0,0.014285714285714285,-0.019642857142857142,0.0,-0.005109804921988876,-0.011921723420448827,-0.002401811,278569.2546218431,276661.91744227434,279327.48794555664
2025-09-04,69500.0,70100.0,69300.0,70100.0,12284414,0.0,0.0,삼성전자,005930.KS,0.42979942693410766,69260.0,70435.0,65853.79348958333,53.761913119820555,0.00428878427221772,69842.2669192505,69339.9146876989,502.352231551602,905.52975281902,-403.177521267418,70435.0,72498.49218558912,68371.50781441088,5.8592807143866406,71900.0,67600.0,-500.0,114.59475353997757,3.5,2.783,2.71,4.19,1914605.2,4235818.7,2.9,116.38,116.38,2025-10-12 21:29:11,69500.0,94400.0,-0.008559201141226819,0.3466476462196862,0.004297994269341077,-0.0012623126785436874,-0.014086512390442547,-0.14372848,70011.51188123408,69112.53548142998,60024.63252544403
2025-09-04,267000.0,271000.0,264500.0,265500.0,2189959,0.0,0.0,SK하이닉스,000660.KS,1.1428571428571344,262700.0,262435.190625,267676.45208333334,51.81395463987633,0.011363758650315003,262185.23235530575,262960.6638755411,-775.4315202353755,-1321.600749716111,546.1692294807356,262435.190625,278320.46072314616,246549.9205268538,12.106051829645843,277599.03125,244646.640625,20853.359375,370.4784921596262,3.5,2.783,2.71,4.19,1914605.2,4235818.7,2.9,116.38,116.38,2025-10-12 21:29:11,273500.0,428000.0,0.030131826741996232,0.6120527306967984,0.011428571428571344,-0.003995598269904752,-0.10954361780237418,-0.011440468,264439.1686593403,236416.16947346964,262462.55895495415
2025-09-04,365500.0,365500.0,350000.0,351000.0,381451,0.0,0.0,LG에너지솔루션,373220.KS,0.7173601147776099,350100.0,372975.0,341433.3333333333,41.863752058386275,0.007147993265287151,361252.86406729405,363232.86984203337,-1980.0057747393148,3591.53585598639,-5571.541630725705,372975.0,403816.6584303881,342133.3415696119,16.538190726128068,394000.0,348500.0,-21500.0,-30.4950495049505,3.5,2.783,2.71,4.19,1914605.2,4235818.7,2.9,116.38,116.38,2025-10-12 21:29:11,343000.0,359500.0,-0.022792022792022793,0.024216524216524215,0.007173601147776099,0.05787864179680149,0.08348021378106513,-0.034632728,371315.4032706774,380301.5550371538,338843.90741586685
2025-09-04,1006000.0,1017000.0,1006000.0,1017000.0,52191,0.0,0.0,삼성바이오로직스,207940.KS,0.49407114624506754,1004600.0,1019950.0,1029650.0,47.18372953270327,0.00492854620114918,1014338.0442931976,1023278.8224985764,-8940.778205378796,-7988.962890055691,-951.8153153231051,1019950.0,1043760.4355715195,996139.5644284805,4.668941726853188,1040000.0,996000.0,0.0,174.81162011346788,3.5,2.783,2.71,4.19,1914605.2,4235818.7,2.9,116.38,116.38,2025-10-12 21:29:11,1030000.0,1014000.0,0.012782694198623401,-0.0029498525073746312,0.004940711462450675,-0.08614705365360836,0.034100074202595664,-2.094459,929388.4464342803,1051679.7754640398,-1113064.8608207703
2025-09-04,221000.0,221500.0,219500.0,221500.0,249504,0.0,0.0,현대차,005380.KS,0.0,220700.0,216646.59296875,210756.44192708333,61.13316664069423,0.0,219094.4098215305,216174.75477685579,2919.655044674728,2727.367262265838,192.28778240889005,216646.59296875,224793.44111834187,208499.7448191581,7.520864314507839,222000.0,210085.234375,2517.046875,147.87606616346568,3.5,2.783,2.71,4.19,1914605.2,4235818.7,2.9,116.38,116.38,2025-10-12 21:29:11,220000.0,217000.0,-0.006772009029345372,-0.020316027088036117,0.0,0.0006061487016328692,-0.0373490149060524,-0.04202683,221634.26193741168,213227.1931983094,212191.0598576069
2025-09-04,59000.0,59200.0,57400.0,58500.0,2592577,0.0,0.0,카카오,035720.KS,-0.6791171477079749,60080.0,63200.0,59940.0,39.312641170234855,-0.006814336419730165,61420.61856604991,61186.55759029527,234.06097575464082,1145.7486625744302,-911.6876868197894,63200.0,67365.5226499746,59034.4773500254,13.182033702451273,65300.0,58500.0,-5500.0,188.32167272775578,3.5,2.783,2.71,4.19,1914605.2,4235818.7,2.9,116.38,116.38,2025-10-12 21:29:11,58500.0,62100.0,0.0,0.06153846153846154,-0.006791171477079749,0.003400835404056119,-0.008147225457237062,-0.12504123,58698.94887113729,58023.387310751634,51185.0870847702
2025-09-04,106000.0,107200.0,105800.0,107000.0,563510,0.0,0.0,기아,000270.KS,0.0,106700.0,104220.0,101701.66666666667,60.96754410338043,0.0,105530.52997203215,104205.71701257715,1324.8129594549973,1095.5845748109873,229.22838464401002,104220.0,107977.71487112012,100462.28512887988,7.211120458875676,107200.0,101600.0,3100.0,317.6063011717125,3.5,2.783,2.71,4.19,1914605.2,4235818.7,2.9,116.38,116.38,2025-10-12 21:29:11,106600.0,100600.0,-0.003738317757009346,-0.059813084112149535,0.0,-0.0013443943839468219,-0.039472424766330595,0.83298266,106856.14980091769,102776.45055000263,196129.1445493698
2025-09-04,274000.0,279500.0,273000.0,278000.0,152241,0.0,0.0,LG화학,051910.KS,2.9629629629629672,273300.0,280900.0,264741.6666666667,48.85107760600547,0.02919915469226235,278800.21496344794,279675.5605796434,-875.3456161954673,1567.6296858308515,-2442.975302026319,280900.0,295616.97909504845,266183.02090495155,10.478447201885686,293000.0,269500.0,-15000.0,-11.968799589293289,3.5,2.783,2.71,4.19,1914605.2,4235818.7,2.9,116.38,116.38,2025-10-12 21:29:11,274500.0,279000.0,-0.012589928057553957,0.0035971223021582736,0.029629629629629672,0.008030926683492395,-0.0010597974333241183,-0.022588432,280232.5976180109,277705.3763135359,271720.4159498215
2025-09-04,221500.0,229500.0,221500.0,227000.0,971838,0.0,0.0,NAVER,035420.KS,2.714932126696823,220600.0,223175.0,237381.66666666666,51.6009831111077,0.026787315963649763,222149.521681128,225285.85637332464,-3136.3346921966295,-3970.587007053774,834.2523148571445,223175.0,232806.4998559089,213543.5001440911,8.631342987260144,235500.0,214500.0,4000.0,96.30417661862948,3.5,2.783,2.71,4.19,1914605.2,4235818.7,2.9,116.38,116.38,2025-10-12 21:29:11,229000.0,267500.0,0.00881057268722467,0.17841409691629956,0.02714932126696823,-0.00013347764176631152,-0.030763817930933544,-0.003487547,226969.70057531906,220016.6133296781,226208.3312869072
2025-09-04,282500.0,285500.0,281500.0,284000.0,179969,0.0,0.0,POSCO홀딩스,005490.KS,1.4285714285714235,282100.0,294715.9296875,293670.4901041667,40.172568880872426,0.014184634991956381,288839.3203909098,293796.62499694846,-4957.30460603867,-2879.123751423045,-2078.1808546156244,294715.9296875,312184.5379908306,277247.3213841694,11.854539604868542,306475.5,280000.0,-16028.59375,53.56303240352336,3.5,2.783,2.71,4.19,1914605.2,4235818.7,2.9,116.38,116.38,2025-10-12 21:29:11,276500.0,263000.0,-0.02640845070422535,-0.07394366197183098,0.014285714285714235,-0.0025849326553352646,-0.013334147215599309,0.0006957911,283265.8791258848,280213.1021907698,284197.61419296265
2025-09-05,70300.0,70400.0,69500.0,69500.0,11526724,0.0,0.0,삼성전자,005930.KS,-0.8559201141226769,69220.0,70385.0,66026.50572916666,51.00126079340232,-0.008596041469797908,69789.61047013504,69351.77285898046,437.8376111545804,811.9913244861322,-374.1537133315518,70385.0,72489.90654874143,68280.09345125857,5.981122536737753,71900.0,67600.0,-1900.0,112.7579938805769,3.5,2.783,2.71,4.19,1914605.2,4235818.7,2.9,116.38,116.38,2025-10-12 21:29:11,70100.0,94400.0,0.008633093525179856,0.3466476462196862,-0.008559201141226769,0.003120985162118532,-0.012249363273393805,-0.14455475,69716.90846876724,68648.66925249914,59453.445971012115
2025-09-05,273000.0,275000.0,272000.0,273500.0,3103427,0.0,0.0,SK하이닉스,000660.KS,3.0131826741996326,263600.0,263029.08515625,268315.4466145833,56.762801353989296,0.029686781180042462,263925.96583910484,263741.35544031585,184.61039878899464,-1020.3585200150901,1204.9689188040848,263029.08515625,279657.14178880583,246401.02852369417,12.64351174143201,277599.03125,244646.640625,22862.015625,384.65486857121573,3.5,2.783,2.71,4.19,1914605.2,4235818.7,2.9,116.38,116.38,2025-10-12 21:29:11,277000.0,428000.0,0.012797074954296161,0.6120527306967984,0.030131826741996326,-0.004251273878989071,-0.11606908519964587,-0.014077241,272337.2765940965,241755.10519789686,269649.8731672764
2025-09-05,350500.0,351000.0,342000.0,343000.0,199629,0.0,0.0,LG에너지솔루션,373220.KS,-2.279202279202275,348300.0,370800.0,342083.3333333333,37.74683529476268,-0.02305577629992585,358444.7311338642,361734.1387426235,-3289.4076087592985,2215.3471630372524,-5504.754771796551,370800.0,403692.80836452165,337907.19163547835,17.741536334693446,394000.0,343000.0,-24500.0,-32.07920792079207,3.5,2.783,2.71,4.19,1914605.2,4235818.7,2.9,116.38,116.38,2025-10-12 21:29:11,343500.0,359500.0,0.0014577259475218659,0.024216524216524215,-0.022792022792022748,0.04204235124475267,0.08234109026535708,-0.027552417,357420.5264769502,371242.99396101746,333549.517929554
2025-09-05,1015000.0,1031000.0,1015000.0,1030000.0,52479,0.0,0.0,삼성바이오로직스,207940.KS,1.2782694198623323,1010400.0,1020000.0,1029666.6666666666,52.38949710686854,0.012701685175121425,1016747.5759403979,1023776.6874986818,-7029.111558283912,-7796.992623701335,767.8810654174231,1020000.0,1043894.5049838091,996105.4950161909,4.685197055648839,1040000.0,996000.0,0.0,178.3244530156066,3.5,2.783,2.71,4.19,1914605.2,4235818.7,2.9,116.38,116.38,2025-10-12 21:29:11,1031000.0,1014000.0,0.000970873786407767,-0.0029498525073746312,0.012782694198623323,-0.08878582377726367,0.02241743852653933,-2.26092,938550.6015094185,1053089.9616823357,-1298747.64919281
2025-09-05,222000.0,222500.0,219500.0,220000.0,245652,0.0,0.0,현대차,005380.KS,-0.6772009029345383,220700.0,217142.33125,211102.93802083333,57.6451885744127,-0.0067950431328288015,219233.7313874489,216458.10627486647,2775.6251125824347,2737.0188323291577,38.606280253276964,217142.33125,224800.03014060314,209484.63235939684,7.05316079690302,222000.0,210085.234375,2500.0,146.19744720524807,3.5,2.783,2.71,4.19,1914605.2,4235818.7,2.9,116.38,116.38,2025-10-12 21:29:11,218500.0,217000.0,-0.006818181818181818,-0.020316027088036117,-0.006772009029345383,0.002048844967610673,-0.03751224685771598,-0.04360305,220450.74589287434,211747.30569130246,210407.32622146606
2025-09-05,60000.0,60000.0,58500.0,58500.0,1536092,0.0,0.0,카카오,035720.KS,0.0,59280.0,62945.0,60073.333333333336,39.31264117023486,0.0,60971.29263281146,60987.55332434747,-16.26069153600838,913.3467917523426,-929.607483288351,62945.0,67602.74962605663,58287.25037394338,14.799426883967342,65300.0,58500.0,-5100.0,188.32167272775578,3.5,2.783,2.71,4.19,1914605.2,4235818.7,2.9,116.38,116.38,2025-10-12 21:29:11,59200.0,62100.0,0.011965811965811967,0.06153846153846154,0.0,-0.001347774171688015,-0.020807405069403227,-0.11781738,58421.155210956254,57282.76680343991,51607.6819896698
2025-09-05,106200.0,107000.0,106100.0,106600.0,442357,0.0,0.0,기아,000270.KS,-0.37383177570093906,106860.0,104460.0,101838.33333333333,59.16532683380309,-0.003745322730162053,105695.06382248874,104383.0713079418,1311.9925145469315,1138.8661627581762,173.1263517887553,104460.0,108179.87549310675,100740.12450689325,7.122105098806725,107200.0,101600.0,1800.0,316.0451561206034,3.5,2.783,2.71,4.19,1914605.2,4235818.7,2.9,116.38,116.38,2025-10-12 21:29:11,104900.0,100600.0,-0.01594746716697936,-0.059813084112149535,-0.0037383177570093906,0.000687229881621194,-0.03911733681209899,0.81493324,106673.25870538082,102430.09189583025,193471.8897819519
2025-09-05,278000.0,278500.0,272500.0,274500.0,136324,0.0,0.0,LG화학,051910.KS,-1.258992805755399,272700.0,280000.0,265808.3333333333,46.29781876605906,-0.012669852741051778,278138.6434306098,279292.18572189205,-1153.5422912822687,1023.3952904082275,-2176.9375816904962,280000.0,293909.4818095571,266090.5181904429,9.93534414968366,293000.0,269500.0,-13000.0,-13.077106069284195,3.5,2.783,2.71,4.19,1914605.2,4235818.7,2.9,116.38,116.38,2025-10-12 21:29:11,275500.0,279000.0,0.0036429872495446266,0.0035971223021582736,-0.01258992805755399,0.006502658299520679,0.0023087421395850925,-0.020122085,276284.97970321844,275133.7497173161,268976.48057341576
2025-09-05,227500.0,230500.0,225500.0,229000.0,941824,0.0,0.0,NAVER,035420.KS,0.8810572687224738,223500.0,222850.0,237883.33333333334,53.55346580437695,0.008771986072837041,223203.4414224929,225560.97812344873,-2357.536700955825,-3647.9769458341843,1290.4402448783594,222850.0,231064.87738965137,214635.12261034863,7.372562162576957,229500.0,214500.0,7000.0,98.0337288355337,3.5,2.783,2.71,4.19,1914605.2,4235818.7,2.9,116.38,116.38,2025-10-12 21:29:11,228000.0,267500.0,-0.004366812227074236,0.17841409691629956,0.008810572687224738,-0.0015698691420993254,-0.02111878194488773,-0.005661655,228640.49996645926,224163.79893462072,227703.47839593887
2025-09-05,286000.0,286000.0,271500.0,276500.0,535992,0.0,0.0,POSCO홀딩스,005490.KS,-2.6408450704225372,280300.0,293787.4578125,293889.97552083334,34.97034041212753,-0.026763417198816572,286940.9634076929,292515.393515693,-5574.430108000117,-3418.18502273846,-2156.245085261657,293787.4578125,313057.98200396256,274516.93362103746,13.118684054757242,306475.5,276500.0,-21049.0,49.50767063230357,3.5,2.783,2.71,4.19,1914605.2,4235818.7,2.9,116.38,116.38,2025-10-12 21:29:11,279500.0,263000.0,0.0108499095840868,-0.07394366197183098,-0.026408450704225372,0.0015792182393555847,-0.0086456362705965,0.0049704337,276936.65384318185,274109.4815711801,277874.3242621422
2025-09-08,69800.0,70500.0,69600.0,70100.0,9263135,0.0,0.0,삼성전자,005930.KS,0.8633093525179936,69720.0,70300.0,66229.09602864583,53.5688812785753,0.008596041469798038,69837.36270549888,69407.19709164857,430.1656138503022,735.6261823589663,-305.4605685086641,70300.0,72298.9470912636,68301.0529087364,5.6869049538082574,71900.0,67600.0,-1400.0,114.59475353997757,3.5,2.783,2.71,4.19,1914605.2,4235818.7,2.9,116.38,116.38,2025-10-12 21:29:11,71500.0,94400.0,0.019971469329529243,0.3466476462196862,0.008633093525179936,-0.0006372220493054075,-0.014086512390442547,-0.14593835,70055.33073434369,69112.53548142998,59869.72258687019
2025-09-08,278500.0,279000.0,274000.0,277000.0,2018299,0.0,0.0,SK하이닉스,000660.KS,1.279707495429605,267800.0,264072.5828125,269012.77447916666,58.75843402469087,0.012715884325302495,265937.3557100118,264723.4772595517,1213.8784504600917,-573.5111259200537,1787.3895763801454,264072.5828125,281478.8748099464,246666.29081505362,13.182960390708498,277599.03125,244646.640625,17874.28125,390.85703325128617,3.5,2.783,2.71,4.19,1914605.2,4235818.7,2.9,116.38,116.38,2025-10-12 21:29:11,288000.0,428000.0,0.039711191335740074,0.6120527306967984,0.01279707495429605,-0.004251273878989071,-0.0918928524857171,-0.017345836,275822.39713552,251545.67986145636,272195.20074129105
2025-09-08,337000.0,345500.0,336500.0,343500.0,185815,0.0,0.0,LG에너지솔루션,373220.KS,0.1457725947521915,347200.0,369050.0,342875.0,38.15618540069737,0.0014566644964641641,356145.54172865435,360383.4617987255,-4237.920070071123,924.6937164155775,-5162.6137864867,369050.0,403884.7980889027,334215.2019110973,18.87809136371913,394000.0,343000.0,-36500.0,-31.980198019801975,3.5,2.783,2.71,4.19,1914605.2,4235818.7,2.9,116.38,116.38,2025-10-12 21:29:11,347000.0,359500.0,0.010189228529839884,0.024216524216524215,0.001457725947521915,0.015977098896866226,0.08251712811462887,-0.029584788,348988.1334710735,371844.633507375,333337.6330733299
2025-09-08,1032000.0,1039000.0,1026000.0,1031000.0,32731,0.0,0.0,삼성바이오로직스,207940.KS,0.0970873786407811,1017400.0,1020450.0,1029866.6666666666,52.7750904334078,0.0009704027932785145,1018940.2565649521,1024311.7476839647,-5371.491119012586,-7311.892322763585,1940.4012037509992,1020450.0,1044837.0112106773,996062.9887893227,4.779658231305273,1040000.0,996000.0,1000.0,178.59467093115575,3.5,2.783,2.71,4.19,1914605.2,4235818.7,2.9,116.38,116.38,2025-10-12 21:29:11,1041000.0,1014000.0,0.009699321047526674,-0.0029498525073746312,0.000970873786407811,-0.09047688099071848,0.016555049076698775,-2.4398417,937718.3356985692,1048068.2555980765,-1484476.8414497375
2025-09-08,218000.0,218500.0,215500.0,218500.0,382254,0.0,0.0,현대차,005380.KS,-0.6818181818181834,220300.0,217563.06953125,211465.62734375,54.308256280216575,-0.006841531816716712,219120.8496355337,216609.3576619134,2511.4919736202864,2691.9134605873837,-180.42148696709728,217563.06953125,224476.70072775846,210649.4383347415,6.355519079046111,222000.0,210085.234375,-977.28125,144.51882824703043,3.5,2.783,2.71,4.19,1914605.2,4235818.7,2.9,116.38,116.38,2025-10-12 21:29:11,219000.0,217000.0,0.002288329519450801,-0.020316027088036117,-0.006818181818181834,0.0006214490962585317,-0.03822974479598745,-0.040655117,218635.7866275325,210146.80076207675,209616.85276031494
2025-09-08,58700.0,60100.0,58600.0,59200.0,1665995,0.0,0.0,카카오,035720.KS,1.1965811965811923,58880.0,62715.0,60201.666666666664,42.82816634641063,0.011894787652149146,60698.78607391739,60855.1419669884,-156.355893071006,699.406254787673,-855.762147858679,62715.0,67641.52327499128,57788.476725008724,15.710829227429734,65300.0,58500.0,-5500.0,191.77167564928448,3.5,2.783,2.71,4.19,1914605.2,4235818.7,2.9,116.38,116.38,2025-10-12 21:29:11,59600.0,62100.0,0.006756756756756757,0.06153846153846154,0.011965811965811923,0.0011894667256176852,-0.01588126727240622,-0.1115972,59270.41643015656,58259.82897747355,52593.446922302246
2025-09-08,106100.0,106100.0,104100.0,104900.0,713309,0.0,0.0,기아,000270.KS,-1.5947467166979368,106540.0,104610.0,101966.66666666667,52.11449162005521,-0.01607599632949268,105572.74631133661,104421.36232216834,1151.3839891682728,1141.3697280401957,10.014261128077123,104610.0,108131.90140033617,101088.09859966383,6.733393366477711,107200.0,101600.0,200.0,309.4102896533892,3.5,2.783,2.71,4.19,1914605.2,4235818.7,2.9,116.38,116.38,2025-10-12 21:29:11,105500.0,100600.0,0.005719733079122974,-0.059813084112149535,-0.015947467166979368,0.001350505001430399,-0.03739634555977548,0.8195084,105041.66797465004,100977.12335077956,190866.42215251923
2025-09-08,271000.0,277000.0,271000.0,275500.0,98768,0.0,0.0,LG화학,051910.KS,0.36429872495447047,273500.0,279950.0,266925.0,47.14778279428147,0.0036363676433839335,277732.69828743907,279011.28307582595,-1278.5847883868846,562.9992746492051,-1841.5840630360897,279950.0,293919.51568311965,265980.48431688035,9.980007632162637,293000.0,269500.0,-17000.0,-12.76044707500108,3.5,2.783,2.71,4.19,1914605.2,4235818.7,2.9,116.38,116.38,2025-10-12 21:29:11,293000.0,279000.0,0.06352087114337568,0.0035971223021582736,0.0036429872495447047,0.002984203827768433,0.0012486548506469607,-0.024602147,276322.14815455023,275844.00441135326,268722.10085392
2025-09-08,228500.0,229500.0,226000.0,228000.0,716688,0.0,0.0,NAVER,035420.KS,-0.4366812227074246,226000.0,222775.0,238341.66666666666,52.41489495515929,-0.004376374599798888,223941.37351134018,225741.64641060066,-1800.2728992604825,-3278.436136519444,1478.1632372589615,222775.0,230758.37087495034,214791.62912504966,7.167205364112079,229000.0,214500.0,2500.0,97.16895272708159,3.5,2.783,2.71,4.19,1914605.2,4235818.7,2.9,116.38,116.38,2025-10-12 21:29:11,231000.0,267500.0,0.013157894736842105,0.17841409691629956,-0.004366812227074246,0.002813428698562894,-0.01950155759863562,-0.014895239,228641.46174327232,223553.6448675111,224603.8806438446
2025-09-08,276500.0,281500.0,276000.0,279500.0,232900,0.0,0.0,POSCO홀딩스,005490.KS,1.0849909584086825,280000.0,293108.16875,294184.2565104167,38.406245583679635,0.010791471632764386,285796.1998065094,291551.2902923084,-5755.090485798952,-3885.566115350558,-1869.5243704483937,293108.16875,313412.88775323844,272803.4497467616,13.854761598648501,306475.5,276500.0,-24000.0,51.12981534079148,3.5,2.783,2.71,4.19,1914605.2,4235818.7,2.9,116.38,116.38,2025-10-12 21:29:11,284000.0,263000.0,0.016100178890876567,-0.07394366197183098,0.010849909584086825,-0.0071414613917645834,-0.011530019847260915,-0.00057342986,277503.9615410018,276277.3594526906,279339.71896767616
2025-09-09,70100.0,71500.0,70000.0,71500.0,14870245,0.0,0.0,삼성전자,005930.KS,1.9971469329529201,70200.0,70325.0,66473.2412109375,58.97137595758764,0.019774655659417523,70093.15305849904,69562.21952930423,530.9335291948082,694.6876517261347,-163.75412253132652,70325.0,72372.72017002419,68277.27982997581,5.823590956343223,71900.0,67600.0,1200.0,118.88052607857911,3.5,2.783,2.71,4.19,1914605.2,4235818.7,2.9,116.38,116.38,2025-10-12 21:29:11,72600.0,94400.0,0.015384615384615385,0.3466476462196862,0.0199714693295292,0.007905400872821067,-0.014812868497416821,-0.14510807,72065.2361624067,70440.8799024347,61124.77058172226
2025-09-09,278000.0,288500.0,277000.0,288000.0,4158342,0.0,0.0,SK하이닉스,000660.KS,3.971119133573997,273300.0,265141.8375,269685.40260416665,64.33064595566351,0.03894297394860733,269331.60867770226,266447.66412921454,2883.9445484877215,117.98000896150137,2765.96453952622,265141.8375,285570.62023054314,244713.05476945688,15.409701405982846,288000.0,244646.640625,26877.171875,410.3495508172217,3.5,2.783,2.71,4.19,1914605.2,4235818.7,2.9,116.38,116.38,2025-10-12 21:29:11,304000.0,428000.0,0.05555555555555555,0.6120527306967984,0.03971119133573997,0.004720893610176115,-0.0866664522955881,-0.026427623,289359.6173597307,263040.06173887063,280388.84353637695
2025-09-09,344500.0,349000.0,341500.0,347000.0,169345,0.0,0.0,LG에너지솔루션,373220.KS,1.0189228529839944,346600.0,366950.0,343775.0,41.07698113556101,0.010137668284455222,354738.53530886135,359392.09425807913,-4653.558949217782,-190.95681671109446,-4462.602132506688,366950.0,401784.79808890267,332115.20191109733,18.986127858783302,394000.0,343000.0,-34000.0,-31.287128712871283,3.5,2.783,2.71,4.19,1914605.2,4235818.7,2.9,116.38,116.38,2025-10-12 21:29:11,340500.0,359500.0,-0.018731988472622477,0.024216524216524215,0.010189228529839944,0.01132659182516085,0.08444988047661516,-0.02809144,350930.3273633308,376304.10852538544,337252.2735595703
2025-09-09,1053000.0,1063000.0,1030000.0,1041000.0,74884,0.0,0.0,삼성바이오로직스,207940.KS,0.9699321047526688,1026200.0,1020900.0,1030300.0,56.56357479905932,0.009652584598008973,1022334.0632472672,1025547.9145221895,-3213.8512749223737,-6492.284113195343,3278.432838272969,1020900.0,1046487.0032798359,995312.9967201641,5.012636552029762,1041000.0,996000.0,22000.0,181.29685008664705,3.5,2.783,2.71,4.19,1914605.2,4235818.7,2.9,116.38,116.38,2025-10-12 21:29:11,1034000.0,1014000.0,-0.0067243035542747355,-0.0029498525073746312,0.009699321047526688,-0.10838355540054549,0.012758554361321048,-2.513914,928172.7188280321,1054281.6550901353,-1575984.5867156982
2025-09-09,219500.0,220500.0,218500.0,219000.0,407652,0.0,0.0,현대차,005380.KS,0.22883295194509046,220100.0,218008.8078125,211795.45677083332,55.238406930698744,0.0022857152808560825,219102.25738391312,216786.44227954946,2315.815104363661,2616.6937893426393,-300.8786849789785,218008.8078125,223977.40997216816,212040.20565283182,5.4755605698293675,222000.0,210579.546875,2982.953125,145.07836789976966,3.5,2.783,2.71,4.19,1914605.2,4235818.7,2.9,116.38,116.38,2025-10-12 21:29:11,220500.0,217000.0,0.00684931506849315,-0.020316027088036117,0.0022883295194509046,-0.0036062146462643163,-0.040620722062695756,-0.035528407,218210.2389924681,210104.06186826964,211219.27571296692
2025-09-09,59700.0,59700.0,59000.0,59600.0,1361280,0.0,0.0,카카오,035720.KS,0.6756756756756799,58940.0,62485.0,60308.333333333336,44.79609089042711,0.0067340321813441194,60529.74206254548,60762.16848795222,-232.42642540673842,513.0397187487907,-745.4661441555292,62485.0,67547.25454246576,57422.74545753424,16.203103280677787,65300.0,58500.0,-5400.0,193.743105890158,3.5,2.783,2.71,4.19,1914605.2,4235818.7,2.9,116.38,116.38,2025-10-12 21:29:11,59900.0,62100.0,0.0050335570469798654,0.06153846153846154,0.006756756756756799,0.0011894667256176852,-0.013832141281698256,-0.10777944,59670.892216846805,58775.604379610784,53176.34518146515
2025-09-09,105500.0,105900.0,104700.0,105500.0,599237,0.0,0.0,기아,000270.KS,0.5719733079122991,106200.0,104805.0,102100.0,54.18952507687504,0.005703437513869711,105561.55457113098,104501.26140941514,1060.2931617158465,1125.154414775326,-64.8612530594794,104805.0,108045.84134625325,101564.15865374675,6.184516666672865,107200.0,101800.0,2500.0,311.752007230053,3.5,2.783,2.71,4.19,1914605.2,4235818.7,2.9,116.38,116.38,2025-10-12 21:29:11,106000.0,100600.0,0.004739336492890996,-0.059813084112149535,0.0057197330791229906,-0.0030327928392318224,-0.037094261583224264,0.8528075,105180.04035546104,101586.55540296984,195471.1935520172
2025-09-09,280500.0,296000.0,275500.0,293000.0,510456,0.0,0.0,LG화학,051910.KS,6.352087114337568,278200.0,280725.0,268383.3333333333,59.290742062407325,0.06158498042409813,280081.5139355254,280047.48432946845,34.02960605692351,457.2053409307488,-423.17573487382526,280725.0,295798.41682355804,265651.58317644196,10.738920169958531,293000.0,269500.0,3500.0,-7.218914675046517,3.5,2.783,2.71,4.19,1914605.2,4235818.7,2.9,116.38,116.38,2025-10-12 21:29:11,287000.0,279000.0,-0.020477815699658702,0.0035971223021582736,0.06352087114337568,0.000157794748603339,-0.0020066720383212994,-0.02329692,293046.2338613408,292412.0450927719,286174.01045560837
2025-09-09,228500.0,233000.0,226000.0,231000.0,929473,0.0,0.0,NAVER,035420.KS,1.3157894736842035,227200.0,223175.0,238700.0,55.47332586068127,0.0130720815673527,225027.31604805705,226131.1540838895,-1103.8380358324503,-2843.5165163820457,1739.6784805495954,223175.0,231966.5928740955,214383.4071259045,7.878653858268635,231000.0,214500.0,10000.0,99.76328105243792,3.5,2.783,2.71,4.19,1914605.2,4235818.7,2.9,116.38,116.38,2025-10-12 21:29:11,233500.0,267500.0,0.010822510822510822,0.17841409691629956,0.013157894736842035,-0.0016814686677865183,-0.022176077876553155,-0.01747601,230611.58073774131,225877.3260105162,226963.03886175156
2025-09-09,282000.0,288000.0,280500.0,284000.0,276809,0.0,0.0,POSCO홀딩스,005490.KS,1.610017889087656,280800.0,292108.3734375,294636.1901041667,43.249890879399665,0.015971945566052186,285519.86137473874,290991.93545584107,-5472.074081102328,-4202.867708500912,-1269.2063726014158,292108.3734375,312122.90375042835,272093.8431245716,13.70349646427422,306475.5,276500.0,-14500.0,53.56303240352336,3.5,2.783,2.71,4.19,1914605.2,4235818.7,2.9,116.38,116.38,2025-10-12 21:29:11,284000.0,263000.0,0.0,-0.07394366197183098,0.01610017889087656,-0.002610413018691707,-0.016197638392197036,0.004339084,283258.64270269155,279399.87069661607,285232.3040962219
2025-09-10,71800.0,72800.0,71600.0,72600.0,21928565,0.0,0.0,삼성전자,005930.KS,1.538461538461533,70760.0,70400.0,66720.81119791667,62.64876439368226,0.01526747213078838,70478.82181872995,69787.24030491132,691.5815138186299,694.0664241446337,-2.484910326003842,70400.0,72665.53119134004,68134.46880865996,6.436168157216013,72600.0,67600.0,2000.0,122.24791878748032,3.5,2.783,2.71,4.19,1914605.2,4235818.7,2.9,116.38,116.38,2025-10-12 21:29:11,73400.0,94400.0,0.011019283746556474,0.3466476462196862,0.01538461538461533,0.0011589183180729032,-0.01686635736857217,-0.14466314,72684.1374698921,71375.50245504167,62097.454941272736
2025-09-10,294500.0,305000.0,293000.0,304000.0,5265553,0.0,0.0,SK하이닉스,000660.KS,5.555555555555558,281600.0,266911.2359375,270608.05494791665,70.56117507436254,0.05406722127027579,274665.2073426711,269229.31863816164,5435.888704509474,1181.561748071096,4254.326956438378,266911.2359375,293734.79651553667,240087.6753594634,20.099236724764662,304000.0,244646.640625,44375.0,438.7023036404007,3.5,2.783,2.71,4.19,1914605.2,4235818.7,2.9,116.38,116.38,2025-10-12 21:29:11,307000.0,428000.0,0.009868421052631578,0.6120527306967984,0.05555555555555558,0.011884309871534908,-0.07757629906000796,-0.03152279,307612.8302009466,280416.8050857576,294417.06562042236
2025-09-10,347500.0,347500.0,339500.0,340500.0,246196,0.0,0.0,LG에너지솔루션,373220.KS,-1.8731988472622474,345000.0,364550.0,344550.0,37.531830762097634,-0.01890965435729213,352547.99141519034,357992.67986859183,-5444.688453401497,-1241.703144049175,-4202.985309352322,364550.0,399745.5439763239,329354.4560236761,19.30903523594783,394000.0,340500.0,-33000.0,-32.57425742574257,3.5,2.783,2.71,4.19,1914605.2,4235818.7,2.9,116.38,116.38,2025-10-12 21:29:11,350000.0,359500.0,0.027900146842878122,0.024216524216524215,-0.018731988472622474,0.011626751431440572,0.09383097963401085,-0.025511382,344458.9088624055,372449.4485653807,331813.37374448776
2025-09-10,1041000.0,1043000.0,1031000.0,1034000.0,54889,0.0,0.0,삼성바이오로직스,207940.KS,-0.672430355427478,1030600.0,1021550.0,1030700.0,53.3379530932025,-0.006747013546594488,1024128.8227476876,1026173.9949279532,-2045.1721802656539,-5602.861726609405,3557.6895463437513,1021550.0,1047799.611525952,995300.388474048,5.139173124360433,1041000.0,996000.0,14000.0,179.40532467780312,3.5,2.783,2.71,4.19,1914605.2,4235818.7,2.9,116.38,116.38,2025-10-12 21:29:11,1036000.0,1014000.0,0.0019342359767891683,-0.0029498525073746312,-0.00672430355427478,-0.11018628381467223,0.02175056931789794,-2.6405628,920067.382535629,1056490.0886747064,-1696341.9070243835
2025-09-10,219500.0,222000.0,219000.0,220500.0,427432,0.0,0.0,현대차,005380.KS,0.6849315068493178,219900.0,218504.83046875,212092.61588541666,58.00066298923553,0.006825965070399891,219317.29470946494,217061.52062921246,2255.7740802524786,2544.5098475246073,-288.73576727212867,218504.83046875,223431.79936066907,213577.86157683094,4.5097116446802845,222000.0,213545.453125,3000.0,146.75698685798727,3.5,2.783,2.71,4.19,1914605.2,4235818.7,2.9,116.38,116.38,2025-10-12 21:29:11,223000.0,217000.0,0.011337868480725623,-0.020316027088036117,0.006849315068493178,-0.0036062146462643163,-0.040620722062695756,-0.03303306,219704.82967049873,211543.1307851756,213216.2074148655
2025-09-10,60000.0,60800.0,59600.0,59900.0,1665136,0.0,0.0,카카오,035720.KS,0.5033557046979942,59140.0,62295.0,60443.333333333336,46.28934164667683,0.005020931050099664,60432.858668307716,60698.304155511316,-265.44548720360035,357.3426775583125,-622.7881647619129,62295.0,67449.65042972997,57140.34957027003,16.54916262855757,65300.0,58500.0,-4200.0,195.2216785708132,3.5,2.783,2.71,4.19,1914605.2,4235818.7,2.9,116.38,116.38,2025-10-12 21:29:11,59900.0,62100.0,0.0,0.06153846153846154,0.005033557046979942,0.0014141895350847117,-0.013877728534091548,-0.10784776,59984.70995315158,59068.724060807916,53439.91976380348
2025-09-10,104900.0,107000.0,104900.0,106000.0,704159,0.0,0.0,기아,000270.KS,0.4739336492890933,106000.0,105015.0,102206.66666666667,55.90435152096993,0.004728141195945896,105629.00771403391,104612.27908279179,1016.7286312421202,1103.4692580686847,-86.7406268265645,105015.0,107967.4476910568,102062.5523089432,5.6229066153536245,107200.0,102200.0,2500.0,313.7034385439395,3.5,2.783,2.71,4.19,1914605.2,4235818.7,2.9,116.38,116.38,2025-10-12 21:29:11,106600.0,100600.0,0.005660377358490566,-0.059813084112149535,0.004739336492890933,-0.004463409046399117,-0.037094261583224264,0.73328143,105526.8786410817,102068.00827217822,183727.82564163208
2025-09-10,290500.0,292500.0,285500.0,287000.0,224616,0.0,0.0,LG화학,051910.KS,-2.0477815699658675,281600.0,281300.0,269716.6666666667,54.65431268154346,-0.020690393257446166,281145.896406983,280562.48549024854,583.4109167344868,482.44645609149643,100.96446064299039,281300.0,296411.5153024681,266188.4846975319,10.744056382842581,293000.0,269500.0,500.0,-9.118868640745227,3.5,2.783,2.71,4.19,1914605.2,4235818.7,2.9,116.38,116.38,2025-10-12 21:29:11,290000.0,279000.0,0.010452961672473868,0.0035971223021582736,-0.020477815699658675,0.015327695486517832,-0.001449192678586655,-0.011699184,291399.04860463063,286584.0817012456,283642.3296928406
2025-09-10,232000.0,234500.0,230500.0,233500.0,915806,0.0,0.0,NAVER,035420.KS,1.0822510822510845,229700.0,223700.0,239150.0,57.90159447097098,0.010764366587158484,226330.8058868175,226676.9945221199,-346.1886353023874,-2344.0509401661143,1997.8623048637269,223700.0,233628.163025118,213771.836974882,8.876319199926689,233500.0,214500.0,15500.0,101.92522132356822,3.5,2.783,2.71,4.19,1914605.2,4235818.7,2.9,116.38,116.38,2025-10-12 21:29:11,233000.0,267500.0,-0.0021413276231263384,0.17841409691629956,0.010822510822510845,-0.0016381792403965883,-0.022618060255464496,-0.021104323,233117.4851473674,228218.68293034902,228572.13759422302
2025-09-10,281500.0,286000.0,278000.0,284000.0,248568,0.0,0.0,POSCO홀딩스,005490.KS,0.0,281600.0,291133.3734375,295112.91953125,43.249890879399665,0.0,285286.0365478559,290474.0143109639,-5187.977763108036,-4399.889719422337,-788.0880436856987,291133.3734375,310706.3183864869,271560.42848851305,13.446033148232534,306475.5,276500.0,-10000.0,53.56303240352336,3.5,2.783,2.71,4.19,1914605.2,4235818.7,2.9,116.38,116.38,2025-10-12 21:29:11,281500.0,263000.0,-0.008802816901408451,-0.07394366197183098,0.0,-0.0026191109285471515,-0.01644730292291228,0.0075173387,283256.1724962926,279328.9659698929,286134.9239349365
2025-09-11,73200.0,73600.0,72100.0,73400.0,20793501,0.0,0.0,삼성전자,005930.KS,1.1019283746556363,71420.0,70475.0,66953.55390625,65.09881319026678,0.010959013789719382,70928.23384661764,70054.85213417714,873.3817124405032,729.9294818038077,143.4522306366955,70475.0,73030.38646783367,67919.61353216633,7.251894906941947,73400.0,67600.0,3800.0,124.69693166668124,3.5,2.783,2.71,4.19,1914605.2,4235818.7,2.9,116.38,116.38,2025-10-12 21:29:11,75400.0,94400.0,0.027247956403269755,0.3466476462196862,0.011019283746556363,0.0011589183180729032,-0.02192047839510273,-0.1473219,73485.06460454655,71791.03688579946,62586.57401800156
2025-09-11,310000.0,315000.0,305500.0,307000.0,5148088,0.0,0.0,SK하이닉스,000660.KS,0.9868421052631637,289900.0,268381.284375,271622.3138020833,71.56413166293406,0.009820046180975513,279639.790828414,272027.1468871867,7612.643941227347,2467.7781867023464,5144.865754525001,268381.284375,300392.1389391108,236370.4298108892,23.854759201005326,307000.0,244646.640625,38500.0,444.0184447947468,3.5,2.783,2.71,4.19,1914605.2,4235818.7,2.9,116.38,116.38,2025-10-12 21:29:11,328500.0,428000.0,0.07003257328990228,0.6120527306967984,0.009868421052631637,0.0013564329463730208,-0.08122563433300628,-0.042757783,307416.42491453653,282063.7302597671,293873.35258722305
2025-09-11,347500.0,353000.0,344000.0,350000.0,381294,0.0,0.0,LG에너지솔루션,373220.KS,2.7900146842878115,344800.0,362575.0,345516.6666666667,45.002719820337965,0.0275180288938923,352155.9927359303,357400.6295079554,-5244.6367720250855,-2042.2898696443574,-3202.3469023807284,362575.0,396276.90530300187,328873.09469699813,18.590308379232916,394000.0,340500.0,-14000.0,-30.6930693069307,3.5,2.783,2.71,4.19,1914605.2,4235818.7,2.9,116.38,116.38,2025-10-12 21:29:11,355500.0,359500.0,0.015714285714285715,0.024216524216524215,0.027900146842878115,0.008131905748577079,0.08007477462033079,-0.026948733,352846.16701200197,378026.17111711577,340567.9374933243
2025-09-11,1038000.0,1051000.0,1031000.0,1036000.0,104487,0.0,0.0,삼성바이오로직스,207940.KS,0.19342359767891004,1034400.0,1021350.0,1031233.3333333334,54.1425950920952,0.0019323677510538603,1025955.1577095818,1026901.8471555123,-946.6894459305331,-4671.627270473631,3724.937824543098,1021350.0,1047063.1954656139,995636.8045343861,5.035138878075852,1041000.0,996000.0,24000.0,179.9457605089014,3.5,2.783,2.71,4.19,1914605.2,4235818.7,2.9,116.38,116.38,2025-10-12 21:29:11,1038000.0,1014000.0,0.0019305019305019305,-0.0029498525073746312,0.0019342359767891004,-0.10860208653816215,-0.010109372829079229,-2.6895907,923488.238346464,1025526.6897490739,-1750415.9574508667
2025-09-11,221500.0,223000.0,219000.0,223000.0,569436,0.0,0.0,현대차,005380.KS,1.133786848072571,220200.0,218977.5578125,212414.96432291667,62.188725448652335,0.011274076573218161,219883.86475416264,217501.40799001153,2382.4567641511094,2512.0992308499076,-129.64246669879822,218977.5578125,223711.49040136478,214243.6252236352,4.323669179759715,223000.0,214039.78125,1000.0,149.55468512168326,3.5,2.783,2.71,4.19,1914605.2,4235818.7,2.9,116.38,116.38,2025-10-12 21:29:11,223500.0,217000.0,0.002242152466367713,-0.020316027088036117,0.01133786848072571,-0.000402262403170936,-0.044629868781711234,-0.033763826,222910.29548409287,213047.53926167838,215470.66682577133
2025-09-11,60300.0,60600.0,59700.0,59900.0,1793242,0.0,0.0,카카오,035720.KS,0.0,59420.0,62115.0,60521.666666666664,46.28934164667683,0.0,60350.88041164499,60639.170514362326,-288.2901027173357,228.2161215031829,-516.5062242205186,62115.0,67343.37400507329,56886.62599492672,16.83449731972401,65300.0,58500.0,-3600.0,195.2216785708132,3.5,2.783,2.71,4.19,1914605.2,4235818.7,2.9,116.38,116.38,2025-10-12 21:29:11,65500.0,62100.0,0.09348914858096828,0.06153846153846154,0.0,0.0008124112573543884,-0.012496124021670262,-0.109068446,59948.66343431553,59151.482171101954,53366.79964661598
2025-09-11,105900.0,106800.0,105400.0,106600.0,1118881,0.0,0.0,기아,000270.KS,0.5660377358490676,105920.0,105185.0,102335.0,57.939051449826955,0.005644417619677131,105778.39114264408,104759.51766925165,1018.8734733924211,1086.550101133432,-67.67662774101086,105185.0,108088.55498982764,102281.44501017236,5.520853714555567,107200.0,102200.0,900.0,316.0451561206034,3.5,2.783,2.71,4.19,1914605.2,4235818.7,2.9,116.38,116.38,2025-10-12 21:29:11,105900.0,100600.0,-0.006566604127579738,-0.059813084112149535,0.005660377358490676,-0.004463409046399117,-0.037094261583224264,0.74526864,106124.20059565386,102645.7517152283,186045.63097953796
2025-09-11,288500.0,290000.0,285500.0,290000.0,230401,0.0,0.0,LG화학,051910.KS,1.0452961672473782,284000.0,281825.0,271091.6666666667,56.48652265195783,0.010398707220898517,282508.0661905241,281261.560639119,1246.5055514050764,635.2582751542125,611.2472762508639,281825.0,297395.806016385,266254.193983615,11.049982092706449,293000.0,269500.0,8500.0,-8.168891657895871,3.5,2.783,2.71,4.19,1914605.2,4235818.7,2.9,116.38,116.38,2025-10-12 21:29:11,290000.0,279000.0,0.0,0.0035971223021582736,0.010452961672473782,0.007328297284410784,-0.0011394559678346208,-0.026329095,292125.20621247916,289669.55776932795,282364.5609617233
2025-09-11,234500.0,236000.0,231500.0,233000.0,808213,0.0,0.0,NAVER,035420.KS,-0.21413276231263545,230900.0,224100.0,238975.0,57.22937643367377,-0.002143623543251453,227356.83575038405,227145.3652982592,211.4704521248641,-1832.9466617079186,2044.4171138327827,224100.0,234858.59509516653,213341.40490483347,9.601602048341391,233500.0,214500.0,15500.0,101.49283326934216,3.5,2.783,2.71,4.19,1914605.2,4235818.7,2.9,116.38,116.38,2025-10-12 21:29:11,236000.0,267500.0,0.012875536480686695,0.17841409691629956,-0.0021413276231263545,0.002426872754307871,-0.017141748200036812,-0.027138477,233565.46135175377,229005.97266939143,226676.7361164093
2025-09-11,284500.0,286000.0,280000.0,281500.0,328227,0.0,0.0,POSCO홀딩스,005490.KS,-0.8802816901408494,281100.0,289884.5984375,295523.18645833334,41.16418969714321,-0.008841790581461012,284703.5693866473,289809.2725101518,-5105.703123504471,-4541.052400238765,-564.6507232657059,289884.5984375,308499.57872475305,271269.61815024697,12.843028148159094,304987.75,276500.0,-6500.0,52.2112451464501,3.5,2.783,2.71,4.19,1914605.2,4235818.7,2.9,116.38,116.38,2025-10-12 21:29:11,285000.0,263000.0,0.012433392539964476,-0.07394366197183098,-0.008802816901408494,0.0029057437581510794,-0.01611620136459083,0.0038880506,282317.9668679195,276963.2893158677,282594.4750905037
2025-09-12,74600.0,75600.0,74200.0,75400.0,28219678,0.0,0.0,삼성전자,005930.KS,2.7247956403269713,72600.0,70665.0,67229.56901041667,70.33729259551043,0.02688333939344045,71616.19787021494,70450.78901312698,1165.408857087954,817.025356860637,348.383500227317,70665.0,74014.32829086488,67315.67170913512,9.479454583923818,75400.0,67600.0,5700.0,130.81946386468343,3.5,2.783,2.71,4.19,1914605.2,4235818.7,2.9,116.38,116.38,2025-10-12 21:29:11,76500.0,94400.0,0.014588859416445624,0.3466476462196862,0.027247956403269713,0.0048729081634422515,-0.018909604028937432,-0.1515507,75767.41727552355,73974.21585621813,63973.07645082474
2025-09-12,322000.0,329500.0,319000.0,328500.0,4242516,0.0,0.0,SK하이닉스,000660.KS,7.003257328990231,300900.0,271001.225,273003.22734375,77.48446137819758,0.06768909033746807,287156.7460855811,276210.3211918395,10946.424893741554,4163.507528110188,6782.917365631366,271001.225,312764.1691231587,229238.28087684125,30.821221655480496,328500.0,244646.640625,59500.0,482.11745640089356,3.5,2.783,2.71,4.19,1914605.2,4235818.7,2.9,116.38,116.38,2025-10-12 21:29:11,331000.0,428000.0,0.0076103500761035,0.6120527306967984,0.07003257328990231,-0.049857381793977654,-0.08253710502825636,-0.05670063,312121.85008067836,301386.5609982178,309873.8375008106
2025-09-12,354500.0,356500.0,350500.0,355500.0,292617,0.0,0.0,LG에너지솔루션,373220.KS,1.5714285714285792,347300.0,360650.0,346591.6666666667,48.81904736402128,0.01559209475983628,352670.455391941,357259.8421369957,-4589.386745054682,-2551.7092447264226,-2037.6775003282596,360650.0,391028.48961977573,330271.51038022427,16.846521347442525,384000.0,340500.0,3500.0,-29.603960396039607,3.5,2.783,2.71,4.19,1914605.2,4235818.7,2.9,116.38,116.38,2025-10-12 21:29:11,355500.0,359500.0,0.0,0.024216524216524215,0.01571428571428579,0.0041342670822644605,0.08125557884247855,-0.0149642695,356969.73194774496,384386.3582785011,350180.19756674767
2025-09-12,1037000.0,1039000.0,1026000.0,1038000.0,78527,0.0,0.0,삼성바이오로직스,207940.KS,0.19305019305020377,1036000.0,1021600.0,1031883.3333333334,54.97866381114595,0.0019286409064056863,1027808.2103696461,1027723.9325514003,84.27781824581325,-3720.4462527297424,3804.7240709755556,1021600.0,1047881.0718358734,995318.9281641266,5.145080625660419,1041000.0,996000.0,37000.0,180.48619633999965,3.5,2.783,2.71,4.19,1914605.2,4235818.7,2.9,116.38,116.38,2025-10-12 21:29:11,1040000.0,1014000.0,0.0019267822736030828,-0.0029498525073746312,0.0019305019305020377,-0.09309425331356119,-0.029897166458242388,-2.7397785,941368.1650605234,1006966.7412163444,-1805890.1023864746
2025-09-12,222500.0,224000.0,220500.0,223500.0,666184,0.0,0.0,현대차,005380.KS,0.22421524663676085,220900.0,219401.1375,212729.16875,62.98374511367178,0.00223964259350466,220440.19325352221,217945.74813889957,2494.4451146226493,2508.5684076044563,-14.123292981807026,219401.1375,224163.1881326588,214639.08686734122,4.3409534580546945,223500.0,214039.78125,3500.0,150.11422477442244,3.5,2.783,2.71,4.19,1914605.2,4235818.7,2.9,116.38,116.38,2025-10-12 21:29:11,215000.0,217000.0,-0.03803131991051454,-0.020316027088036117,0.0022421524663676085,-0.000402262403170936,-0.04602902620659359,-0.037597895,223410.0943528913,213212.51264282633,215096.87054157257
2025-09-12,60500.0,66000.0,60200.0,65500.0,6828797,0.0,0.0,카카오,035720.KS,9.348914858096835,60820.0,62170.0,60606.666666666664,66.1259141535827,0.08937363751980264,61143.0526560073,60999.23195774289,143.8206982644042,211.3370368554272,-67.51633859102299,62170.0,67521.28120419772,56818.71879580229,17.21499502717617,65500.0,58500.0,3000.0,222.8217019430428,3.5,2.783,2.71,4.19,1914605.2,4235818.7,2.9,116.38,116.38,2025-10-12 21:29:11,64000.0,62100.0,-0.022900763358778626,0.06153846153846154,0.09348914858096835,-0.028793862343181768,-0.015760579977456328,-0.11106103,63614.00201652159,64467.682011476616,58225.50210356712
2025-09-12,106100.0,106600.0,105400.0,105900.0,906762,0.0,0.0,기아,000270.KS,-0.65666041275797,105780.0,105295.0,102463.33333333333,54.76413472041808,-0.006588259124383353,105797.1001976219,104843.99784189968,953.1023557222215,1059.86055205119,-106.75819632896855,105295.0,108127.49936126816,102462.50063873184,5.380121299716334,107200.0,102200.0,100.0,313.3131522811622,3.5,2.783,2.71,4.19,1914605.2,4235818.7,2.9,116.38,116.38,2025-10-12 21:29:11,101700.0,100600.0,-0.039660056657223795,-0.059813084112149535,-0.0065666041275797005,-8.011120573689752e-05,-0.03619160377061842,0.77439237,105891.51622331246,102067.3091606915,187908.15160274506
2025-09-12,293000.0,293000.0,288000.0,290000.0,187098,0.0,0.0,LG화학,051910.KS,0.0,287100.0,282200.0,272491.6666666667,56.48652265195783,0.0,283660.6713919819,281908.8524436287,1751.818948353175,858.570409794005,893.2485385591701,282200.0,298194.7359761661,266205.2640238339,11.33574484490864,293000.0,269500.0,12500.0,-8.168891657895871,3.5,2.783,2.71,4.19,1914605.2,4235818.7,2.9,116.38,116.38,2025-10-12 21:29:11,293500.0,279000.0,0.01206896551724138,0.0035971223021582736,0.0,0.007676612481742568,0.0016458643182594693,-0.025064062,292226.21761970536,290477.30065229523,282731.42516613007
2025-09-12,234500.0,239000.0,232500.0,236000.0,1191699,0.0,0.0,NAVER,035420.KS,1.2875536480686733,232300.0,224675.0,238708.33333333334,60.213976259954926,0.012793351459909542,228686.55332724805,227801.2641650548,885.2891621932504,-1289.2994969276847,2174.588659120935,224675.0,236680.59080291362,212669.40919708638,10.687073152699337,236000.0,214500.0,21500.0,104.0871615946985,3.5,2.783,2.71,4.19,1914605.2,4235818.7,2.9,116.38,116.38,2025-10-12 21:29:11,234000.0,267500.0,-0.00847457627118644,0.17841409691629956,0.012875536480686733,0.0006411999504293626,-0.026447208398215048,-0.030000571,236151.32318830135,229758.45881802126,228919.8660850525
2025-09-12,285000.0,288500.0,283500.0,285000.0,226701,0.0,0.0,POSCO홀딩스,005490.KS,1.243339253996445,282800.0,288885.2109375,295975.25625,45.15205217415112,0.012356732688905428,284749.17409639386,289453.0301019924,-4703.856005598558,-4573.613121310724,-130.24288428783439,288885.2109375,306185.87529938924,271584.54657561076,11.977535510208046,303500.0,276500.0,-500.0,54.10374730635268,3.5,2.783,2.71,4.19,1914605.2,4235818.7,2.9,116.38,116.38,2025-10-12 21:29:11,285000.0,263000.0,0.0,-0.07394366197183098,0.01243339253996445,0.0014767964154278083,-0.01334189689593384,0.0021165935,285420.8869783969,281197.5593846589,285603.2198667526
2025-09-15,77200.0,77600.0,75900.0,76500.0,19908805,0.0,0.0,삼성전자,005930.KS,1.458885941644561,73880.0,70990.0,67518.94791666667,72.75907064399777,0.014483465818579752,72367.55204402802,70898.87871585831,1468.6733281697088,947.3549511224514,521.3183770472574,70990.0,75214.68933768966,66765.31066231034,11.902209713169917,76500.0,67600.0,8900.0,134.18685657358463,3.5,2.783,2.71,4.19,1914605.2,4235818.7,2.9,116.38,116.38,2025-10-12 21:29:11,79400.0,94400.0,0.03790849673202614,0.3466476462196862,0.01458885941644561,0.004784456733543852,-0.025199177466193653,-0.15453953,76866.0109401161,74572.26292383618,64677.72629857063
2025-09-15,339500.0,341500.0,325000.0,331000.0,4221256,0.0,0.0,SK하이닉스,000660.KS,0.7610350076103556,311700.0,274195.515625,274242.73854166665,78.05655928298079,0.007581537452397753,293901.8620724148,280268.8159183699,13633.04615404486,6057.415253297122,7575.6309007477375,274195.515625,323752.1939104093,224638.83733959074,36.1469648199388,331000.0,244646.640625,75000.0,486.5475740295152,3.5,2.783,2.71,4.19,1914605.2,4235818.7,2.9,116.38,116.38,2025-10-12 21:29:11,348000.0,428000.0,0.0513595166163142,0.6120527306967984,0.007610350076103556,-0.06795851288659227,-0.10452641902969086,-0.0573186,308505.73223453795,296401.7553011723,312027.53418684006
2025-09-15,356000.0,359000.0,352500.0,355500.0,211120,0.0,0.0,LG에너지솔루션,373220.KS,0.0,349700.0,359275.0,347433.3333333333,48.81904736402128,0.0,353105.769947027,357129.48346018116,-4023.7135131541872,-2846.1100984119757,-1177.6034147422115,359275.0,387828.68904177897,330721.31095822103,15.895171688416376,384000.0,340500.0,6500.0,-29.603960396039607,3.5,2.783,2.71,4.19,1914605.2,4235818.7,2.9,116.38,116.38,2025-10-12 21:29:11,349500.0,359500.0,-0.016877637130801686,0.024216524216524215,0.0,0.0016782227635793736,0.07895092223869653,-0.014007138,356096.60819245246,383567.05285585666,350520.4577744007
2025-09-15,1032000.0,1042000.0,1027000.0,1040000.0,64283,0.0,0.0,삼성바이오로직스,207940.KS,0.19267822736031004,1037800.0,1022200.0,1032283.3333333334,55.84560790841146,0.001924928409584418,1029683.8703127775,1028633.2708809262,1050.5994318512967,-2766.2371158135347,3816.8365476648314,1022200.0,1049619.5473877233,994780.4526122767,5.364810680438925,1041000.0,996000.0,44000.0,181.0266321710979,3.5,2.783,2.71,4.19,1914605.2,4235818.7,2.9,116.38,116.38,2025-10-12 21:29:11,1036000.0,1014000.0,-0.0038461538461538464,-0.0029498525073746312,0.0019267822736031004,-0.08998545449053022,-0.03922231393726458,-2.8418348,946415.1273298486,999208.7935052448,-1915508.1748962402
2025-09-15,221500.0,221500.0,215000.0,215000.0,1712249,0.0,0.0,현대차,005380.KS,-3.803131991051456,220200.0,219449.1484375,212852.27473958334,45.47768229950915,-0.038773385925960746,219603.24044528801,217727.54457305514,1875.695872232871,2381.9939005301394,-506.2980282972685,219449.1484375,223998.2054603201,214900.0914146799,4.145887149902247,223500.0,215000.0,-5500.0,140.60205067785608,3.5,2.783,2.71,4.19,1914605.2,4235818.7,2.9,116.38,116.38,2025-10-12 21:29:11,215000.0,217000.0,0.0,-0.020316027088036117,-0.03803131991051456,0.0057492426397613575,-0.03524142168081061,-0.04229816,216236.0871675487,207423.09433862573,205905.9002995491
2025-09-15,65000.0,65000.0,63700.0,64000.0,2370450,0.0,0.0,카카오,035720.KS,-2.2900763358778664,61780.0,62120.0,60563.333333333336,59.7594186369043,-0.023167059281534418,61582.58301662156,61221.51107198416,361.0719446373987,241.2840184118215,119.7879262255772,62120.0,67377.81623671191,56862.1837632881,16.927933794951397,65500.0,58500.0,2800.0,215.42883853976699,3.5,2.783,2.71,4.19,1914605.2,4235818.7,2.9,116.38,116.38,2025-10-12 21:29:11,62900.0,62100.0,-0.0171875,0.06153846153846154,-0.022900763358778664,0.006524201492242788,-0.0054050728709664,-0.07583817,64417.54889550354,63654.07533625815,59146.358489990234
2025-09-15,104800.0,105100.0,101300.0,101700.0,2334779,0.0,0.0,기아,000270.KS,-3.966005665722383,105140.0,105270.0,102513.33333333333,40.44390527038126,-0.04046794955284654,105166.77709029545,104611.10911287006,555.6679774253862,959.0220371260293,-403.3540597006431,105270.0,108223.74873321224,102316.25126678776,5.6117578288443815,107200.0,101700.0,-4800.0,296.92112924451556,3.5,2.783,2.71,4.19,1914605.2,4235818.7,2.9,116.38,116.38,2025-10-12 21:29:11,101400.0,100600.0,-0.0029498525073746312,-0.059813084112149535,-0.03966005665722383,0.008095083338916287,-0.030524891153794836,0.840852,102523.26997556777,98595.61856965907,187214.6506547928
2025-09-15,288500.0,301500.0,288500.0,293500.0,292193,0.0,0.0,LG화학,051910.KS,1.206896551724146,290700.0,283075.0,273858.3333333333,58.742123656669094,0.011996716287631506,285174.4142547539,282767.45596632286,2406.958288431051,1168.2479855214142,1238.710302909637,283075.0,299549.1424183766,266600.8575816234,11.639418824252639,293500.0,269500.0,22000.0,-7.060585177904965,3.5,2.783,2.71,4.19,1914605.2,4235818.7,2.9,116.38,116.38,2025-10-12 21:29:11,288000.0,279000.0,-0.018739352640545145,0.0035971223021582736,0.012068965517241459,0.0066121587204958695,0.00928857244873348,-0.027761977,295440.6685844656,296226.1960137033,285351.85423493385
2025-09-15,236000.0,236000.0,231500.0,234000.0,710904,0.0,0.0,NAVER,035420.KS,-0.8474576271186418,233500.0,225075.0,238116.66666666666,57.34120676660547,-0.00851068966790862,229504.00666151757,228260.42978245817,1243.576879059401,-782.7242217302676,2026.3011007896687,225075.0,237779.2263999718,212370.7736000282,11.288882727954515,236000.0,214500.0,18500.0,102.35760937779426,3.5,2.783,2.71,4.19,1914605.2,4235818.7,2.9,116.38,116.38,2025-10-12 21:29:11,235000.0,267500.0,0.004273504273504274,0.17841409691629956,-0.008474576271186418,0.0030219789054491443,-0.02635396561219359,-0.033114523,234707.1430638751,227833.1720467467,226251.19471549988
2025-09-15,285000.0,287000.0,283500.0,285000.0,201886,0.0,0.0,POSCO홀딩스,005490.KS,0.0,283900.0,288183.3734375,296385.99973958335,45.15205217415112,0.0,284787.76269694866,289123.17602036335,-4335.413323414687,-4525.9731617315165,190.55983831682988,288183.3734375,304878.32250749564,271488.4243675043,11.586337456498958,303500.0,276500.0,4000.0,54.10374730635268,3.5,2.783,2.71,4.19,1914605.2,4235818.7,2.9,116.38,116.38,2025-10-12 21:29:11,282000.0,263000.0,-0.010526315789473684,-0.07394366197183098,0.0,0.0021612623043376395,-0.014178645916913138,0.0061745,285615.95975673624,280959.0859136798,286759.7168684006
2025-09-16,76900.0,79500.0,76700.0,79400.0,28218265,0.0,0.0,삼성전자,005930.KS,3.790849673202623,75460.0,71460.0,67881.50774739584,77.88526708955449,0.03720762742059997,73449.46711417756,71528.5914035725,1920.8757106050616,1142.0591030189735,778.8166075860881,71460.0,77081.53753082876,65838.46246917124,15.733382398065384,79400.0,67600.0,10300.0,143.06452826068784,3.5,2.783,2.71,4.19,1914605.2,4235818.7,2.9,116.38,116.38,2025-10-12 21:29:11,78200.0,94400.0,-0.015113350125944584,0.3466476462196862,0.03790849673202623,0.006713036639687612,-0.025911961601117153,-0.16026355,79933.0151091912,77342.59024887129,66675.0750541687
2025-09-16,331500.0,354000.0,331500.0,348000.0,5841135,0.0,0.0,SK하이닉스,000660.KS,5.1359516616314105,323700.0,278464.4828125,275723.9765625,81.49906914190572,0.050084104397411344,302224.6525228125,285285.94066515734,16938.711857655144,8233.674574168726,8705.037283486417,278464.4828125,337605.703009044,219323.26261595596,42.47667034532795,348000.0,244646.640625,87500.0,516.6723739041429,3.5,2.783,2.71,4.19,1914605.2,4235818.7,2.9,116.38,116.38,2025-10-12 21:29:11,333500.0,428000.0,-0.041666666666666664,0.6120527306967984,0.051359516616314105,-0.08297635481025317,-0.1171411749353229,0.119117446,319124.2285260319,307234.8711225076,389452.88944244385
2025-09-16,357000.0,359000.0,346500.0,349500.0,293554,0.0,0.0,LG에너지솔루션,373220.KS,-1.6877637130801704,350200.0,357550.0,348358.3333333333,44.87896592525034,-0.017021687569430635,352551.0361090228,356564.33653720474,-4013.300428181945,-3079.5481643659696,-933.7522638159753,357550.0,383897.67541928263,331202.32458071737,14.737897032181587,381000.0,340500.0,-500.0,-30.792079207920796,3.5,2.783,2.71,4.19,1914605.2,4235818.7,2.9,116.38,116.38,2025-10-12 21:29:11,350000.0,359500.0,0.001430615164520744,0.024216524216524215,-0.016877637130801704,0.007491704519656689,0.08195505600519089,-0.018524384,352118.35072962,378143.29207381426,343025.7192850113
2025-09-16,1034000.0,1040000.0,1032000.0,1036000.0,49282,0.0,0.0,삼성바이오로직스,207940.KS,-0.38461538461538325,1036800.0,1022800.0,1033016.6666666666,53.62164506842578,-0.0038535693159899662,1030655.5825723502,1029178.9545193762,1476.6280529740034,-1917.664082056027,3394.2921350300303,1022800.0,1050902.0695997593,994697.9304002407,5.49512506839251,1041000.0,996000.0,39000.0,179.9457605089014,3.5,2.783,2.71,4.19,1914605.2,4235818.7,2.9,116.38,116.38,2025-10-12 21:29:11,1020000.0,1014000.0,-0.015444015444015444,-0.0029498525073746312,-0.0038461538461538325,-0.10581991309615829,-0.0350032225310308,-2.9457152,926370.5700323799,999736.6614578521,-2015760.9357833862
2025-09-16,216000.0,216500.0,215000.0,215000.0,492855,0.0,0.0,현대차,005380.KS,0.0,219400.0,219373.58046875,213115.4375,45.47768229950915,0.0,218895.04960755142,217525.50423431033,1369.545373241097,2179.504195072331,-809.9588218312342,219373.58046875,224171.5235789253,214575.63735857472,4.374221453579965,223500.0,215000.0,-5000.0,140.60205067785608,3.5,2.783,2.71,4.19,1914605.2,4235818.7,2.9,116.38,116.38,2025-10-12 21:29:11,216000.0,217000.0,0.004651162790697674,-0.020316027088036117,0.0,0.00017352670334505415,-0.04040297258887174,-0.030498642,215037.3082412192,206313.3608933926,208442.7958726883
2025-09-16,64600.0,64700.0,62600.0,62900.0,2130735,0.0,0.0,카카오,035720.KS,-1.7187500000000022,62440.0,62005.0,60485.0,55.53667484863186,-0.01733691965327704,61785.262552525935,61345.843585170514,439.41896735542105,280.91100820054146,158.5079591548796,62005.0,67076.47855530576,56933.52144469425,16.358289026064853,65500.0,58500.0,3600.0,210.00740537736476,3.5,2.783,2.71,4.19,1914605.2,4235818.7,2.9,116.38,116.38,2025-10-12 21:29:11,62500.0,62100.0,-0.006359300476947536,0.06153846153846154,-0.017187500000000022,0.006342751518198473,-0.007475926884641394,0.15520376,63298.95907049468,62429.76419895606,72662.32023239136
2025-09-16,101700.0,101900.0,100500.0,101400.0,1317017,0.0,0.0,기아,000270.KS,-0.2949852507374673,104320.0,105140.0,102605.0,39.64643493820201,-0.00295421189743152,104587.27292255769,104373.2491785834,214.0237439742923,810.022378495682,-595.9986345213897,105140.0,108526.2881401952,101753.7118598048,6.441484002653993,107200.0,101400.0,-5800.0,295.75027045618367,3.5,2.783,2.71,4.19,1914605.2,4235818.7,2.9,116.38,116.38,2025-10-12 21:29:11,101000.0,100600.0,-0.0039447731755424065,-0.059813084112149535,-0.002949852507374673,0.004403262428499126,-0.027061152743848106,0.9473706,101846.4908102498,98655.9991117738,197463.3716583252
2025-09-16,295000.0,300500.0,286500.0,288000.0,320132,0.0,0.0,LG화학,051910.KS,-1.873935264054516,289700.0,283600.0,275283.3333333333,54.00462829154806,-0.018917159132205225,285609.11975402257,283155.0518206693,2454.067933353246,1425.4119750877808,1028.6559582654654,283600.0,299995.1212255325,267204.8787744675,11.562144728866357,293500.0,269500.0,18500.0,-8.802209646462112,3.5,2.783,2.71,4.19,1914605.2,4235818.7,2.9,116.38,116.38,2025-10-12 21:29:11,292000.0,279000.0,0.013888888888888888,0.0035971223021582736,-0.01873935264054516,0.010210682699836162,0.007880600099879058,-0.029388474,290940.6766175528,290269.6128287652,279536.1156463623
2025-09-16,239500.0,241000.0,234500.0,235000.0,923864,0.0,0.0,NAVER,035420.KS,0.42735042735042583,234300.0,225550.0,237200.0,58.40964828059445,0.004264398786457518,230349.54409820717,228759.6572059798,1589.8868922273687,-308.2019989387404,1898.088891166109,225550.0,239009.09983697796,212090.90016302204,11.934471147841236,236000.0,214500.0,10000.0,103.22238548624637,3.5,2.783,2.71,4.19,1914605.2,4235818.7,2.9,116.38,116.38,2025-10-12 21:29:11,233500.0,267500.0,-0.006382978723404255,0.17841409691629956,0.004273504273504258,0.000999277553457026,-0.03079501126460262,-0.034344308,235234.8302250624,227763.1723528184,226929.08585071564
2025-09-16,285500.0,288000.0,282000.0,282000.0,260808,0.0,0.0,POSCO홀딩스,005490.KS,-1.0526315789473717,283500.0,287306.7390625,296895.5177083333,42.30182107064749,-0.010582109330536972,284358.87612818734,288595.5333521883,-4236.6572240009555,-4468.109974185405,231.45275018444954,287306.7390625,303319.78448090144,271293.6936440986,11.14700300497858,303500.0,276500.0,2000.0,52.48160259786474,3.5,2.783,2.71,4.19,1914605.2,4235818.7,2.9,116.38,116.38,2025-10-12 21:29:11,283500.0,263000.0,0.005319148936170213,-0.07394366197183098,-0.010526315789473717,0.0080840090891242,-0.014096958594508406,0.0027574191,284279.690563133,278024.65767634864,282777.59528160095
2025-09-17,79100.0,79100.0,77100.0,78200.0,20856317,0.0,0.0,삼성전자,005930.KS,-1.5113350125944613,76580.0,71845.0,68182.6548828125,71.85933221478473,-0.01522872070182467,74180.31832738101,72022.76981812269,2157.548509258326,1345.156984266844,812.3915249914819,71845.0,78196.94955567861,65493.05044432139,17.68237053567712,79400.0,67600.0,8400.0,139.39100894188653,3.5,2.783,2.71,4.19,1914605.2,4235818.7,2.9,116.38,116.38,2025-10-12 21:29:11,80300.0,94400.0,0.026854219948849106,0.3466476462196862,-0.015113350125944613,0.006938509741459292,-0.022175886635098292,-0.16338138,78742.59146178213,76465.84566513532,65423.574697971344
2025-09-17,341000.0,342500.0,333500.0,333500.0,4498866,0.0,0.0,SK하이닉스,000660.KS,-4.1666666666666625,329600.0,282382.90859375,276647.3380208333,71.23400652338648,-0.04255961441879589,307036.2444423798,288857.35246773827,18178.891974641534,10222.718054263289,7956.173920378245,282382.90859375,345280.3134001312,219485.50378736874,44.547600362646975,348000.0,244646.640625,71000.0,490.97769165813696,3.5,2.783,2.71,4.19,1914605.2,4235818.7,2.9,116.38,116.38,2025-10-12 21:29:11,355500.0,428000.0,0.06596701649175413,0.6120527306967984,-0.04166666666666663,-0.03523697783181569,-0.12291809629270023,0.35990626,321748.46789308946,292506.81488638447,453528.71656417847
2025-09-17,351000.0,356000.0,348000.0,350000.0,184541,0.0,0.0,LG에너지솔루션,373220.KS,0.14306151645206988,352100.0,356175.0,349183.3333333333,45.275337432097245,0.0014295928095943715,352158.569015327,356078.08938630065,-3919.5203709736234,-3247.5426056875003,-671.977765286123,356175.0,380963.10198461893,331386.89801538107,13.919057757910538,381000.0,340500.0,1500.0,-30.6930693069307,3.5,2.783,2.71,4.19,1914605.2,4235818.7,2.9,116.38,116.38,2025-10-12 21:29:11,350500.0,359500.0,0.0014285714285714286,0.024216524216524215,0.0014306151645206988,0.0034746997295684746,0.07300399341135508,-0.023350967,351216.14490534895,375551.3976939743,341827.16608047485
2025-09-17,1029000.0,1034000.0,1019000.0,1020000.0,72067,0.0,0.0,삼성바이오로직스,207940.KS,-1.5444015444015413,1034000.0,1022850.0,1033283.3333333334,45.76994704582596,-0.015564516541111573,1029016.262176604,1028499.0319623853,517.2302142187255,-1430.6852228010766,1947.915437019802,1022850.0,1050927.149352983,994772.8506470169,5.489983742089867,1041000.0,996000.0,8000.0,175.62227386011529,3.5,2.783,2.71,4.19,1914605.2,4235818.7,2.9,116.38,116.38,2025-10-12 21:29:11,1021000.0,1014000.0,0.000980392156862745,-0.0029498525073746312,-0.015444015444015413,-0.08058868888760483,-0.02607313174546844,-2.9138882,937799.5373346431,993405.4056196222,-1952165.9803390503
2025-09-17,216000.0,216500.0,215000.0,216000.0,412548,0.0,0.0,현대차,005380.KS,0.46511627906977715,218500.0,219273.8640625,213321.11927083333,47.46981989881513,0.004640379556502301,218449.6573602358,217412.5039206577,1037.1534395781055,1951.0340439734862,-913.8806043953807,219273.8640625,224271.25426219756,214276.47386280246,4.558126634073574,223500.0,215000.0,-5500.0,141.7211299833345,3.5,2.783,2.71,4.19,1914605.2,4235818.7,2.9,116.38,116.38,2025-10-12 21:29:11,216500.0,217000.0,0.0023148148148148147,-0.020316027088036117,0.0046511627906977715,0.00017352670334505415,-0.038775596933835324,-0.018310029,216037.48176792255,207624.47106229156,212045.03774642944
2025-09-17,63000.0,63300.0,62400.0,62500.0,992359,0.0,0.0,카카오,035720.KS,-0.6359300476947549,62960.0,61865.0,60353.333333333336,54.041246144934206,-0.00637960696403904,61895.22215982964,61431.33665293566,463.8855068939811,317.5059079392294,146.37959895475166,61865.0,66702.69192466603,57027.308075333975,15.639511596754305,65500.0,58500.0,3600.0,208.0359751364912,3.5,2.783,2.71,4.19,1914605.2,4235818.7,2.9,116.38,116.38,2025-10-12 21:29:11,64700.0,62100.0,0.0352,0.06153846153846154,-0.006359300476947549,0.006342751518198473,-0.007475926884641394,0.0905739,62896.4219698874,62032.75456970991,68160.86918115616
2025-09-17,101200.0,101500.0,100500.0,101000.0,1005177,0.0,0.0,기아,000270.KS,-0.39447731755424265,103320.0,104935.0,102673.33333333333,38.55483446921504,-0.003952574315823358,104035.38478062573,104123.3788690587,-87.99408843296987,630.4190851099517,-718.4131735429215,104935.0,108794.7927405504,101075.2072594496,7.356540221185308,107200.0,101000.0,-6000.0,294.18912540507444,3.5,2.783,2.71,4.19,1914605.2,4235818.7,2.9,116.38,116.38,2025-10-12 21:29:11,102000.0,100600.0,0.009900990099009901,-0.059813084112149535,-0.0039447731755424265,0.00216704357520831,-0.02641295446910569,0.7733886,101218.87140109604,98332.29159862032,179112.2510433197
2025-09-17,289500.0,294500.0,287500.0,292000.0,142980,0.0,0.0,LG화학,051910.KS,1.388888888888884,290700.0,284025.0,276633.3333333333,56.737343202132514,0.01379332213233577,286592.33209955756,283810.2331672864,2782.098932271183,1696.7493665244613,1085.3495657467217,284025.0,300844.3966973571,267205.6033026429,11.843602990833288,293500.0,269500.0,22000.0,-7.535573669329631,3.5,2.783,2.71,4.19,1914605.2,4235818.7,2.9,116.38,116.38,2025-10-12 21:29:11,300000.0,279000.0,0.0273972602739726,0.0035971223021582736,0.01388888888888884,0.0066121587204958695,0.007465676302687624,-0.030009577,293930.7503463848,294179.9774803848,283237.20622062683
2025-09-17,233500.0,235000.0,229500.0,233500.0,2083776,0.0,0.0,NAVER,035420.KS,-0.6382978723404209,234300.0,226150.0,236250.0,56.13833189155482,-0.006403437035206913,230834.2296215599,229110.79370924056,1723.4359123193426,98.12558331287622,1625.3103290064664,226150.0,239915.32638650472,212384.67361349528,12.173624927264841,236000.0,214500.0,12500.0,101.92522132356822,3.5,2.783,2.71,4.19,1914605.2,4235818.7,2.9,116.38,116.38,2025-10-12 21:29:11,236750.0,267500.0,0.013918629550321198,0.17841409691629956,-0.006382978723404209,0.005747887129201164,-0.029202813448843727,-0.031632885,234842.13164466847,226681.143059695,226113.71779441833
2025-09-17,283000.0,286000.0,281500.0,283500.0,206125,0.0,0.0,POSCO홀딩스,005490.KS,0.5319148936170137,283400.0,286653.8796875,297272.99609375,44.198539376596344,0.005305052229693098,284226.74133923545,288218.0864372114,-3991.345097975922,-4372.756998943509,381.4119009675869,286653.8796875,302134.7994935104,271172.95988148963,10.801123517244655,303500.0,276500.0,3500.0,53.29267495210872,3.5,2.783,2.71,4.19,1914605.2,4235818.7,2.9,116.38,116.38,2025-10-12 21:29:11,283500.0,263000.0,0.0,-0.07394366197183098,0.005319148936170137,0.007566292533731599,-0.014401093112300728,0.0005216716,285645.04393331293,279417.29010266275,283647.89056777954
2025-09-18,79100.0,80500.0,78600.0,80300.0,25619035,0.0,0.0,삼성전자,005930.KS,2.6854219948849067,77960.0,72330.0,68505.55,75.44040431563705,0.026499973401450556,75121.80781547623,72635.89797974323,2485.9098357330076,1573.3075545600768,912.6022811729308,72330.0,79683.93915208874,64976.06084791125,20.334409379479464,80300.0,67600.0,10200.0,145.81966774978886,3.5,2.783,2.71,4.19,1914605.2,4235818.7,2.9,116.38,116.38,2025-10-12 21:29:11,83500.0,94400.0,0.039850560398505604,0.3466476462196862,0.026854219948849067,0.010516575102243613,-0.030186600480685388,-0.1714407,81144.48098071016,77876.01598140095,66533.31013917923
2025-09-18,338500.0,357000.0,336500.0,355500.0,4526286,0.0,0.0,SK하이닉스,000660.KS,6.596701649175407,339300.0,287925.5765625,277812.54635416664,76.1436721089778,0.0638823838876171,314492.20683585986,293793.8448775354,20698.361958324444,12317.846835075521,8380.515123248922,287925.5765625,356134.32202015497,219716.83110484498,47.37942788687891,355500.0,250637.984375,90000.0,529.9627267900081,3.5,2.783,2.71,4.19,1914605.2,4235818.7,2.9,116.38,116.38,2025-10-12 21:29:11,351000.0,428000.0,-0.012658227848101266,0.6120527306967984,0.06596701649175407,-0.09003317340529153,-0.13071814654377015,0.5137858,323493.20685441885,309029.69890368974,538150.8657932281
2025-09-18,351500.0,354500.0,347000.0,350500.0,173795,0.0,0.0,LG에너지솔루션,373220.KS,0.14285714285713347,352200.0,355075.0,350058.3333333333,45.695872863283306,0.0014275519911853237,351903.40455143055,355664.897579908,-3761.4930284774746,-3350.3326902454955,-411.16033823197904,355075.0,378739.9307492815,331410.0692507185,13.329539251865935,381000.0,340500.0,-500.0,-30.594059405940598,3.5,2.783,2.71,4.19,1914605.2,4235818.7,2.9,116.38,116.38,2025-10-12 21:29:11,349000.0,359500.0,-0.0042796005706134095,0.024216524216524215,0.0014285714285713347,0.007470126957589217,0.06605743279339783,-0.022014411,353118.27949863503,373653.13019408594,342783.93909335136
2025-09-18,1023000.0,1030000.0,1018000.0,1021000.0,51269,0.0,0.0,삼성바이오로직스,207940.KS,0.09803921568627416,1031000.0,1023050.0,1033566.6666666666,46.2992067820623,0.000979911886348787,1027782.9910725111,1027943.5481133198,-160.55704080872238,-1176.6595864026058,1016.1025455938834,1023050.0,1051008.4277850306,995091.5722149693,5.465701145600043,1041000.0,996000.0,4000.0,175.89249177566438,3.5,2.783,2.71,4.19,1914605.2,4235818.7,2.9,116.38,116.38,2025-10-12 21:29:11,1026000.0,1014000.0,0.004897159647404506,-0.0029498525073746312,0.0009803921568627416,-0.07976825074909481,-0.02033160585236379,-2.5652971,939556.6159851742,1000241.4304247366,-1598168.36643219
2025-09-18,216500.0,218500.0,215000.0,216500.0,652885,0.0,0.0,현대차,005380.KS,0.23148148148148806,217200.0,219149.71640625,213353.884375,48.48337442928483,0.0023121397583796004,218149.7100740457,217344.911037646,804.7990363996942,1721.787042458728,-916.9880060590338,219149.71640625,224298.60502809496,214000.82778440503,4.698969002816487,223500.0,215000.0,-5000.0,142.28066963607367,3.5,2.783,2.71,4.19,1914605.2,4235818.7,2.9,116.38,116.38,2025-10-12 21:29:11,218000.0,217000.0,0.006928406466512702,-0.020316027088036117,0.0023148148148148806,0.005114373788205471,-0.036224927949594615,-0.016534764,217607.2619251465,208657.30309891276,212920.22755742073
2025-09-18,63200.0,65100.0,62900.0,64700.0,2541491,0.0,0.0,카카오,035720.KS,3.51999999999999,63920.0,61900.0,60275.0,60.362954883079084,0.034594644764498965,62326.72644293277,61673.45986382931,653.2665791034597,384.6580421720755,268.60853693138415,61900.0,66812.28320802798,56987.71679197202,15.871674339347258,65500.0,58500.0,6200.0,218.8788414612957,3.5,2.783,2.71,4.19,1914605.2,4235818.7,2.9,116.38,116.38,2025-10-12 21:29:11,66400.0,62100.0,0.02627511591962906,0.06153846153846154,0.0351999999999999,0.004526852662676072,-0.01373976722907511,0.007887487,64992.88736727514,63811.03706027884,65210.320127010345
2025-09-18,101500.0,102200.0,101100.0,102000.0,1143276,0.0,0.0,기아,000270.KS,0.990099009900991,102400.0,104840.0,102688.33333333333,42.7953221765051,0.00985229644301164,103722.24866052945,103966.09154542472,-243.8428848952608,455.5666911089092,-699.40957600417,104840.0,108895.6133938044,100784.3866061956,7.736767252583733,107200.0,101000.0,-5000.0,298.09198803284744,3.5,2.783,2.71,4.19,1914605.2,4235818.7,2.9,116.38,116.38,2025-10-12 21:29:11,101900.0,100600.0,-0.000980392156862745,-0.059813084112149535,0.00990099009900991,0.0014070832155882345,-0.024738290792694767,0.8115543,102143.52248798999,99476.69433914514,184778.53989601135
2025-09-18,293500.0,306500.0,289500.0,300000.0,301884,0.0,0.0,LG화학,051910.KS,2.7397260273972712,292700.0,284375.0,278091.6666666667,61.64542755773068,0.02702867238791942,288655.0502380872,285009.4751548948,3645.5750831923797,2086.514509858045,1559.0605733343345,284375.0,302239.622493689,266510.377506311,12.56413010545161,300000.0,269500.0,22000.0,-5.002301715064695,3.5,2.783,2.71,4.19,1914605.2,4235818.7,2.9,116.38,116.38,2025-10-12 21:29:11,295000.0,279000.0,-0.016666666666666666,0.0035971223021582736,0.027397260273972712,0.007660365083250548,0.00820802918824559,-0.028401837,302298.1095249752,302462.4087564737,291479.4445037842
2025-09-18,235000.0,238500.0,233500.0,236750.0,1004507,0.0,0.0,NAVER,035420.KS,1.3918629550321304,235050.0,226837.5,235470.83333333334,59.787014958269076,0.013822654957235727,231744.34814131993,229676.6608418894,2067.687299430545,492.03792653640994,1575.649372894135,226837.5,241296.40273920324,212378.59726079676,12.74824730408618,236750.0,214500.0,9750.0,104.73574367603757,3.5,2.783,2.71,4.19,1914605.2,4235818.7,2.9,116.38,116.38,2025-10-12 21:29:11,232000.0,267500.0,-0.02006335797254488,0.17841409691629956,0.013918629550321304,0.003001796439099464,-0.031015387397933556,-0.032195147,237460.67530695678,229407.10703353924,229127.79803574085
2025-09-18,283000.0,285000.0,281500.0,283500.0,235997,0.0,0.0,POSCO홀딩스,005490.KS,0.0,283800.0,285827.45,297543.02630208334,44.198539376596344,0.0,284114.93497935304,287868.5985529735,-3753.6635736204335,-4248.938313878894,495.27474025846095,285827.45,300012.57141908625,271642.3285809138,9.92565369007507,303500.0,276500.0,-500.0,53.29267495210872,3.5,2.783,2.71,4.19,1914605.2,4235818.7,2.9,116.38,116.38,2025-10-12 21:29:11,280500.0,263000.0,-0.010582010582010581,-0.07394366197183098,0.0,0.005108098468391614,-0.012253719975257074,0.0010156247,284948.145915789,280026.07038701465,283787.94050216675
2025-09-22,81500.0,84000.0,81100.0,83500.0,27529656,0.0,0.0,삼성전자,005930.KS,3.985056039850554,79580.0,72935.0,68900.0,79.68317753225816,0.03907701090409375,76410.76045924913,73440.64627754003,2970.1141817090975,1852.6688799898811,1117.4453017192163,72935.0,81802.03534387157,64067.96465612844,24.314897768894397,83500.0,67600.0,14000.0,155.61571926659238,3.5,2.783,2.71,4.19,1914605.2,4235818.7,2.9,116.38,116.38,2025-10-12 21:29:11,84700.0,94400.0,0.01437125748502994,0.3466476462196862,0.03985056039850554,0.003207718530045668,-0.02339765351021001,-0.17210476,83767.84449725882,81546.29593189746,69129.25121188164
2025-09-22,349000.0,359000.0,345250.0,351000.0,4377563,0.0,0.0,SK하이닉스,000660.KS,-1.2658227848101222,343800.0,292943.67734375,278786.25625,73.3846677733329,-0.012739025777429714,320108.79039957374,298031.33784956986,22077.452550003887,14269.767978061194,7807.684571942693,292943.67734375,364296.68885711476,221590.6658303853,48.71449157759886,355500.0,256000.0,77500.0,521.988515058489,3.5,2.783,2.71,4.19,1914605.2,4235818.7,2.9,116.38,116.38,2025-10-12 21:29:11,361000.0,428000.0,0.02849002849002849,0.6120527306967984,-0.012658227848101222,-0.07192419055370647,-0.12968217618547978,0.5551429,325754.609115649,305481.5561588966,545855.1506996155
2025-09-22,350000.0,355000.0,348000.0,349000.0,137479,0.0,0.0,LG에너지솔루션,373220.KS,-0.42796005706133844,350900.0,354150.0,350925.0,44.58886214055077,-0.0042887842722175926,351456.7269281335,355171.2014628778,-3714.4745347442804,-3423.1610591452527,-291.3134755990277,354150.0,377208.50682160433,331091.49317839567,13.021887235128805,381000.0,340500.0,6000.0,-30.891089108910897,3.5,2.783,2.71,4.19,1914605.2,4235818.7,2.9,116.38,116.38,2025-10-12 21:29:11,357000.0,359500.0,0.022922636103151862,0.024216524216524215,-0.004279600570613384,0.005787295498217104,0.06736648140074974,-0.023686558,351019.7661288778,372510.90200886165,340733.4016561508
2025-09-22,1026000.0,1031000.0,1017000.0,1026000.0,51488,0.0,0.0,삼성바이오로직스,207940.KS,0.48971596474045587,1028600.0,1022850.0,1034016.6666666666,48.98035573043648,0.004885207566049341,1027508.6847536633,1027799.5815864073,-290.89683274400886,-999.5070356708865,708.6102029268776,1022850.0,1050655.9062260678,995044.0937739322,5.436947006123636,1041000.0,996000.0,-4000.0,177.24358135341006,3.5,2.783,2.71,4.19,1914605.2,4235818.7,2.9,116.38,116.38,2025-10-12 21:29:11,1036000.0,1014000.0,0.009746588693957114,-0.0029498525073746312,0.004897159647404559,-0.07765259871056873,-0.024092155755006568,-2.4632134,946328.4337229565,1001281.4481953633,-1501256.9932937622
2025-09-22,215000.0,219000.0,214500.0,218000.0,499195,0.0,0.0,현대차,005380.KS,0.6928406466512715,216100.0,219174.71640625,213535.22890625,51.50631333141507,0.006904515346544486,218126.67775496174,217393.43614596853,733.2416089932085,1524.0779557656242,-790.8363467724157,219174.71640625,224294.65247255584,214054.78033994415,4.672013405794325,223500.0,215000.0,-2000.0,143.95928859429125,3.5,2.783,2.71,4.19,1914605.2,4235818.7,2.9,116.38,116.38,2025-10-12 21:29:11,219000.0,217000.0,0.0045871559633027525,-0.020316027088036117,0.006928406466512715,-0.005464365329658885,-0.036224927949594615,-0.016701635,216808.76835813437,210102.96570698835,214359.04276371002
2025-09-22,67500.0,67600.0,65600.0,66400.0,2276896,0.0,0.0,카카오,035720.KS,2.6275115919629055,64100.0,62040.0,60330.0,64.43405274418666,0.025935854975533284,62953.38391325081,62023.5739479901,929.8099652607052,493.6884267898015,436.1215384709037,62040.0,67303.3389442624,56776.6610557376,16.967565906713098,66400.0,58500.0,7900.0,227.25741998500828,3.5,2.783,2.71,4.19,1914605.2,4235818.7,2.9,116.38,116.38,2025-10-12 21:29:11,63300.0,62100.0,-0.046686746987951805,0.06153846153846154,0.026275115919629055,-0.01933137197908525,-0.02626159517839459,-0.016997961,65116.396900588734,64656.2300801546,65271.33722305298
2025-09-22,101500.0,102500.0,101200.0,101900.0,737975,0.0,0.0,기아,000270.KS,-0.09803921568627416,101600.0,104695.0,102735.0,42.47960858419635,-0.000980873055591948,103441.90271275569,103813.04772724511,-371.1450144894188,290.2243499892436,-661.3693644786624,104695.0,108958.66533692184,100431.33466307816,8.144926380289107,107200.0,101000.0,-4700.0,297.7017017700702,3.5,2.783,2.71,4.19,1914605.2,4235818.7,2.9,116.38,116.38,2025-10-12 21:29:11,102800.0,100600.0,0.008832188420019628,-0.059813084112149535,-0.0009803921568627416,0.0025980692052681733,-0.02429898548669679,0.81016386,102164.74325201684,99423.9333789056,184455.6968808174
2025-09-22,293500.0,302000.0,293000.0,295000.0,159506,0.0,0.0,LG화학,051910.KS,-1.6666666666666718,293700.0,284750.0,279408.3333333333,57.27215020454484,-0.01680711831638129,289631.19635530456,285749.51403231,3881.682322994573,2445.548072485351,1436.134250509222,284750.0,303196.2234046607,266303.7765953393,12.956083163940793,300000.0,269500.0,20500.0,-6.585596686480288,3.5,2.783,2.71,4.19,1914605.2,4235818.7,2.9,116.38,116.38,2025-10-12 21:29:11,298500.0,279000.0,0.011864406779661017,0.0035971223021582736,-0.01666666666666672,0.01047678418911407,0.006015351892855912,-0.031420477,298090.65133578866,296774.52880839247,285730.961561203
2025-09-22,234000.0,235000.0,229000.0,232000.0,1004689,0.0,0.0,NAVER,035420.KS,-2.006335797254488,234250.0,227337.5,234987.5,52.865258861176684,-0.020267360399877674,231783.67919650147,229848.76003878645,1934.9191577150195,780.614172772132,1154.3049849428876,227337.5,241783.65683734283,212891.34316265717,12.708995953015082,236750.0,214500.0,3000.0,100.62805716089005,3.5,2.783,2.71,4.19,1914605.2,4235818.7,2.9,116.38,116.38,2025-10-12 21:29:11,231000.0,267500.0,-0.004310344827586207,0.17841409691629956,-0.020063357972544882,0.0005268599576934125,-0.029140246088210597,-0.032077927,232122.23151018485,225239.46290753514,224557.9252243042
2025-09-22,283000.0,283000.0,278500.0,280500.0,244009,0.0,0.0,POSCO홀딩스,005490.KS,-1.0582010582010581,282900.0,284975.0,297796.11744791665,41.06716619502976,-0.010638398205055754,283558.7911363756,287322.7764379384,-3763.9853015627596,-4151.947711415668,387.9624098529084,284975.0,298211.6119055208,271738.3880944792,9.289665342939402,303500.0,276500.0,4000.0,51.67053024362078,3.5,2.783,2.71,4.19,1914605.2,4235818.7,2.9,116.38,116.38,2025-10-12 21:29:11,278500.0,263000.0,-0.0071301247771836,-0.07394366197183098,-0.010582010582010581,0.00994614078952624,-0.015776653840885717,-0.0019746744,283289.8924914621,276074.64859763155,279946.09612226486
2025-09-23,85800.0,85900.0,83600.0,84700.0,23610263,0.0,0.0,삼성전자,005930.KS,1.4371257485029876,81220.0,73595.0,69298.33333333333,81.00816418650375,0.014268969801198848,77686.02808090311,74274.67247920373,3411.3556016993825,2164.4062243317817,1246.9493773676008,73595.0,83866.16044281759,63323.839557182415,27.91265831324842,84700.0,67600.0,14600.0,159.28923858539372,3.5,2.783,2.71,4.19,1914605.2,4235818.7,2.9,116.38,116.38,2025-10-12 21:29:11,85400.0,94400.0,0.008264462809917356,0.3466476462196862,0.014371257485029876,0.00657400568001838,-0.02424065184244127,-0.17262423,85256.81828109756,82646.81678894522,70078.72768640518
2025-09-23,355500.0,363000.0,353000.0,361000.0,3315336,0.0,0.0,SK하이닉스,000660.KS,2.8490028490028463,349800.0,298037.39140625,280076.4166666667,75.50843661041263,0.028091734867015085,326399.74572271627,302695.68319404614,23704.062528670125,16156.626888182982,7547.435640487143,298037.39140625,373643.7660583472,222431.0167541528,50.736167227446536,361000.0,256000.0,84000.0,539.7089855729758,3.5,2.783,2.71,4.19,1914605.2,4235818.7,2.9,116.38,116.38,2025-10-12 21:29:11,357500.0,428000.0,-0.009695290858725761,0.6120527306967984,0.028490028490028463,-0.10121267487935584,-0.13427779060535022,0.6969291,324462.22436855256,312525.71759146854,612591.4040803909
2025-09-23,348500.0,357000.0,347000.0,357000.0,177389,0.0,0.0,LG에너지솔루션,373220.KS,2.2922636103151817,351200.0,353000.0,352075.0,51.35712883074929,0.02266385957721187,352309.53816995915,355306.66802118317,-2997.1298512240173,-3337.9548175610057,340.8249663369884,353000.0,372676.328283923,333323.671716077,11.148061350664577,381000.0,340500.0,13500.0,-29.30693069306931,3.5,2.783,2.71,4.19,1914605.2,4235818.7,2.9,116.38,116.38,2025-10-12 21:29:11,348000.0,359500.0,-0.025210084033613446,0.024216524216524215,0.022922636103151817,0.004914522491102931,0.08923036677998747,-0.023494905,358754.48452932376,388855.2409404555,348612.320959568
2025-09-23,1021000.0,1047000.0,1021000.0,1036000.0,82937,0.0,0.0,삼성바이오로직스,207940.KS,0.974658869395717,1027800.0,1023150.0,1034683.3333333334,53.93410924074042,0.009699397088713578,1028815.0409454074,1028407.0199874141,408.02095799322706,-718.0014369380638,1126.0223949312908,1023150.0,1051406.5316156745,994893.4683843254,5.523438716840063,1041000.0,996000.0,5000.0,179.9457605089014,3.5,2.783,2.71,4.19,1914605.2,4235818.7,2.9,116.38,116.38,2025-10-12 21:29:11,1046000.0,1014000.0,0.009652509652509652,-0.0029498525073746312,0.00974658869395717,-0.0906251933455874,-0.03391070999828195,-2.4498272,942112.2996939715,1000868.5044417799,-1502020.9732055664
2025-09-23,217500.0,220000.0,217500.0,219000.0,473760,0.0,0.0,현대차,005380.KS,0.4587155963302836,216900.0,219150.85234375,213807.38802083334,53.466689161100305,0.0045766670274118935,218261.03502342917,217512.44087589678,748.5941475323925,1368.9811941189778,-620.3870465865853,219150.85234375,224269.29949216673,214032.4051953333,4.6711633504287295,223500.0,215000.0,500.0,145.07836789976966,3.5,2.783,2.71,4.19,1914605.2,4235818.7,2.9,116.38,116.38,2025-10-12 21:29:11,217500.0,217000.0,-0.00684931506849315,-0.020316027088036117,0.004587155963302836,-0.005882086516906583,-0.02361352764399653,-0.01829039,217711.82305279747,213828.63744596476,214994.40228939056
2025-09-23,66700.0,66700.0,62600.0,63300.0,4850268,0.0,0.0,카카오,035720.KS,-4.668674698795183,63960.0,61970.0,60370.0,53.61904568980411,-0.04781172733225769,63006.709465058375,62118.12402591676,888.5854391416142,572.6678292601641,315.91760988145006,61970.0,67120.41132747564,56819.58867252436,16.622273124013677,66400.0,58500.0,4100.0,211.9788356182383,3.5,2.783,2.71,4.19,1914605.2,4235818.7,2.9,116.38,116.38,2025-10-12 21:29:11,62800.0,62100.0,-0.007898894154818325,0.06153846153846154,-0.04668674698795183,0.01241776968114693,-0.007525947012260944,0.097779535,64086.0448208166,62823.60755412388,69489.44313526154
2025-09-23,101300.0,102900.0,101300.0,102800.0,597793,0.0,0.0,기아,000270.KS,0.8832188420019538,101820.0,104600.0,102820.0,46.31802970082161,0.008793412792385515,103343.1484492548,103738.00715485659,-394.8587056017859,153.2077388710377,-548.0664444728236,104600.0,108947.04981628561,100252.95018371439,8.311758730947627,107200.0,101000.0,-2100.0,301.21427813506585,3.5,2.783,2.71,4.19,1914605.2,4235818.7,2.9,116.38,116.38,2025-10-12 21:29:11,103000.0,100600.0,0.0019455252918287938,-0.059813084112149535,0.008832188420019538,-0.0011698400098493391,-0.02417017765690011,0.91675436,102679.74044698749,100315.30573687066,197042.3487186432
2025-09-23,295000.0,300500.0,293000.0,298500.0,157221,0.0,0.0,LG화학,051910.KS,1.186440677966094,294700.0,285050.0,280900.0,59.44122109848557,0.011794576492836877,290995.6276852577,286693.9944743611,4301.633210896573,2816.7651001675954,1484.8681107289772,285050.0,304208.342967571,265891.657032429,13.442092943393083,300000.0,269500.0,23000.0,-5.477290206489371,3.5,2.783,2.71,4.19,1914605.2,4235818.7,2.9,116.38,116.38,2025-10-12 21:29:11,286000.0,279000.0,-0.04187604690117253,0.0035971223021582736,0.011864406779660941,0.006104165616441665,0.017160622836075258,-0.03539093,300322.0934365078,303622.44591656845,287935.8123242855
2025-09-23,232000.0,235500.0,230000.0,231000.0,735957,0.0,0.0,NAVER,035420.KS,-0.4310344827586188,233650.0,227612.5,234545.83333333334,51.51312893460888,-0.004319661144516396,231663.11316627046,229934.0370729504,1729.0760933200654,970.3065568817187,758.7695364383467,227612.5,242120.64199721013,213104.35800278987,12.748106538270198,236750.0,214500.0,3000.0,99.76328105243792,3.5,2.783,2.71,4.19,1914605.2,4235818.7,2.9,116.38,116.38,2025-10-12 21:29:11,228000.0,267500.0,-0.012987012987012988,0.17841409691629956,-0.004310344827586188,0.006464025693116077,-0.029320871656065013,-0.029674582,232493.1899351098,224226.878647449,224145.16979455948
2025-09-23,278000.0,279000.0,276000.0,278500.0,202247,0.0,0.0,POSCO홀딩스,005490.KS,-0.7130124777183555,281600.0,283725.0,298139.85390625,39.07938727636222,-0.007155665595412248,282780.5155769332,286669.2374425355,-3888.7218656023033,-4099.302542252995,210.5806766506921,283725.0,293982.0899741287,273467.9100258713,7.23030397330422,298500.0,276500.0,-1000.0,50.589100437962166,3.5,2.783,2.71,4.19,1914605.2,4235818.7,2.9,116.38,116.38,2025-10-12 21:29:11,276500.0,263000.0,-0.00718132854578097,-0.07394366197183098,-0.007130124777183555,0.0029994223215050898,-0.011677185376952861,-0.002248789,279335.33911653917,275247.9038725186,277873.71921539307
2025-09-24,84200.0,85500.0,83700.0,85400.0,18300997,0.0,0.0,삼성전자,005930.KS,0.8264462809917328,82420.0,74350.0,69725.0,81.75562129097656,0.008230499136515444,78872.79299153341,75098.77081407752,3774.0221774558886,2486.329414956603,1287.6927624992854,74350.0,85758.30722255532,62941.692777444674,30.688116267801806,85400.0,67600.0,13900.0,161.4321248546945,3.5,2.783,2.71,4.19,1914605.2,4235818.7,2.9,116.38,116.38,2025-10-12 21:29:11,86100.0,94400.0,0.00819672131147541,0.3466476462196862,0.008264462809917328,-0.0021992313730177684,-0.0274007778155424,-0.17662098,85212.18564074428,83059.97357455269,70316.56999588013
2025-09-24,359000.0,364000.0,348500.0,357500.0,4165199,0.0,0.0,SK하이닉스,000660.KS,-0.969529085872578,351700.0,302856.25,281175.10260416666,73.30371349169066,-0.009742596198818593,331184.40022691374,306755.2622167094,24429.138010204362,17811.12911258726,6618.008897617103,302856.25,380805.2580876157,224907.24191238426,51.47591181467494,361000.0,256000.0,69500.0,533.5068208929055,3.5,2.783,2.71,4.19,1914605.2,4235818.7,2.9,116.38,116.38,2025-10-12 21:29:11,356500.0,428000.0,-0.002797202797202797,0.6120527306967984,-0.00969529085872578,-0.08277190339284461,-0.13872623967461048,0.745997,327909.04453705804,307905.36931632675,624193.9103603363
2025-09-24,358500.0,361500.0,346500.0,348000.0,185199,0.0,0.0,LG에너지솔루션,373220.KS,-2.5210084033613467,350900.0,351350.0,352925.0,44.73676076130942,-0.025533302005164762,351646.53229765774,354765.43335294735,-3118.901055289607,-3294.144065106726,175.24300981711895,351350.0,366043.71509039693,336656.28490960307,8.364146913560228,373500.0,340500.0,1000.0,-31.089108910891095,3.5,2.783,2.71,4.19,1914605.2,4235818.7,2.9,116.38,116.38,2025-10-12 21:29:11,361500.0,359500.0,0.03879310344827586,0.024216524216524215,-0.025210084033613467,0.014820548991657467,0.09288626810629394,-0.019305557,353157.5510490968,380324.4213009903,341281.65578842163
2025-09-24,1039000.0,1046000.0,1034000.0,1046000.0,71320,0.0,0.0,삼성바이오로직스,207940.KS,0.9652509652509744,1029800.0,1024500.0,1035583.3333333334,58.294950620238076,0.009606221805439933,1031458.8807999601,1029710.2036920501,1748.6771079100436,-224.6657279684423,1973.3428358784859,1024500.0,1054450.8369094955,994549.1630905044,5.8469178935081665,1046000.0,996000.0,5000.0,182.64793966439274,3.5,2.783,2.71,4.19,1914605.2,4235818.7,2.9,116.38,116.38,2025-10-12 21:29:11,1022000.0,1014000.0,-0.022944550669216062,-0.0029498525073746312,0.009652509652509744,-0.10873085685978554,-0.04293795902966122,-2.6383095,932267.5237246644,1001086.8948549744,-1713671.7147827148
2025-09-24,218000.0,219500.0,216500.0,217500.0,383310,0.0,0.0,현대차,005380.KS,-0.6849315068493178,217400.0,219225.0,214079.26302083334,50.18920645528678,-0.006872879287762064,218143.9527121324,217511.51932953403,632.4333825983631,1221.671631814855,-589.2382492164918,219225.0,224193.05585186082,214256.94414813918,4.532380752068255,223500.0,215000.0,-1500.0,143.39974894155208,3.5,2.783,2.71,4.19,1914605.2,4235818.7,2.9,116.38,116.38,2025-10-12 21:29:11,217000.0,217000.0,-0.0022988505747126436,-0.020316027088036117,-0.006849315068493178,-0.002230393461900283,-0.013617641458754583,-0.021279475,217014.8894220367,214538.16298272088,212871.71870470047
2025-09-24,64600.0,65200.0,62600.0,62800.0,2786106,0.0,0.0,카카오,035720.KS,-0.789889415481837,63940.0,61860.0,60416.666666666664,52.100097744521506,-0.007930255675977556,62974.908008895545,62168.633357330335,806.2746515652107,619.3891937211735,186.8854578440372,61860.0,66828.7020438022,56891.2979561978,16.064345437446494,66400.0,58500.0,3200.0,209.51454781714637,3.5,2.783,2.71,4.19,1914605.2,4235818.7,2.9,116.38,116.38,2025-10-12 21:29:11,63200.0,62100.0,0.006369426751592357,0.06153846153846154,-0.00789889415481837,0.006543892312955775,-0.00594891336679652,0.13368465,63210.95643725362,62426.40824056518,71195.3950881958
2025-09-24,102900.0,103600.0,102500.0,103000.0,680285,0.0,0.0,기아,000270.KS,0.1945525291828787,102140.0,104600.0,102921.66666666667,47.16185113124551,0.0019436352085710307,103290.35638013868,103683.33995820055,-392.98357806187414,43.969475484455316,-436.95305354632944,104600.0,108947.04981628561,100252.95018371439,8.311758730947627,107200.0,101000.0,-2500.0,301.99485066062044,3.5,2.783,2.71,4.19,1914605.2,4235818.7,2.9,116.38,116.38,2025-10-12 21:29:11,102000.0,100600.0,-0.009708737864077669,-0.059813084112149535,0.0019455252918287869,-0.0011698400098493391,-0.02429898548669679,0.9074617,102879.50647898552,100497.20449487022,196468.5492515564
2025-09-24,300000.0,300500.0,285500.0,286000.0,238319,0.0,0.0,LG화학,051910.KS,-4.187604690117253,294300.0,284875.0,282141.6666666667,49.7312350602566,-0.04277812201280418,290227.0695798334,286642.58747626026,3584.4821035731584,2970.3085008487083,614.1736027244501,284875.0,303925.83227909566,265824.16772090434,13.374871279751229,300000.0,269500.0,-7000.0,-9.43552763502834,3.5,2.783,2.71,4.19,1914605.2,4235818.7,2.9,116.38,116.38,2025-10-12 21:29:11,292500.0,279000.0,0.022727272727272728,0.0035971223021582736,-0.041876046901172526,0.017406983267028775,0.01970011451402368,-0.03422899,290978.3972143702,291634.23275101074,276210.51156520844
2025-09-24,231000.0,233500.0,224500.0,228000.0,982181,0.0,0.0,NAVER,035420.KS,-1.2987012987012991,232250.0,227962.5,233970.83333333334,47.581336048150646,-0.013072081567352775,231099.55729453656,229790.77506754664,1308.7822269899189,1038.0016909033588,270.78053608656,227962.5,242132.77559813153,213792.22440186847,12.43211106926054,236750.0,214500.0,-3000.0,97.16895272708159,3.5,2.783,2.71,4.19,1914605.2,4235818.7,2.9,116.38,116.38,2025-10-12 21:29:11,254000.0,267500.0,0.11403508771929824,0.17841409691629956,-0.012987012987012991,0.010121511334853936,-0.02876885754429762,-0.024152681,230307.70458434668,221440.70047990014,222493.18528175354
2025-09-24,281500.0,283000.0,275000.0,276500.0,191904,0.0,0.0,POSCO홀딩스,005490.KS,-0.7181328545781018,280500.0,282625.0,298433.7265625,37.143242445231074,-0.0072072384049492715,281814.2824112512,285915.9605949403,-4101.678183689073,-4099.777670540211,-1.9005131488620464,282625.0,290696.2289549134,274553.7710450866,5.711617128642821,294000.0,276500.0,-7500.0,49.50767063230357,3.5,2.783,2.71,4.19,1914605.2,4235818.7,2.9,116.38,116.38,2025-10-12 21:29:11,281000.0,263000.0,0.0162748643761302,-0.07394366197183098,-0.007181328545781018,0.006609099304487245,-0.010991911680568608,-0.0033555115,278327.4159576907,273460.7364203228,275572.20339775085
2025-09-25,84400.0,86200.0,84100.0,86100.0,19665151,0.0,0.0,삼성전자,005930.KS,0.8196721311475308,84000.0,75125.0,70156.66666666667,82.49745278696635,0.008163310639160835,79984.67099283596,75913.67667970141,4070.99431313455,2803.262394592193,1267.731918542357,75125.0,87523.6204665553,62726.37953344471,33.00797461978114,86100.0,67600.0,13500.0,163.57501112399527,3.5,2.783,2.71,4.19,1914605.2,4235818.7,2.9,116.38,116.38,2025-10-12 21:29:11,83300.0,94400.0,-0.032520325203252036,0.3466476462196862,0.008196721311475308,-0.005457165652877041,-0.02901843089732249,-0.18053775,85630.1380372873,83601.51309974054,70555.69884181023
2025-09-25,352000.0,359000.0,349500.0,356500.0,2148215,0.0,0.0,SK하이닉스,000660.KS,-0.2797202797202747,356300.0,307700.0,282365.2989583333,72.65100860421872,-0.0028011222797116675,335079.10788431164,310440.05760806426,24639.050276247377,19176.713345319284,5462.336930928093,307700.0,386374.144753106,229025.855246894,51.13691566662724,361000.0,256000.0,52500.0,531.7347738414568,3.5,2.783,2.71,4.19,1914605.2,4235818.7,2.9,116.38,116.38,2025-10-12 21:29:11,336500.0,428000.0,-0.056100981767180924,0.6120527306967984,-0.002797202797202747,-0.05712369749021431,-0.10452303552261791,0.89338136,336135.40184473863,319237.5378361867,674990.4538393021
2025-09-25,349500.0,363000.0,345500.0,361500.0,297003,0.0,0.0,LG에너지솔루션,373220.KS,3.87931034482758,353200.0,350750.0,353991.6666666667,54.26124887108443,0.03805956182434498,353162.4504057104,355264.2901416179,-2101.8397359075025,-3055.6831992668813,953.8434633593788,350750.0,362273.43150645995,339226.56849354005,6.570737851153215,364000.0,340500.0,21000.0,-28.415841584158418,3.5,2.783,2.71,4.19,1914605.2,4235818.7,2.9,116.38,116.38,2025-10-12 21:29:11,349000.0,359500.0,-0.034578146611341634,0.024216524216524215,0.0387931034482758,0.010078543654001524,0.08603431539875916,-0.03004977,365143.3935309216,392601.4050166515,350637.0185315609
2025-09-25,1045000.0,1046000.0,1021000.0,1022000.0,78410,0.0,0.0,삼성바이오로직스,207940.KS,-2.294455066921608,1030200.0,1024600.0,1035900.0,46.835540169531136,-0.023211873861218486,1030003.668369197,1029139.077492639,864.5908765580971,-6.814407063134439,871.4052836212315,1024600.0,1054500.8889147965,994699.1110852036,5.836597484832415,1046000.0,996000.0,-12000.0,176.16270969121354,3.5,2.783,2.71,4.19,1914605.2,4235818.7,2.9,116.38,116.38,2025-10-12 21:29:11,1000000.0,1014000.0,-0.021526418786692758,-0.0029498525073746312,-0.02294455066921608,-0.0754100412966214,-0.0292172047163654,-2.794485,944930.9377948529,992140.0167798746,-1833963.7641906738
2025-09-25,217000.0,217500.0,215500.0,217000.0,509882,0.0,0.0,현대차,005380.KS,-0.22988505747126853,217600.0,219200.0,214235.70234375,49.10857433592929,-0.0023014969882792745,217967.95998718892,217473.62900882782,494.3309783611039,1076.2035011241046,-581.8725227630007,219200.0,224209.46472609055,214190.53527390945,4.5706794946081635,223500.0,215000.0,-3500.0,142.84020928881284,3.5,2.783,2.71,4.19,1914605.2,4235818.7,2.9,116.38,116.38,2025-10-12 21:29:11,214500.0,217000.0,-0.01152073732718894,-0.020316027088036117,-0.0022988505747126853,0.0035253844216747827,-0.010965838370446401,-0.02164507,217765.0084195034,214620.41307361313,212303.02000045776
2025-09-25,62300.0,64000.0,62200.0,63200.0,2815412,0.0,0.0,카카오,035720.KS,0.6369426751592355,64080.0,61815.0,60468.333333333336,53.24129560824779,0.0063492276786587445,63009.53754598854,62245.03088641698,764.5066595715616,648.412686891251,116.09397268031057,61815.0,66714.09766128632,56915.902338713684,15.850837697278383,66400.0,58500.0,3300.0,211.48597805801992,3.5,2.783,2.71,4.19,1914605.2,4235818.7,2.9,116.38,116.38,2025-10-12 21:29:11,59300.0,62100.0,-0.061708860759493674,0.06153846153846154,0.006369426751592355,0.001594141942454336,-0.013846173238341003,-0.0034333817,63300.74977076311,62324.92185133685,62983.0087184906
2025-09-25,103000.0,103000.0,101400.0,102000.0,775758,0.0,0.0,기아,000270.KS,-0.9708737864077666,102340.0,104525.0,102976.66666666667,43.481562085599975,-0.009756174945364685,103091.84001396349,103558.64810944494,-466.80809548145044,-58.186038708725846,-408.6220567727246,104525.0,109001.782209062,100048.217790938,8.565954956349204,107200.0,101000.0,-4000.0,298.09198803284744,3.5,2.783,2.71,4.19,1914605.2,4235818.7,2.9,116.38,116.38,2025-10-12 21:29:11,100200.0,100600.0,-0.01764705882352941,-0.059813084112149535,-0.009708737864077666,0.007940489844489546,-0.02448383125483132,0.9641881,102809.92996413793,99502.6492120072,200347.186088562
2025-09-25,287000.0,292500.0,286000.0,292500.0,205795,0.0,0.0,LG화학,051910.KS,2.2727272727272707,294400.0,285175.0,283200.0,53.94433683242028,0.022472855852058576,290576.75118293596,287076.46988542617,3500.2812975097913,3076.303060180925,423.97823732886627,285175.0,304520.27005973633,265829.72994026367,13.567297315498433,300000.0,269500.0,5500.0,-7.37724417218808,3.5,2.783,2.71,4.19,1914605.2,4235818.7,2.9,116.38,116.38,2025-10-12 21:29:11,282500.0,279000.0,-0.03418803418803419,0.0035971223021582736,0.022727272727272707,0.00644431317728485,0.021224645882328162,-0.03874725,294384.96160435583,298708.208920581,281166.4290726185
2025-09-25,226500.0,257000.0,225500.0,254000.0,8314576,0.0,0.0,NAVER,035420.KS,11.403508771929815,236350.0,229762.5,233837.5,69.38835049811395,0.10798863806409573,234622.7023261463,231584.0509884691,3038.6513376772054,1438.1316202581284,1600.519717419077,229762.5,247340.50285047226,212184.49714952774,15.30101983611099,254000.0,214500.0,20500.0,119.6531315468365,3.5,2.783,2.71,4.19,1914605.2,4235818.7,2.9,116.38,116.38,2025-10-12 21:29:11,256500.0,267500.0,0.00984251968503937,0.17841409691629956,0.11403508771929816,0.020338511343352118,-0.021340927037946905,-0.019607335,259165.98188121142,248579.40453236148,249019.74439620972
2025-09-25,278000.0,281000.0,276000.0,281000.0,181883,0.0,0.0,POSCO홀딩스,005490.KS,1.6274864376130127,280000.0,281975.0,298554.64166666666,43.88033296241123,0.016143848371356205,281689.0081941356,285551.8153656855,-3862.807171549881,-4052.383570742145,189.57639919226403,281975.0,288031.5319241208,275918.4680758792,4.295793544903478,288000.0,276500.0,-3000.0,51.94088769503544,3.5,2.783,2.71,4.19,1914605.2,4235818.7,2.9,116.38,116.38,2025-10-12 21:29:11,275000.0,263000.0,-0.021352313167259787,-0.07394366197183098,0.016274864376130127,0.005190188197064741,-0.014055921029266541,-0.004519499,282458.4428833752,277050.2861907761,279730.0142645836
2025-09-26,85000.0,85300.0,82400.0,83300.0,24071193,0.0,0.0,삼성전자,005930.KS,-3.2520325203251987,84600.0,75810.0,70531.66666666667,70.20137786701545,-0.033060862260888065,80494.72160932273,76460.81174046427,4033.9098688584636,3049.391889445447,984.5179794130167,75810.0,88435.1044810685,63184.8955189315,33.307227228778515,86100.0,67600.0,9900.0,155.00346604679217,3.5,2.783,2.71,4.19,1914605.2,4235818.7,2.9,116.38,116.38,2025-10-12 21:29:11,84200.0,94400.0,0.010804321728691477,0.3466476462196862,-0.03252032520325199,0.02747610738384534,-0.018724241774902298,-0.18337008,85588.75974507432,81740.27066015064,68025.26955604553
2025-09-26,347500.0,349000.0,333000.0,336500.0,3685324,0.0,0.0,SK하이닉스,000660.KS,-5.610098176718092,352500.0,311100.0,283330.3390625,60.96003284627683,-0.05773609076956813,335297.7066713406,312370.4237111706,22927.282960170007,19926.82726828943,3000.4556918805756,311100.0,388508.4178749046,233691.58212509542,49.76433164571172,361000.0,256000.0,29500.0,496.293832812483,3.5,2.783,2.71,4.19,1914605.2,4235818.7,2.9,116.38,116.38,2025-10-12 21:29:11,349000.0,428000.0,0.03714710252600297,0.6120527306967984,-0.056100981767180924,0.07016738145032297,-0.06817732775723641,0.8789783,360111.3238580337,313558.32920969,632276.181936264
2025-09-26,356000.0,356000.0,349000.0,349000.0,122326,0.0,0.0,LG에너지솔루션,373220.KS,-3.457814661134162,352900.0,350000.0,354766.6666666667,46.30365910212497,-0.0351901193963922,352522.07342021645,354800.2686496462,-2278.1952294297516,-2900.185605299456,621.9903758697042,350000.0,359700.78672880493,340299.21327119507,5.543306702174246,361500.0,340500.0,-1000.0,-30.891089108910897,3.5,2.783,2.71,4.19,1914605.2,4235818.7,2.9,116.38,116.38,2025-10-12 21:29:11,351500.0,359500.0,0.0071633237822349575,0.024216524216524215,-0.03457814661134162,0.019117315558375564,0.09602302519513456,-0.016558047,355671.943129873,382512.035793102,343221.2401628494
2025-09-26,1010000.0,1015000.0,982000.0,1000000.0,94936,0.0,0.0,삼성바이오로직스,207940.KS,-2.1526418786692814,1026000.0,1024000.0,1035750.0,39.22390025650017,-0.021761491781512748,1025387.7193893206,1026980.6273079991,-1592.9079186784802,-324.03310938620365,-1268.8748092922765,1024000.0,1055409.0164728176,992590.9835271824,6.134573529847193,1046000.0,996000.0,-36000.0,170.2179155491326,3.5,2.783,2.71,4.19,1914605.2,4235818.7,2.9,116.38,116.38,2025-10-12 21:29:11,1003000.0,1014000.0,0.003,-0.0029498525073746312,-0.021526418786692814,-0.07921851649427512,-0.01807310261882472,-2.453376,920781.4835057248,981926.8973811752,-1453376.054763794
2025-09-26,215000.0,215500.0,213000.0,214500.0,448652,0.0,0.0,현대차,005380.KS,-1.1520737327188946,217200.0,218825.0,214292.8046875,44.00658129789207,-0.011587615172387895,217434.42768146755,217253.36019335908,181.06748810847057,897.1762985209779,-716.1088104125073,218825.0,224069.2951460409,213580.7048539591,4.79314077097307,223500.0,214500.0,-8500.0,140.04251102511685,3.5,2.783,2.71,4.19,1914605.2,4235818.7,2.9,116.38,116.38,2025-10-12 21:29:11,215000.0,217000.0,0.002331002331002331,-0.020316027088036117,-0.011520737327188946,0.004556824544007277,-0.00814926584905753,-0.018965395,215477.43886468955,212751.98247537715,210431.91674351692
2025-09-26,62400.0,62500.0,59100.0,59300.0,4899137,0.0,0.0,카카오,035720.KS,-6.170886075949367,63000.0,61605.0,60478.333333333336,42.58762935435851,-0.06369499514913196,62438.839461990305,62026.88045038609,411.95901160421636,601.1219518338442,-189.1629402296278,61605.0,66559.73192222718,56650.268077772824,16.085486315160054,66400.0,58500.0,-600.0,192.26453320950284,3.5,2.783,2.71,4.19,1914605.2,4235818.7,2.9,116.38,116.38,2025-10-12 21:29:11,60300.0,62100.0,0.016863406408094434,0.06153846153846154,-0.06170886075949367,0.024986693581848574,-0.009387210326207275,-0.03301538,60781.71092940362,58743.33842765591,57342.18853712082
2025-09-26,101200.0,101300.0,100200.0,100200.0,700206,0.0,0.0,기아,000270.KS,-1.764705882352946,101980.0,104250.0,102980.0,37.76839638938836,-0.017804624633506707,102646.9415502768,103309.85936059717,-662.917810320374,-179.1323930310555,-483.7854172893185,104250.0,109084.30722190834,99415.69277809166,9.274450305819357,107200.0,100200.0,-6400.0,291.066835302856,3.5,2.783,2.71,4.19,1914605.2,4235818.7,2.9,116.38,116.38,2025-10-12 21:29:11,100700.0,100600.0,0.00499001996007984,-0.059813084112149535,-0.01764705882352946,0.000676216933507181,-0.017754825113673645,1.027029,100267.75693673742,98420.9665236099,203108.3095550537
2025-09-26,289500.0,291000.0,280500.0,282500.0,227238,0.0,0.0,LG화학,051910.KS,-3.4188034188034178,290900.0,285225.0,283908.3333333333,47.366988589046116,-0.03478611608541554,289334.17407786887,286737.4721161353,2596.7019617335754,2980.3828404914557,-383.68087875788024,285225.0,304535.4144249438,265914.5855750562,13.54047816632048,300000.0,269500.0,-7500.0,-10.543834115019257,3.5,2.783,2.71,4.19,1914605.2,4235818.7,2.9,116.38,116.38,2025-10-12 21:29:11,280000.0,279000.0,-0.008849557522123894,0.0035971223021582736,-0.03418803418803418,0.0139438084398919,0.021286061510964665,-0.029558543,286439.1258842695,288513.31237684755,274149.7126221657
2025-09-26,251500.0,262000.0,250000.0,256500.0,4597910,0.0,0.0,NAVER,035420.KS,0.9842519685039353,240300.0,231712.5,233912.5,70.65259566934158,0.009794397592287625,237988.4404298161,233429.6768411751,4558.7635886410135,2062.2580139347056,2496.505574706308,231712.5,252005.92322814147,211419.07677185853,17.51603666452304,256500.0,214500.0,23500.0,121.81507181796678,3.5,2.783,2.71,4.19,1914605.2,4235818.7,2.9,116.38,116.38,2025-10-12 21:29:11,274500.0,267500.0,0.07017543859649122,0.17841409691629956,0.009842519685039353,-0.0018692007747780732,-0.01707223386865771,-0.018778909,256020.55000126944,252120.97201268928,251683.20697546005
2025-09-26,279000.0,279000.0,274000.0,275000.0,199295,0.0,0.0,POSCO홀딩스,005490.KS,-2.135231316725983,278300.0,281325.0,298377.190625,38.02778644298784,-0.021583571667174516,280659.9300104225,284770.1994126718,-4110.269402249309,-4063.960737043578,-46.308665205730904,281325.0,287448.93922075257,275201.06077924743,4.35364025291216,285500.0,275000.0,-6500.0,48.69659827805959,3.5,2.783,2.71,4.19,1914605.2,4235818.7,2.9,116.38,116.38,2025-10-12 21:29:11,278500.0,263000.0,0.012727272727272728,-0.07394366197183098,-0.02135231316725983,0.009180415322072524,-0.010991911680568608,-0.004271738,277524.6142135699,271977.2242878436,273825.26993751526
2025-09-29,83300.0,85000.0,83200.0,84200.0,13069094,0.0,0.0,삼성전자,005930.KS,1.0804321728691502,84740.0,76535.0,70871.66666666667,71.66336451498972,0.01074637207548406,81064.7644386577,77034.08494487432,4030.6794937833765,3245.649410313033,785.0300834703435,76535.0,89346.71749856985,63723.28250143015,33.4793689124449,86100.0,67600.0,8800.0,157.7586055358932,3.5,2.783,2.71,4.19,1914605.2,4235818.7,2.9,116.38,116.38,2025-10-12 21:29:11,83900.0,94400.0,-0.0035629453681710215,0.3466476462196862,0.010804321728691502,-0.0056165370245980645,-0.024319991925974963,-0.18573087,83727.08758252884,82152.2566798329,68561.4603638649
2025-09-29,339500.0,351000.0,339000.0,349000.0,2275986,0.0,0.0,SK하이닉스,000660.KS,3.714710252600306,352100.0,315100.0,284512.0338541667,64.77526957945753,0.036473773117644756,337405.7517988267,315083.7256584913,22322.026140335365,20405.86704269862,1916.1590976367443,315100.0,391611.16189640545,238588.83810359455,48.56309863307233,361000.0,256000.0,20500.0,518.4444209555916,3.5,2.783,2.71,4.19,1914605.2,4235818.7,2.9,116.38,116.38,2025-10-12 21:29:11,347500.0,428000.0,-0.004297994269340974,0.6120527306967984,0.03714710252600306,-0.018636870140066878,-0.11795927080189035,1.0068681,342495.73232111667,307832.21449014026,700396.9752788544
2025-09-29,350500.0,353500.0,349000.0,351500.0,134044,0.0,0.0,LG에너지솔루션,373220.KS,0.7163323782235054,353400.0,349975.0,355316.6666666667,47.94782384569815,0.007137789048292527,352364.83135556773,354555.80430522794,-2190.9729496602085,-2758.3430741716065,567.370124511398,349975.0,359656.6429662624,340293.3570337376,5.532762606621852,361500.0,340500.0,-4000.0,-30.3960396039604,3.5,2.783,2.71,4.19,1914605.2,4235818.7,2.9,116.38,116.38,2025-10-12 21:29:11,347500.0,359500.0,-0.011379800853485065,0.024216524216524215,0.007163323782235054,0.01719429258889321,0.09175014778561703,-0.035934467,357543.79384499596,383750.1769466444,338869.0414428711
2025-09-29,1004000.0,1010000.0,999000.0,1003000.0,59947,0.0,0.650391,삼성바이오로직스,207940.KS,0.29999999999998916,1021400.0,1024100.0,1035066.6666666666,40.640592499381896,0.002995508979798371,1021943.4548678866,1025204.2845444436,-3260.829676556983,-911.3924228203596,-2349.4372537366235,1024100.0,1055212.021707647,992987.978292353,6.075973382999124,1046000.0,996000.0,-35000.0,171.02856929578002,3.5,2.783,2.71,4.19,1914605.2,4235818.7,2.9,116.38,116.38,2025-10-12 21:29:11,997000.0,1014000.0,-0.005982053838484547,-0.0029498525073746312,0.0029999999999998916,-0.07788629881854843,-0.010970698130936412,-2.0924573,924880.0422849959,991996.3897746707,-1095734.6663475037
2025-09-29,215500.0,216500.0,214000.0,215000.0,339105,0.0,0.0,현대차,005380.KS,0.2331002331002363,216600.0,218575.0,214341.76302083334,45.232109273749884,0.002328289759591168,217059.90034585714,217086.44462348064,-26.54427762349951,712.4321832920824,-738.9764609155819,218575.0,224054.86745900507,213095.13254099493,5.014175874647206,223500.0,214500.0,-8500.0,140.60205067785608,3.5,2.783,2.71,4.19,1914605.2,4235818.7,2.9,116.38,116.38,2025-10-12 21:29:11,215000.0,217000.0,0.0,-0.020316027088036117,0.002331002331002363,0.00017352670334505415,-0.006331727530615089,-0.013770166,215037.3082412192,213638.67858091777,212039.41494226456
2025-09-29,59400.0,60700.0,58800.0,60300.0,3131452,0.0,0.0,카카오,035720.KS,1.6863406408094361,61780.0,61495.0,60491.666666666664,45.59383484783147,0.016722797729459917,62109.78723706872,61898.963379987115,210.8238570816029,523.0623328833959,-312.238475801793,61495.0,66463.73382156441,56526.26617843558,16.159797777264544,66400.0,58500.0,-5200.0,197.19310881168673,3.5,2.783,2.71,4.19,1914605.2,4235818.7,2.9,116.38,116.38,2025-10-12 21:29:11,59600.0,62100.0,-0.011608623548922056,0.06153846153846154,0.01686340640809436,0.00346533859625996,-0.01603117954736419,-0.025654672,60508.95991735448,59333.319873293935,58753.023183345795
2025-09-29,100600.0,101200.0,100000.0,100700.0,639908,0.0,0.0,기아,000270.KS,0.4990019960079861,101740.0,103995.0,102990.0,40.121936536028315,0.0049776110737522064,102347.41208100344,103116.53644499737,-769.1243639939348,-297.1307872236314,-471.99357677030343,103995.0,109019.35122808543,98970.64877191457,9.66267845201295,107200.0,100200.0,-5200.0,293.01826661674255,3.5,2.783,2.71,4.19,1914605.2,4235818.7,2.9,116.38,116.38,2025-10-12 21:29:11,100700.0,100600.0,0.0,-0.059813084112149535,0.004990019960079861,-0.0008929797046658264,-0.019254661725828258,1.0536494,100610.07694374015,98761.05556420909,206802.4971485138
2025-09-29,285000.0,285500.0,275500.0,280000.0,186592,0.0,0.0,LG화학,051910.KS,-0.8849557522123908,287900.0,285350.0,284291.6666666667,45.861498465354934,-0.00888894741724604,287898.14729665825,286238.4001075327,1659.74718912557,2716.255710218279,-1056.508521092709,285350.0,304481.40157739917,266218.59842260083,13.40907767821915,300000.0,269500.0,-10000.0,-11.335481600727048,3.5,2.783,2.71,4.19,1914605.2,4235818.7,2.9,116.38,116.38,2025-10-12 21:29:11,278000.0,279000.0,-0.007142857142857143,0.0035971223021582736,-0.008849557522123908,0.008270260939227985,0.022214486552187367,-0.037726384,282315.67306298384,286220.0562346125,269436.60736083984
2025-09-29,268500.0,278500.0,266000.0,274500.0,3486022,0.0,0.0,NAVER,035420.KS,7.017543859649122,248800.0,234712.5,234270.83333333334,77.77098788869634,0.06782259633876109,243605.60344061366,236471.92300108806,7133.680439525604,3076.5424990528854,4057.1379404727186,234712.5,261112.89622909686,208312.10377090314,22.495943956199064,274500.0,215500.0,38500.0,137.38104177010482,3.5,2.783,2.71,4.19,1914605.2,4235818.7,2.9,116.38,116.38,2025-10-12 21:29:11,268500.0,267500.0,-0.02185792349726776,0.17841409691629956,0.07017543859649122,-0.0009120908938369605,-0.01855667787326847,-0.05000599,274249.63104964176,269406.1919237878,260773.36058020592
2025-09-29,277500.0,279500.0,276500.0,278500.0,135460,0.0,0.0,POSCO홀딩스,005490.KS,1.2727272727272698,277900.0,280975.0,297861.3411458333,42.81882344026518,0.01264696170076739,280327.6330857421,284305.7401969183,-3978.107111176185,-4046.7900118700995,68.68290069391469,280975.0,286890.85736994864,275059.14263005136,4.210949280148514,285000.0,275000.0,-6500.0,50.589100437962166,3.5,2.783,2.71,4.19,1914605.2,4235818.7,2.9,116.38,116.38,2025-10-12 21:29:11,276000.0,263000.0,-0.008976660682226212,-0.07394366197183098,0.012727272727272698,0.004315972531741385,-0.014055921029266541,-0.008184437,279701.99835009,274585.4259933493,276220.63541412354
2025-09-30,84600.0,84900.0,83400.0,83900.0,16319061,0.0,0.0,삼성전자,005930.KS,-0.3562945368171033,84580.0,77350.0,71215.0,70.42306780414832,-0.0035693077751205618,81500.95452501805,77542.67124525401,3958.283279764044,3388.176184203235,570.1070955608088,77350.0,89838.22603389647,64861.77396610354,32.29017720464503,86100.0,69100.0,7400.0,156.84022570619285,3.5,2.783,2.71,4.19,1914605.2,4235818.7,2.9,116.38,116.38,2025-10-12 21:29:11,86000.0,94400.0,0.025029797377830752,0.3466476462196862,-0.0035629453681710332,-0.014645779034858506,-0.02300598694936075,-0.18137698,82671.21913897537,81969.79769494863,68682.4702322483
2025-09-30,353000.0,356500.0,347500.0,347500.0,2238614,0.0,0.0,SK하이닉스,000660.KS,-0.42979942693409656,349400.0,319675.0,285801.8697916667,63.967408412323614,-0.004307257197580332,338958.7130605456,317484.93116526975,21473.781895275868,20619.45001321407,854.3318820617969,319675.0,392142.25213211885,247207.74786788115,45.33807906912887,361000.0,260500.0,16500.0,515.7863503784185,3.5,2.783,2.71,4.19,1914605.2,4235818.7,2.9,116.38,116.38,2025-10-12 21:29:11,360000.0,428000.0,0.03597122302158273,0.6120527306967984,-0.004297994269340966,-0.008177519913028715,-0.13311375942229017,0.68949705,344658.3118302225,301242.96860075416,587100.2054214478
2025-09-30,348500.0,355000.0,346500.0,347500.0,138045,0.0,0.0,LG에너지솔루션,373220.KS,-1.1379800853485111,351500.0,349900.0,355933.3333333333,45.54487345400141,-0.01144504624587282,351616.39576240344,354033.1521344703,-2416.756372066855,-2690.0257337506564,273.26936168380143,349900.0,359636.52915570344,340163.47084429656,5.565321037841347,361500.0,340500.0,-8000.0,-31.188118811881193,3.5,2.783,2.71,4.19,1914605.2,4235818.7,2.9,116.38,116.38,2025-10-12 21:29:11,347500.0,359500.0,0.0,0.024216524216524215,-0.011379800853485111,0.013000123466548033,0.09397263323358475,-0.03237048,352017.5429046254,380155.49004867073,336251.24856829643
2025-09-30,1000000.0,1004000.0,995000.0,997000.0,84457,0.0,0.0,삼성바이오로직스,207940.KS,-0.5982053838484491,1013600.0,1024150.0,1034383.3333333334,38.697726620969334,-0.006000018000097146,1018106.0002728271,1023115.0782818922,-5009.078009065124,-1730.9295400693127,-3278.1484689958115,1024150.0,1055074.5261206978,993225.473879302,6.03906187974377,1046000.0,997000.0,-43000.0,169.40726180248524,3.5,2.783,2.71,4.19,1914605.2,4235818.7,2.9,116.38,116.38,2025-10-12 21:29:11,1005000.0,1014000.0,0.00802407221664995,-0.0029498525073746312,-0.005982053838484491,-0.07076411677322508,-0.01593378046704692,-2.0466545,926448.1755770945,981114.0208743542,-1043514.4994258881
2025-09-30,214000.0,216000.0,214000.0,215000.0,339691,0.0,0.0,현대차,005380.KS,0.0,215800.0,218300.0,214456.63046875,45.232109273749884,0.0,216742.99260034063,216931.8931698895,-188.9005695488595,532.1656327238941,-721.0662022727536,218300.0,223923.2599647732,212676.7400352268,5.151864374505908,223500.0,214500.0,0.0,140.60205067785608,3.5,2.783,2.71,4.19,1914605.2,4235818.7,2.9,116.38,116.38,2025-10-12 21:29:11,215500.0,217000.0,0.002325581395348837,-0.020316027088036117,0.0,-0.005484503154002877,-0.004427941048057689,-0.010280919,213820.83182188938,214047.9926746676,212789.6049618721
2025-09-30,62000.0,62000.0,59600.0,59600.0,2019879,0.0,0.0,카카오,035720.KS,-1.1608623548922004,61040.0,61415.0,60511.666666666664,43.86246848123117,-0.01167652966183563,61723.66612367352,61728.66979628437,-5.00367261084466,417.44913178454783,-422.4528043953925,61415.0,66454.74727855113,56375.25272144887,16.412105441833855,66400.0,58500.0,-4400.0,193.743105890158,3.5,2.783,2.71,4.19,1914605.2,4235818.7,2.9,116.38,116.38,2025-10-12 21:29:11,60000.0,62100.0,0.006711409395973154,0.06153846153846154,-0.011608623548922004,0.006162799110828849,-0.008495927126432278,-0.091870464,59967.3028270054,59093.64274326463,54124.51899051666
2025-09-30,100200.0,101800.0,100200.0,100700.0,885167,0.0,0.0,기아,000270.KS,0.0,101320.0,103705.0,103016.66666666667,40.121936536028315,0.0,102093.96406854136,102937.53374536794,-843.569676826577,-406.41856514422057,-437.1511116823565,103705.0,108789.7449866196,98620.2550133804,9.806171325624796,107200.0,100200.0,-1000.0,293.01826661674255,3.5,2.783,2.71,4.19,1914605.2,4235818.7,2.9,116.38,116.38,2025-10-12 21:29:11,100600.0,100600.0,-0.0009930486593843098,-0.059813084112149535,0.0,-0.003912694792682894,-0.018823334191970097,0.9585922,100305.99163437684,98804.4902468686,197230.23216724396
2025-09-30,278500.0,284500.0,277500.0,278000.0,165726,0.0,0.0,LG화학,051910.KS,-0.7142857142857117,283800.0,285675.0,284516.6666666667,44.6391563253774,-0.007168489478612516,286375.35540486465,285628.14824771543,747.2071571492124,2322.4459996044657,-1575.2388424552532,285675.0,304020.44257187104,267329.55742812896,12.843575791981127,300000.0,269500.0,-15500.0,-11.968799589293289,3.5,2.783,2.71,4.19,1914605.2,4235818.7,2.9,116.38,116.38,2025-10-12 21:29:11,281500.0,279000.0,0.012589928057553957,0.0035971223021582736,-0.0071428571428571175,0.008270260939227985,0.011990497295663437,-0.03374483,280299.1325411054,281333.35824819445,268618.9422607422
2025-09-30,279000.0,279500.0,265500.0,268500.0,2764865,0.0,0.0,NAVER,035420.KS,-2.1857923497267784,256300.0,237362.5,234595.83333333334,71.5417461781573,-0.02210034700066597,247435.51060359617,238844.3731491556,8591.137454440555,4179.461490130419,4411.675964310136,237362.5,266172.8942317725,208552.10576822745,24.275438817650244,274500.0,221000.0,34500.0,132.19238511939216,3.5,2.783,2.71,4.19,1914605.2,4235818.7,2.9,116.38,116.38,2025-10-12 21:29:11,254500.0,267500.0,-0.0521415270018622,0.17841409691629956,-0.021857923497267784,0.015028080993031337,-0.010044529697336855,-0.048341736,272535.03974662896,265803.04377626505,255520.2398300171
2025-09-30,276000.0,278000.0,275500.0,276000.0,131328,0.0,0.0,POSCO홀딩스,005490.KS,-0.8976660682226245,277400.0,280725.0,297229.4375,40.41536995206054,-0.009017193650188745,279661.84338024334,283690.5001823318,-4028.6568020884297,-4043.163369913766,14.506567825336333,280725.0,287045.1848740862,274404.8151259138,4.502758838070122,285000.0,275000.0,-9000.0,49.23731318088891,3.5,2.783,2.71,4.19,1914605.2,4235818.7,2.9,116.38,116.38,2025-10-12 21:29:11,275000.0,263000.0,-0.0036231884057971015,-0.07394366197183098,-0.008976660682226245,0.0077779158103341624,-0.011677185376952861,-0.005652831,278146.70476365223,272777.09683596104,274439.8148059845
2025-10-01,84900.0,86200.0,84700.0,86000.0,22039361,0.0,0.0,삼성전자,005930.KS,2.5029797377830842,84700.0,78195.0,71620.0,73.83660903181239,0.02472168278034733,82193.11536732297,78169.14004190186,4023.97532542111,3515.3360124468104,508.6393129742996,78195.0,90619.6740929409,65770.3259070591,31.77869196992365,86100.0,69500.0,6600.0,163.26888451409513,3.5,2.783,2.71,4.19,1914605.2,4235818.7,2.9,116.38,116.38,2025-10-12 21:29:11,89750.0,94400.0,0.0436046511627907,0.3466476462196862,0.025029797377830842,-0.012846065197128687,-0.025758568701825472,-0.17874423,84895.23839304694,83784.763091643,70627.99906730652
2025-10-01,351000.0,362000.0,351000.0,360000.0,2802437,0.0,0.0,SK하이닉스,000660.KS,3.597122302158273,349900.0,324650.0,287291.71770833334,67.59443349494907,0.03533936644530886,342195.834128154,320634.19552339794,21561.638604756037,20807.887731522467,753.75087323357,324650.0,393587.88203120633,255712.11796879367,42.46904791696062,361000.0,262500.0,12000.0,537.9369385215272,3.5,2.783,2.71,4.19,1914605.2,4235818.7,2.9,116.38,116.38,2025-10-12 21:29:11,395500.0,428000.0,0.09861111111111111,0.6120527306967984,0.03597122302158273,-0.030864224323661028,-0.1476497368981672,0.8485393,348888.879243482,306846.0947166598,665474.1668701172
2025-10-01,349000.0,351000.0,341000.0,347500.0,141477,0.0,0.0,LG에너지솔루션,373220.KS,0.0,351400.0,349775.0,356475.0,45.54487345400141,0.0,350983.10410664906,353549.21493932436,-2566.110832675302,-2665.2427535355855,99.13192086028357,349775.0,359570.1384289334,339979.8615710666,5.6008224881328825,361500.0,340500.0,-2000.0,-31.188118811881193,3.5,2.783,2.71,4.19,1914605.2,4235818.7,2.9,116.38,116.38,2025-10-12 21:29:11,399000.0,359500.0,0.14820143884892087,0.024216524216524215,0.0,0.0043298604316812945,0.0901454982891642,-0.03559529,349004.62650000927,378825.5606554846,335130.6340098381
2025-10-01,999000.0,1012000.0,999000.0,1005000.0,64286,0.0,0.0,삼성바이오로직스,207940.KS,0.8024072216650024,1005400.0,1024550.0,1033983.3333333334,42.635489004127294,0.00799205053133787,1016089.692538546,1021773.2206313817,-5683.528092835681,-2521.449250622586,-3162.0788422130945,1024550.0,1054175.5579561093,994924.4420438908,5.78313561194851,1046000.0,997000.0,-31000.0,171.5690051268783,3.5,2.783,2.71,4.19,1914605.2,4235818.7,2.9,116.38,116.38,2025-10-12 21:29:11,1014000.0,1014000.0,0.008955223880597015,-0.0029498525073746312,0.008024072216650024,-0.07775134383410752,-0.008295842479477976,-1.9473683,926859.8994467219,996662.6783081247,-952105.1055192947
2025-10-01,215500.0,217000.0,215000.0,215500.0,297048,0.0,0.0,현대차,005380.KS,0.23255813953488857,215400.0,218075.0,214612.78567708333,46.58790793553523,0.0023228814161397287,216551.76296951898,216825.82700915693,-274.0640396379458,370.9196982515261,-644.983737889472,218075.0,223771.49014743662,212378.50985256338,5.224340385130455,223500.0,214500.0,500.0,141.16159033059526,3.5,2.783,2.71,4.19,1914605.2,4235818.7,2.9,116.38,116.38,2025-10-12 21:29:11,220000.0,217000.0,0.02088167053364269,-0.020316027088036117,0.0023255813953488857,-0.004752898368346957,-0.003714488404112472,-0.01082372,214475.75040162125,214699.52774891377,213167.48690605164
2025-10-01,59800.0,61100.0,59800.0,60000.0,1644566,0.0,0.0,카카오,035720.KS,0.6711409395973256,60480.0,61450.0,60510.0,45.14435856293788,0.00668898815079671,61458.48672003145,61600.62018174479,-142.13346171333978,305.53261308497036,-447.66607479831015,61450.0,66437.35242494561,56462.64757505439,16.232229210563414,66400.0,58500.0,-2900.0,195.71453613103156,3.5,2.783,2.71,4.19,1914605.2,4235818.7,2.9,116.38,116.38,2025-10-12 21:29:11,59900.0,62100.0,-0.0016666666666666668,0.06153846153846154,0.006711409395973256,0.0011894667256176852,-0.015926854524799514,-0.114047736,60071.368003537056,59044.38872851203,53157.13405609131
2025-10-01,100500.0,101500.0,100200.0,100600.0,580310,0.0,0.0,기아,000270.KS,-0.09930486593843213,100840.0,103375.0,103050.0,39.77303831929571,-0.0009935420588777898,101864.12344261192,102764.38309756291,-900.2596549509908,-505.18678310557465,-395.07287184541616,103375.0,108360.39973586086,98389.60026413914,9.64527155668365,107000.0,100200.0,-800.0,292.62798035396526,3.5,2.783,2.71,4.19,1914605.2,4235818.7,2.9,116.38,116.38,2025-10-12 21:29:11,104200.0,100600.0,0.03578528827037773,-0.059813084112149535,-0.0009930486593843213,-0.0038425013623565613,-0.01507066636177695,0.9765087,100213.44436294693,99083.89096400524,198836.76691055298
2025-10-01,279000.0,283000.0,275000.0,281500.0,141779,0.0,0.0,LG화학,051910.KS,1.2589928057553879,282900.0,286275.0,284900.0,47.28695743481175,0.012511333889107929,285625.3007271931,285322.3594886254,302.94123856769875,1918.5450473971123,-1615.6038088294135,286275.0,303116.2869866988,269433.7130133012,11.765810487607235,300000.0,270000.0,-6500.0,-10.860493109302372,3.5,2.783,2.71,4.19,1914605.2,4235818.7,2.9,116.38,116.38,2025-10-12 21:29:11,277500.0,279000.0,-0.014209591474245116,0.0035971223021582736,0.012589928057553879,0.004297896474437947,-0.0004342724340067275,-0.033003546,282709.8578575543,281377.7523098271,272209.4954252243
2025-10-01,267000.0,268500.0,253000.0,254500.0,3385774,0.0,0.0,NAVER,035420.KS,-5.214152700186214,261600.0,238837.5,234570.83333333334,59.55509291940589,-0.053550077958341886,248522.35512611983,240004.04921218113,8518.305913938704,5047.230374892077,3471.0755390466275,238837.5,268001.4083908906,209673.59160910946,24.421548869746633,274500.0,221000.0,19500.0,120.08551960106257,3.5,2.783,2.71,4.19,1914605.2,4235818.7,2.9,116.38,116.38,2025-10-12 21:29:11,253000.0,267500.0,-0.005893909626719057,0.17841409691629956,-0.05214152700186214,0.04302232491262224,-0.013696911649657825,-0.06481006,265449.18169026234,251014.13598516208,238005.84542751312
2025-10-01,277000.0,278000.0,272000.0,275000.0,140598,0.0,0.0,POSCO홀딩스,005490.KS,-0.36231884057971175,277100.0,280475.0,296630.4588541667,39.46122098214159,-0.0036297680505787237,278944.63670635974,283046.759428085,-4102.12272172526,-4054.9552402760646,-47.16748144919529,280475.0,287291.96799406456,273658.03200593544,4.861016485650812,285000.0,275000.0,-7000.0,48.69659827805959,3.5,2.783,2.71,4.19,1914605.2,4235818.7,2.9,116.38,116.38,2025-10-12 21:29:11,274500.0,263000.0,-0.0018181818181818182,-0.07394366197183098,-0.0036231884057971175,0.006696239219451139,-0.011328568141562499,-0.008317554,276841.4657853491,271884.6437610703,272712.679207325
2025-10-02,89300.0,90300.0,88700.0,89750.0,49883028,0.0,0.0,삼성전자,005930.KS,4.3604651162790775,85430.0,79192.5,72092.5,78.58876245034818,0.0426807311148806,83355.71300311944,79026.9815202795,4328.731482839939,3678.0151065254363,650.7163763145031,79192.5,91977.45312137669,66407.54687862331,32.28829275847256,89750.0,69500.0,11550.0,174.7486323853493,3.5,2.783,2.71,4.19,1914605.2,4235818.7,2.9,116.38,116.38,2025-10-12 21:29:11,94400.0,94400.0,0.05181058495821727,0.3466476462196862,0.043604651162790775,-0.010448559578597607,-0.02481707299645522,-0.17450859,88812.24177782086,87522.66769856814,74087.85569667816
2025-10-02,388500.0,404500.0,384000.0,395500.0,7430763,0.0,0.0,SK하이닉스,000660.KS,9.861111111111121,357700.0,331300.0,289190.16302083334,75.22251473520721,0.09404675575755296,350396.47503151494,326179.8106698129,24216.664361702045,21489.643057558384,2727.021304143662,331300.0,400652.94931687147,261947.05068312853,41.86715926161876,395500.0,265500.0,62000.0,600.8446088479556,3.5,2.783,2.71,4.19,1914605.2,4235818.7,2.9,116.38,116.38,2025-10-12 21:29:11,428000.0,428000.0,0.08217446270543616,0.6120527306967984,0.0986111111111112,-0.0767477476041576,-0.1329202798719195,0.83593524,365146.2658225557,342930.02931065584,726112.3854517937
2025-10-02,350000.0,399000.0,347500.0,399000.0,644612,0.0,0.0,LG에너지솔루션,373220.KS,14.82014388489208,358900.0,352300.0,358008.3333333333,68.8530418674695,0.13819675188501657,358370.3188594723,356915.93975863367,1454.379100838618,-1841.3183826607449,3295.6974834993625,352300.0,376360.01268757315,328239.98731242685,13.658820713921743,399000.0,340500.0,49000.0,-20.990099009900987,3.5,2.783,2.71,4.19,1914605.2,4235818.7,2.9,116.38,116.38,2025-10-12 21:29:11,359500.0,359500.0,-0.09899749373433583,0.024216524216524215,0.14820143884892079,0.01320466877810739,0.019801764187984558,-0.033372235,404268.6628424648,406900.9039110059,385684.4828724861
2025-10-02,1013000.0,1018000.0,1005000.0,1014000.0,83364,0.0,0.0,삼성바이오로직스,207940.KS,0.8955223880596996,1003800.0,1024650.0,1034000.0,46.77744827411811,0.008915363657952329,1015768.2013787697,1021197.4265105387,-5429.225131768966,-3103.0044268518623,-2326.220704917104,1024650.0,1054110.2318924707,995189.7681075291,5.7503014478057475,1046000.0,997000.0,-6000.0,174.0009663668205,3.5,2.783,2.71,4.19,1914605.2,4235818.7,2.9,116.38,116.38,2025-10-12 21:29:11,1014000.0,1014000.0,0.0,-0.0029498525073746312,0.008955223880596996,-0.08267753499168819,-0.010970698130936412,-2.0420485,930164.9795184282,1002875.7120952305,-1056637.1326446533
2025-10-02,216500.0,223000.0,216500.0,220000.0,1099674,0.0,0.0,현대차,005380.KS,2.088167053364276,216000.0,218000.0,214802.74765625,56.92352740641336,0.020666636808559128,217082.26097420836,217060.95093440457,21.310039803793188,300.9977665619795,-279.68772675818633,218000.0,223544.08171883368,212455.91828116632,5.086313503517139,223500.0,214500.0,4000.0,146.19744720524807,3.5,2.783,2.71,4.19,1914605.2,4235818.7,2.9,116.38,116.38,2025-10-12 21:29:11,217000.0,217000.0,-0.013636363636363636,-0.020316027088036117,0.02088167053364276,-0.0036062146462643163,-0.007520732913298959,-0.010816543,219206.63277782185,218345.43875907423,217620.36681175232
2025-10-02,60400.0,60800.0,59600.0,59900.0,2321148,0.0,0.0,카카오,035720.KS,-0.16666666666667052,59820.0,61500.0,60495.0,44.8685143625747,-0.0016680571006970587,61218.719532334304,61474.64831643036,-255.92878409605328,193.24033364876564,-449.1691177448189,61500.0,66398.97948557498,56601.02051442502,15.931640603495866,66400.0,58500.0,-2600.0,195.2216785708132,3.5,2.783,2.71,4.19,1914605.2,4235818.7,2.9,116.38,116.38,2025-10-12 21:29:11,62100.0,62100.0,0.03672787979966611,0.06153846153846154,-0.0016666666666667052,0.005254518720322147,-0.012496124021670262,-0.119735315,60214.74567134729,59151.482171101954,52727.85549759865
2025-10-02,100700.0,105000.0,100700.0,104200.0,1580346,0.0,0.0,기아,000270.KS,3.5785288270377746,101280.0,103235.0,103135.0,54.95820953766707,0.035159871653627724,102223.48906682547,102870.72509033603,-647.2360235105589,-533.5966311865716,-113.6393923239873,103235.0,107941.22208526067,98528.77791473933,9.117493263448772,107000.0,100200.0,3200.0,306.6782858139481,3.5,2.783,2.71,4.19,1914605.2,4235818.7,2.9,116.38,116.38,2025-10-12 21:29:11,100600.0,100600.0,-0.0345489443378119,-0.059813084112149535,0.035785288270377746,0.003883369116766349,-0.02523868053162206,0.9793668,104604.64706196706,101570.12948860499,206250.0184059143
2025-10-02,286000.0,288000.0,277500.0,277500.0,301239,0.0,0.0,LG화학,051910.KS,-1.4209591474245165,279900.0,286650.0,285283.3333333333,44.6581428889672,-0.014311514393255922,284375.2544614711,284742.92545243097,-367.6709909598576,1461.3018397257185,-1828.9728306855761,286650.0,302253.9805987526,271046.0194012474,10.88713106488932,300000.0,274500.0,-14500.0,-12.12712908643484,3.5,2.783,2.71,4.19,1914605.2,4235818.7,2.9,116.38,116.38,2025-10-12 21:29:11,279000.0,279000.0,0.005405405405405406,0.0035971223021582736,-0.014209591474245165,0.007367501668430657,0.00796324660816239,-0.028403305,279544.4817129895,279709.8009337651,269618.08919906616
2025-10-02,255500.0,258000.0,250500.0,253000.0,2205648,0.0,0.0,NAVER,035420.KS,-0.5893909626719096,261400.0,240437.5,234487.5,58.42558473855114,-0.005911347263057237,249211.22356825526,240966.71223350102,8244.511334754236,5686.686566864509,2557.824767889727,240437.5,268985.64723457536,211889.35276542464,23.746834195643657,274500.0,227000.0,19500.0,118.7883554383844,3.5,2.783,2.71,4.19,1914605.2,4235818.7,2.9,116.38,116.38,2025-10-12 21:29:11,267500.0,267500.0,0.05731225296442688,0.17841409691629956,-0.005893909626719096,0.015563582958341836,-0.018611916447050927,-0.050132517,256937.58648846048,248291.1851388961,240316.47419929504
2025-10-02,275000.0,276500.0,272000.0,274500.0,397676,0.0,0.0,POSCO홀딩스,005490.KS,-0.181818181818183,275800.0,280200.0,296064.47291666665,38.965874883739154,-0.0018198367169859828,278260.84644384286,282413.66613711574,-4152.819693272875,-4074.528130875427,-78.29156239744816,280200.0,287522.6397311421,272877.3602688579,5.226723576832326,285000.0,274500.0,-9000.0,48.42624082664495,3.5,2.783,2.71,4.19,1914605.2,4235818.7,2.9,116.38,116.38,2025-10-12 21:29:11,263000.0,263000.0,-0.04189435336976321,-0.07394366197183098,-0.0018181818181818299,0.006290853458529484,-0.012067078681394856,-0.00646892,276226.8392743663,271187.5869019571,272724.2891192436
2025-10-10,94000.0,94500.0,92700.0,94400.0,35269748,0.0,0.0,삼성전자,005930.KS,5.181058495821733,87650.0,80407.5,72659.16666666667,82.76832078902592,0.050513045783066805,85054.8340795626,80165.72362988844,4889.110449674161,3920.234175155181,968.8762745189797,80407.5,94137.84576173722,66677.15423826278,34.15190314768453,94400.0,69500.0,14100.0,188.98351974570446,3.5,2.783,2.71,4.19,1914605.2,4235818.7,2.9,116.38,116.38,2025-10-12 21:29:11,94400.0,94400.0,0.05181058495821727,0.3466476462196862,0.05181058495821733,-0.003089119140440638,-0.02294539649240987,-0.17113459,94108.38715314241,92233.95457111651,78244.89459991455
2025-10-10,426000.0,439250.0,416500.0,428000.0,6835852,0.0,0.0,SK하이닉스,000660.KS,8.217446270543615,376000.0,339425.0,291646.91770833335,79.88969033246624,0.07897240837408823,362335.4788728204,333722.04691649345,28613.43195632694,22914.400837312096,5699.031119014842,339425.0,414184.45636366465,264665.54363633535,44.05064822194279,428000.0,273500.0,72500.0,658.4361380200378,3.5,2.783,2.71,4.19,1914605.2,4235818.7,2.9,116.38,116.38,2025-10-12 21:29:11,428000.0,428000.0,0.08217446270543616,0.6120527306967984,0.08217446270543616,-0.09976405349845419,-0.1689268503760632,0.36546433,385300.9851026616,355699.3080390449,584418.7331199646
2025-10-10,367500.0,367500.0,352500.0,359500.0,541859,0.0,0.0,LG에너지솔루션,373220.KS,-9.899749373433586,361000.0,352725.0,358916.6666666667,50.86869953591736,-0.1042472397287621,358544.115958015,357107.3516283645,1436.7643296505557,-1185.701840198485,2622.466169849041,352725.0,376987.7611567034,328462.2388432966,13.757324349962948,399000.0,340500.0,9000.0,-28.811881188118814,3.5,2.783,2.71,4.19,1914605.2,4235818.7,2.9,116.38,116.38,2025-10-12 21:29:11,359500.0,359500.0,-0.09899749373433583,0.024216524216524215,-0.09899749373433586,-0.05947177082553308,0.07147400168572755,0.004673796,338119.89838822087,385194.9036060191,361180.2449822426
2025-10-10,1016000.0,1022000.0,1009000.0,1014000.0,73825,0.0,0.0,삼성바이오로직스,207940.KS,0.0,1006600.0,1024500.0,1033933.3333333334,46.77744827411811,0.0,1015496.1703974205,1020664.2838060544,-5168.113408633857,-3516.0262232082614,-1652.0871854255956,1024500.0,1054154.1467766801,994845.8532233199,5.788998882709641,1046000.0,997000.0,-7000.0,174.0009663668205,3.5,2.783,2.71,4.19,1914605.2,4235818.7,2.9,116.38,116.38,2025-10-12 21:29:11,1014000.0,1014000.0,0.0,-0.0029498525073746312,0.0,-0.08177477572089087,-0.01095925770506566,-2.242238,931080.3774190167,1002887.3126870634,-1259629.3773651123
2025-10-10,219000.0,220250.0,216500.0,217000.0,779161,0.0,0.0,현대차,005380.KS,-1.3636363636363669,216500.0,217775.0,214967.42552083332,49.97990953134663,-0.01373019281190202,217069.60543971477,217056.43605037458,13.169389340182533,243.43209111762013,-230.2627017774376,217775.0,223081.1533296483,212468.8466703517,4.87306011217845,223500.0,214500.0,500.0,142.84020928881284,3.5,2.783,2.71,4.19,1914605.2,4235818.7,2.9,116.38,116.38,2025-10-12 21:29:11,217000.0,217000.0,-0.013636363636363636,-0.020316027088036117,-0.013636363636363669,0.001353053881914453,-0.008778282912458225,-0.016820239,217293.61269237543,215095.11260799656,213350.00532865524
2025-10-10,60500.0,62100.0,60400.0,62100.0,2984964,0.0,0.0,카카오,035720.KS,3.6727879799666185,60380.0,61680.0,60521.666666666664,51.840404927348246,0.03606948381802949,61354.301142744414,61520.97066336144,-166.66952061702614,121.2583627956073,-287.92788341263343,61680.0,66375.17109156116,56984.82890843883,15.224290180159421,66400.0,58500.0,-2600.0,206.06454489561767,3.5,2.783,2.71,4.19,1914605.2,4235818.7,2.9,116.38,116.38,2025-10-12 21:29:11,62100.0,62100.0,0.03672787979966611,0.06153846153846154,0.036727879799666185,0.005219486641603951,-0.01202817088191845,-0.11783803,62424.13012044361,61353.050588232865,54782.25864171982
2025-10-10,101100.0,102500.0,100600.0,100600.0,1354370,0.0,0.0,기아,000270.KS,-3.454894433781186,101360.0,102915.0,103151.66666666667,43.22220346859714,-0.03515987165362767,101973.72151808308,102702.52323179261,-728.8017137095303,-572.6376476911634,-156.16406601836695,102915.0,107408.86716595729,98421.13283404271,8.733162640931422,106600.0,100200.0,-1400.0,292.62798035396526,3.5,2.783,2.71,4.19,1914605.2,4235818.7,2.9,116.38,116.38,2025-10-12 21:29:11,100600.0,100600.0,-0.0345489443378119,-0.059813084112149535,-0.03454894433781186,0.008077197980056983,-0.01993174099018645,0.83296263,101412.56611679372,98594.86685638725,184396.04079723358
2025-10-10,282000.0,287500.0,277500.0,279000.0,288939,0.0,0.0,LG화학,051910.KS,0.540540540540535,279200.0,286700.0,285600.0,45.87333734392932,0.005390848634876373,283548.2922366294,284317.5235670657,-769.2313304363051,1015.1952056933139,-1784.426536129619,286700.0,302193.292266755,271206.707733245,10.808016928325786,300000.0,274500.0,-21000.0,-11.652140595010163,3.5,2.783,2.71,4.19,1914605.2,4235818.7,2.9,116.38,116.38,2025-10-12 21:29:11,279000.0,279000.0,0.005405405405405406,0.0035971223021582736,0.00540540540540535,0.002984203827768433,0.008878425357806233,-0.031404983,279832.5928679474,281477.080674828,270238.01279067993
2025-10-10,256500.0,275000.0,255500.0,267500.0,3490894,0.0,0.0,NAVER,035420.KS,5.731225296442677,263600.0,242462.5,234712.5,65.28054313601243,0.0557300776085409,252024.88148083136,242932.14095694537,9092.740523885994,6367.897358268806,2724.843165617188,242462.5,272693.3116610336,212231.6883389664,24.936484331419166,274500.0,228000.0,30750.0,131.32760901094,3.5,2.783,2.71,4.19,1914605.2,4235818.7,2.9,116.38,116.38,2025-10-12 21:29:11,267500.0,267500.0,0.05731225296442688,0.17841409691629956,0.05731225296442677,0.011612239986012313,-0.026185960689978114,-0.036475696,270606.2741962583,260495.25551543085,257742.74542927742
2025-10-10,265500.0,266000.0,258500.0,263000.0,471227,0.0,0.0,POSCO홀딩스,005490.KS,-4.189435336976322,273400.0,279150.0,295290.29010416666,29.72403384382973,-0.04279722877182078,275913.02391402086,280975.6167936257,-5062.592879604839,-4272.14108062131,-790.4517989835294,279150.0,289552.9348086056,268747.0651913944,7.453293790869127,285000.0,263000.0,-20500.0,42.208019444107904,3.5,2.783,2.71,4.19,1914605.2,4235818.7,2.9,116.38,116.38,2025-10-12 21:29:11,263000.0,263000.0,-0.04189435336976321,-0.07394366197183098,-0.041894353369763215,0.0023116720821125163,0.0059430967931198495,-0.0060744905,263607.9697575956,264563.0344565905,261402.40961313248
